{"spdxVersion":"SPDX-2.3","dataLicense":"CC0-1.0","SPDXID":"SPDXRef-DOCUMENT","name":"gum_0.16.0_Netbsd_i386.tar.gz","documentNamespace":"https://anchore.com/syft/file/gum_0.16.0_Netbsd_i386.tar.gz-a7477bbd-3451-4759-8e0b-96ad58db17ec","creationInfo":{"licenseListVersion":"3.25","creators":["Organization: Anchore, Inc","Tool: syft-1.19.0"],"created":"2025-03-11T19:57:11Z"},"packages":[{"name":"github.com/Masterminds/semver/v3","SPDXID":"SPDXRef-Package-go-module-github.com-Masterminds-semver-v3-580d9879766226d9","versionInfo":"v3.3.1","supplier":"NOASSERTION","downloadLocation":"NOASSERTION","filesAnalyzed":false,"checksums":[{"algorithm":"SHA256","checksumValue":"42d3525ad559de705f93c9803aefc1eafec5309f8d1d322050f8bbae3fb89efe"}],"sourceInfo":"acquired package info from go module information: gum_0.16.0_Netbsd_i386/gum","licenseConcluded":"NOASSERTION","licenseDeclared":"NOASSERTION","copyrightText":"NOASSERTION","externalRefs":[{"referenceCategory":"SECURITY","referenceType":"cpe23Type","referenceLocator":"cpe:2.3:a:Masterminds:semver\\/v3:v3.3.1:*:*:*:*:*:*:*"},{"referenceCategory":"PACKAGE-MANAGER","referenceType":"purl","referenceLocator":"pkg:golang/github.com/Masterminds/semver@v3.3.1#v3"}]},{"name":"github.com/alecthomas/chroma/v2","SPDXID":"SPDXRef-Package-go-module-github.com-alecthomas-chroma-v2-f38cc44094648b48","versionInfo":"v2.14.0","supplier":"NOASSERTION","downloadLocation":"NOASSERTION","filesAnalyzed":false,"checksums":[{"algorithm":"SHA256","checksumValue":"477fb0ce99d402b19c433edf0844d00733b99fd20c362d77888b38e9a53857d1"}],"sourceInfo":"acquired package info from go module information: gum_0.16.0_Netbsd_i386/gum","licenseConcluded":"NOASSERTION","licenseDeclared":"NOASSERTION","copyrightText":"NOASSERTION","externalRefs":[{"referenceCategory":"SECURITY","referenceType":"cpe23Type","referenceLocator":"cpe:2.3:a:alecthomas:chroma\\/v2:v2.14.0:*:*:*:*:*:*:*"},{"referenceCategory":"PACKAGE-MANAGER","referenceType":"purl","referenceLocator":"pkg:golang/github.com/alecthomas/chroma@v2.14.0#v2"}]},{"name":"github.com/alecthomas/kong","SPDXID":"SPDXRef-Package-go-module-github.com-alecthomas-kong-939f18909eb08ab2","versionInfo":"v1.8.1","supplier":"NOASSERTION","downloadLocation":"NOASSERTION","filesAnalyzed":false,"checksums":[{"algorithm":"SHA256","checksumValue":"e9a6a6bd6044fd112747f042ab5d04728ce672950f73968623594f016741d041"}],"sourceInfo":"acquired package info from go module information: gum_0.16.0_Netbsd_i386/gum","licenseConcluded":"NOASSERTION","licenseDeclared":"NOASSERTION","copyrightText":"NOASSERTION","externalRefs":[{"referenceCategory":"SECURITY","referenceType":"cpe23Type","referenceLocator":"cpe:2.3:a:alecthomas:kong:v1.8.1:*:*:*:*:*:*:*"},{"referenceCategory":"PACKAGE-MANAGER","referenceType":"purl","referenceLocator":"pkg:golang/github.com/alecthomas/kong@v1.8.1"}]},{"name":"github.com/alecthomas/mango-kong","SPDXID":"SPDXRef-Package-go-module-github.com-alecthomas-mango-kong-e0c2a5f42ccae873","versionInfo":"v0.1.0","supplier":"NOASSERTION","downloadLocation":"NOASSERTION","filesAnalyzed":false,"checksums":[{"algorithm":"SHA256","checksumValue":"88555f3f59352b8aa99a5dc9510983e48f0c09061f22fb03f6645daf0ee3242e"}],"sourceInfo":"acquired package info from go module information: gum_0.16.0_Netbsd_i386/gum","licenseConcluded":"NOASSERTION","licenseDeclared":"NOASSERTION","copyrightText":"NOASSERTION","externalRefs":[{"referenceCategory":"SECURITY","referenceType":"cpe23Type","referenceLocator":"cpe:2.3:a:alecthomas:mango-kong:v0.1.0:*:*:*:*:*:*:*"},{"referenceCategory":"SECURITY","referenceType":"cpe23Type","referenceLocator":"cpe:2.3:a:alecthomas:mango_kong:v0.1.0:*:*:*:*:*:*:*"},{"referenceCategory":"PACKAGE-MANAGER","referenceType":"purl","referenceLocator":"pkg:golang/github.com/alecthomas/mango-kong@v0.1.0"}]},{"name":"github.com/atotto/clipboard","SPDXID":"SPDXRef-Package-go-module-github.com-atotto-clipboard-5d9a8270a8f2d7ac","versionInfo":"v0.1.4","supplier":"NOASSERTION","downloadLocation":"NOASSERTION","filesAnalyzed":false,"checksums":[{"algorithm":"SHA256","checksumValue":"107d334959de64f4ae151d7506547d629a504d50db879fb5e8099c262e20d73e"}],"sourceInfo":"acquired package info from go module information: gum_0.16.0_Netbsd_i386/gum","licenseConcluded":"NOASSERTION","licenseDeclared":"NOASSERTION","copyrightText":"NOASSERTION","externalRefs":[{"referenceCategory":"SECURITY","referenceType":"cpe23Type","referenceLocator":"cpe:2.3:a:atotto:clipboard:v0.1.4:*:*:*:*:*:*:*"},{"referenceCategory":"PACKAGE-MANAGER","referenceType":"purl","referenceLocator":"pkg:golang/github.com/atotto/clipboard@v0.1.4"}]},{"name":"github.com/aymanbagabas/go-osc52/v2","SPDXID":"SPDXRef-Package-go-module-github.com-aymanbagabas-go-osc52-v2-9b07ed221d0908f2","versionInfo":"v2.0.1","supplier":"NOASSERTION","downloadLocation":"NOASSERTION","filesAnalyzed":false,"checksums":[{"algorithm":"SHA256","checksumValue":"1f0a511db14c7192c456be360f8a7b5c1aa3caec501f948c884ac34f85a42769"}],"sourceInfo":"acquired package info from go module information: gum_0.16.0_Netbsd_i386/gum","licenseConcluded":"NOASSERTION","licenseDeclared":"NOASSERTION","copyrightText":"NOASSERTION","externalRefs":[{"referenceCategory":"SECURITY","referenceType":"cpe23Type","referenceLocator":"cpe:2.3:a:aymanbagabas:go-osc52\\/v2:v2.0.1:*:*:*:*:*:*:*"},{"referenceCategory":"SECURITY","referenceType":"cpe23Type","referenceLocator":"cpe:2.3:a:aymanbagabas:go_osc52\\/v2:v2.0.1:*:*:*:*:*:*:*"},{"referenceCategory":"PACKAGE-MANAGER","referenceType":"purl","referenceLocator":"pkg:golang/github.com/aymanbagabas/go-osc52@v2.0.1#v2"}]},{"name":"github.com/aymerick/douceur","SPDXID":"SPDXRef-Package-go-module-github.com-aymerick-douceur-f83e6bf7fea2bb94","versionInfo":"v0.2.0","supplier":"NOASSERTION","downloadLocation":"NOASSERTION","filesAnalyzed":false,"checksums":[{"algorithm":"SHA256","checksumValue":"32ffa601e1f543e9fd16bfa8c9a98e94091434f58f940f0f3c6474400698b8f9"}],"sourceInfo":"acquired package info from go module information: gum_0.16.0_Netbsd_i386/gum","licenseConcluded":"NOASSERTION","licenseDeclared":"NOASSERTION","copyrightText":"NOASSERTION","externalRefs":[{"referenceCategory":"SECURITY","referenceType":"cpe23Type","referenceLocator":"cpe:2.3:a:aymerick:douceur:v0.2.0:*:*:*:*:*:*:*"},{"referenceCategory":"PACKAGE-MANAGER","referenceType":"purl","referenceLocator":"pkg:golang/github.com/aymerick/douceur@v0.2.0"}]},{"name":"github.com/charmbracelet/bubbles","SPDXID":"SPDXRef-Package-go-module-github.com-charmbracelet-bubbles-a242fa53db62eb2d","versionInfo":"v0.20.0","supplier":"NOASSERTION","downloadLocation":"NOASSERTION","filesAnalyzed":false,"checksums":[{"algorithm":"SHA256","checksumValue":"8d266eeaa0fc71143a93d38c7d1d5694cfabb8cf1f90f5a41ef4160fd2c8bad1"}],"sourceInfo":"acquired package info from go module information: gum_0.16.0_Netbsd_i386/gum","licenseConcluded":"NOASSERTION","licenseDeclared":"NOASSERTION","copyrightText":"NOASSERTION","externalRefs":[{"referenceCategory":"SECURITY","referenceType":"cpe23Type","referenceLocator":"cpe:2.3:a:charmbracelet:bubbles:v0.20.0:*:*:*:*:*:*:*"},{"referenceCategory":"PACKAGE-MANAGER","referenceType":"purl","referenceLocator":"pkg:golang/github.com/charmbracelet/bubbles@v0.20.0"}]},{"name":"github.com/charmbracelet/bubbletea","SPDXID":"SPDXRef-Package-go-module-github.com-charmbracelet-bubbletea-072ac03f2adb8089","versionInfo":"v1.3.4","supplier":"NOASSERTION","downloadLocation":"NOASSERTION","filesAnalyzed":false,"checksums":[{"algorithm":"SHA256","checksumValue":"90283b07e8d20853cb611039d920d98ebe75906fdf3141283e866b91a0c7ca82"}],"sourceInfo":"acquired package info from go module information: gum_0.16.0_Netbsd_i386/gum","licenseConcluded":"NOASSERTION","licenseDeclared":"NOASSERTION","copyrightText":"NOASSERTION","externalRefs":[{"referenceCategory":"SECURITY","referenceType":"cpe23Type","referenceLocator":"cpe:2.3:a:charmbracelet:bubbletea:v1.3.4:*:*:*:*:*:*:*"},{"referenceCategory":"PACKAGE-MANAGER","referenceType":"purl","referenceLocator":"pkg:golang/github.com/charmbracelet/bubbletea@v1.3.4"}]},{"name":"github.com/charmbracelet/glamour","SPDXID":"SPDXRef-Package-go-module-github.com-charmbracelet-glamour-417bfaefd652e934","versionInfo":"v0.8.0","supplier":"NOASSERTION","downloadLocation":"NOASSERTION","filesAnalyzed":false,"checksums":[{"algorithm":"SHA256","checksumValue":"b4fae32f76917106e7fbeeedd7cc0ea602f297cc2b3875040d2ec867af10b59b"}],"sourceInfo":"acquired package info from go module information: gum_0.16.0_Netbsd_i386/gum","licenseConcluded":"NOASSERTION","licenseDeclared":"NOASSERTION","copyrightText":"NOASSERTION","externalRefs":[{"referenceCategory":"SECURITY","referenceType":"cpe23Type","referenceLocator":"cpe:2.3:a:charmbracelet:glamour:v0.8.0:*:*:*:*:*:*:*"},{"referenceCategory":"PACKAGE-MANAGER","referenceType":"purl","referenceLocator":"pkg:golang/github.com/charmbracelet/glamour@v0.8.0"}]},{"name":"github.com/charmbracelet/gum","SPDXID":"SPDXRef-Package-go-module-github.com-charmbracelet-gum-aaf9eec0ff2a6326","versionInfo":"v0.16.0","supplier":"NOASSERTION","downloadLocation":"NOASSERTION","filesAnalyzed":false,"checksums":[{"algorithm":"SHA256","checksumValue":"dd0bb4b15091ed2b30b79f0e60a93ad7e17e125baba44effb04b93958a71c550"}],"sourceInfo":"acquired package info from go module information: gum_0.16.0_Netbsd_i386/gum","licenseConcluded":"NOASSERTION","licenseDeclared":"NOASSERTION","copyrightText":"NOASSERTION","externalRefs":[{"referenceCategory":"SECURITY","referenceType":"cpe23Type","referenceLocator":"cpe:2.3:a:charmbracelet:gum:v0.16.0:*:*:*:*:*:*:*"},{"referenceCategory":"PACKAGE-MANAGER","referenceType":"purl","referenceLocator":"pkg:golang/github.com/charmbracelet/gum@v0.16.0"}]},{"name":"github.com/charmbracelet/lipgloss","SPDXID":"SPDXRef-Package-go-module-github.com-charmbracelet-lipgloss-9d7dd7f3d89f6fb1","versionInfo":"v1.0.1-0.20250110214317-ecc1bd014d51","supplier":"NOASSERTION","downloadLocation":"NOASSERTION","filesAnalyzed":false,"checksums":[{"algorithm":"SHA256","checksumValue":"7fed26124868ad736205a1dbe15f70c9ddfae0e1ff685ee677b6678244bed605"}],"sourceInfo":"acquired package info from go module information: gum_0.16.0_Netbsd_i386/gum","licenseConcluded":"NOASSERTION","licenseDeclared":"NOASSERTION","copyrightText":"NOASSERTION","externalRefs":[{"referenceCategory":"SECURITY","referenceType":"cpe23Type","referenceLocator":"cpe:2.3:a:charmbracelet:lipgloss:v1.0.1-0.20250110214317-ecc1bd014d51:*:*:*:*:*:*:*"},{"referenceCategory":"PACKAGE-MANAGER","referenceType":"purl","referenceLocator":"pkg:golang/github.com/charmbracelet/lipgloss@v1.0.1-0.20250110214317-ecc1bd014d51"}]},{"name":"github.com/charmbracelet/log","SPDXID":"SPDXRef-Package-go-module-github.com-charmbracelet-log-9ac33f097fe2e00a","versionInfo":"v0.4.0","supplier":"NOASSERTION","downloadLocation":"NOASSERTION","filesAnalyzed":false,"checksums":[{"algorithm":"SHA256","checksumValue":"1bd6d001cc7cad60364f7a56bf1ed8b4f4cfc20aa993b0faf015f6d48456f193"}],"sourceInfo":"acquired package info from go module information: gum_0.16.0_Netbsd_i386/gum","licenseConcluded":"NOASSERTION","licenseDeclared":"NOASSERTION","copyrightText":"NOASSERTION","externalRefs":[{"referenceCategory":"SECURITY","referenceType":"cpe23Type","referenceLocator":"cpe:2.3:a:charmbracelet:log:v0.4.0:*:*:*:*:*:*:*"},{"referenceCategory":"PACKAGE-MANAGER","referenceType":"purl","referenceLocator":"pkg:golang/github.com/charmbracelet/log@v0.4.0"}]},{"name":"github.com/charmbracelet/x/ansi","SPDXID":"SPDXRef-Package-go-module-github.com-charmbracelet-x-ansi-549569742fbb3021","versionInfo":"v0.8.0","supplier":"NOASSERTION","downloadLocation":"NOASSERTION","filesAnalyzed":false,"checksums":[{"algorithm":"SHA256","checksumValue":"f464eadf1abd71a256f19ac14ded0b21ed9fbdf2d1fdb617293c769655e7ef11"}],"sourceInfo":"acquired package info from go module information: gum_0.16.0_Netbsd_i386/gum","licenseConcluded":"NOASSERTION","licenseDeclared":"NOASSERTION","copyrightText":"NOASSERTION","externalRefs":[{"referenceCategory":"SECURITY","referenceType":"cpe23Type","referenceLocator":"cpe:2.3:a:charmbracelet:x\\/ansi:v0.8.0:*:*:*:*:*:*:*"},{"referenceCategory":"PACKAGE-MANAGER","referenceType":"purl","referenceLocator":"pkg:golang/github.com/charmbracelet/x@v0.8.0#ansi"}]},{"name":"github.com/charmbracelet/x/conpty","SPDXID":"SPDXRef-Package-go-module-github.com-charmbracelet-x-conpty-e4a2db3fab92caae","versionInfo":"v0.1.0","supplier":"NOASSERTION","downloadLocation":"NOASSERTION","filesAnalyzed":false,"checksums":[{"algorithm":"SHA256","checksumValue":"e3373c29a21c6e22f89a084438df03ef66a062d49e220abc1524e148f4086fe5"}],"sourceInfo":"acquired package info from go module information: gum_0.16.0_Netbsd_i386/gum","licenseConcluded":"NOASSERTION","licenseDeclared":"NOASSERTION","copyrightText":"NOASSERTION","externalRefs":[{"referenceCategory":"SECURITY","referenceType":"cpe23Type","referenceLocator":"cpe:2.3:a:charmbracelet:x\\/conpty:v0.1.0:*:*:*:*:*:*:*"},{"referenceCategory":"PACKAGE-MANAGER","referenceType":"purl","referenceLocator":"pkg:golang/github.com/charmbracelet/x@v0.1.0#conpty"}]},{"name":"github.com/charmbracelet/x/editor","SPDXID":"SPDXRef-Package-go-module-github.com-charmbracelet-x-editor-203acbe7303a39ef","versionInfo":"v0.1.0","supplier":"NOASSERTION","downloadLocation":"NOASSERTION","filesAnalyzed":false,"checksums":[{"algorithm":"SHA256","checksumValue":"a7af7f769be5c114ecf6e6223de016aeec2c1ea4c5cc7853bd039dfd65525fdf"}],"sourceInfo":"acquired package info from go module information: gum_0.16.0_Netbsd_i386/gum","licenseConcluded":"NOASSERTION","licenseDeclared":"NOASSERTION","copyrightText":"NOASSERTION","externalRefs":[{"referenceCategory":"SECURITY","referenceType":"cpe23Type","referenceLocator":"cpe:2.3:a:charmbracelet:x\\/editor:v0.1.0:*:*:*:*:*:*:*"},{"referenceCategory":"PACKAGE-MANAGER","referenceType":"purl","referenceLocator":"pkg:golang/github.com/charmbracelet/x@v0.1.0#editor"}]},{"name":"github.com/charmbracelet/x/term","SPDXID":"SPDXRef-Package-go-module-github.com-charmbracelet-x-term-29a5ada0e1675713","versionInfo":"v0.2.1","supplier":"NOASSERTION","downloadLocation":"NOASSERTION","filesAnalyzed":false,"checksums":[{"algorithm":"SHA256","checksumValue":"01078778b6753aa49786b016a5852d6725f54f7cd5c5fa59b8440c2106862004"}],"sourceInfo":"acquired package info from go module information: gum_0.16.0_Netbsd_i386/gum","licenseConcluded":"NOASSERTION","licenseDeclared":"NOASSERTION","copyrightText":"NOASSERTION","externalRefs":[{"referenceCategory":"SECURITY","referenceType":"cpe23Type","referenceLocator":"cpe:2.3:a:charmbracelet:x\\/term:v0.2.1:*:*:*:*:*:*:*"},{"referenceCategory":"PACKAGE-MANAGER","referenceType":"purl","referenceLocator":"pkg:golang/github.com/charmbracelet/x@v0.2.1#term"}]},{"name":"github.com/charmbracelet/x/termios","SPDXID":"SPDXRef-Package-go-module-github.com-charmbracelet-x-termios-6e3665e0ad73a5ff","versionInfo":"v0.1.1","supplier":"NOASSERTION","downloadLocation":"NOASSERTION","filesAnalyzed":false,"checksums":[{"algorithm":"SHA256","checksumValue":"a374366d3f1eab31a718f39885ea184bc78495e4f9655358372f096b08da3596"}],"sourceInfo":"acquired package info from go module information: gum_0.16.0_Netbsd_i386/gum","licenseConcluded":"NOASSERTION","licenseDeclared":"NOASSERTION","copyrightText":"NOASSERTION","externalRefs":[{"referenceCategory":"SECURITY","referenceType":"cpe23Type","referenceLocator":"cpe:2.3:a:charmbracelet:x\\/termios:v0.1.1:*:*:*:*:*:*:*"},{"referenceCategory":"PACKAGE-MANAGER","referenceType":"purl","referenceLocator":"pkg:golang/github.com/charmbracelet/x@v0.1.1#termios"}]},{"name":"github.com/charmbracelet/x/xpty","SPDXID":"SPDXRef-Package-go-module-github.com-charmbracelet-x-xpty-adf70a341a16b1fa","versionInfo":"v0.1.2","supplier":"NOASSERTION","downloadLocation":"NOASSERTION","filesAnalyzed":false,"checksums":[{"algorithm":"SHA256","checksumValue":"3ea9aee13109f0a780f6e4a421228c5377fe0b517a386067f0006e1a5a826ed2"}],"sourceInfo":"acquired package info from go module information: gum_0.16.0_Netbsd_i386/gum","licenseConcluded":"NOASSERTION","licenseDeclared":"NOASSERTION","copyrightText":"NOASSERTION","externalRefs":[{"referenceCategory":"SECURITY","referenceType":"cpe23Type","referenceLocator":"cpe:2.3:a:charmbracelet:x\\/xpty:v0.1.2:*:*:*:*:*:*:*"},{"referenceCategory":"PACKAGE-MANAGER","referenceType":"purl","referenceLocator":"pkg:golang/github.com/charmbracelet/x@v0.1.2#xpty"}]},{"name":"github.com/creack/pty","SPDXID":"SPDXRef-Package-go-module-github.com-creack-pty-49265933fd1e8a61","versionInfo":"v1.1.24","supplier":"NOASSERTION","downloadLocation":"NOASSERTION","filesAnalyzed":false,"checksums":[{"algorithm":"SHA256","checksumValue":"6c9ac5e1145fc899db4c9ab344b1f37066992b535e3399130bd8c6828be7475b"}],"sourceInfo":"acquired package info from go module information: gum_0.16.0_Netbsd_i386/gum","licenseConcluded":"NOASSERTION","licenseDeclared":"NOASSERTION","copyrightText":"NOASSERTION","externalRefs":[{"referenceCategory":"SECURITY","referenceType":"cpe23Type","referenceLocator":"cpe:2.3:a:creack:pty:v1.1.24:*:*:*:*:*:*:*"},{"referenceCategory":"PACKAGE-MANAGER","referenceType":"purl","referenceLocator":"pkg:golang/github.com/creack/pty@v1.1.24"}]},{"name":"github.com/dlclark/regexp2","SPDXID":"SPDXRef-Package-go-module-github.com-dlclark-regexp2-15f0650956e6cffb","versionInfo":"v1.11.0","supplier":"NOASSERTION","downloadLocation":"NOASSERTION","filesAnalyzed":false,"checksums":[{"algorithm":"SHA256","checksumValue":"1bf9eb72839aed95e5a686bff753775fb98cdebf1e22530104966fb33fe6c4a2"}],"sourceInfo":"acquired package info from go module information: gum_0.16.0_Netbsd_i386/gum","licenseConcluded":"NOASSERTION","licenseDeclared":"NOASSERTION","copyrightText":"NOASSERTION","externalRefs":[{"referenceCategory":"SECURITY","referenceType":"cpe23Type","referenceLocator":"cpe:2.3:a:dlclark:regexp2:v1.11.0:*:*:*:*:*:*:*"},{"referenceCategory":"PACKAGE-MANAGER","referenceType":"purl","referenceLocator":"pkg:golang/github.com/dlclark/regexp2@v1.11.0"}]},{"name":"github.com/dustin/go-humanize","SPDXID":"SPDXRef-Package-go-module-github.com-dustin-go-humanize-ec0c03ade2aa34d3","versionInfo":"v1.0.1","supplier":"NOASSERTION","downloadLocation":"NOASSERTION","filesAnalyzed":false,"checksums":[{"algorithm":"SHA256","checksumValue":"1b392163b4f954d8449301f43d52608f3f9f5f5ae106b47ba514f79839297826"}],"sourceInfo":"acquired package info from go module information: gum_0.16.0_Netbsd_i386/gum","licenseConcluded":"NOASSERTION","licenseDeclared":"NOASSERTION","copyrightText":"NOASSERTION","externalRefs":[{"referenceCategory":"SECURITY","referenceType":"cpe23Type","referenceLocator":"cpe:2.3:a:dustin:go-humanize:v1.0.1:*:*:*:*:*:*:*"},{"referenceCategory":"SECURITY","referenceType":"cpe23Type","referenceLocator":"cpe:2.3:a:dustin:go_humanize:v1.0.1:*:*:*:*:*:*:*"},{"referenceCategory":"PACKAGE-MANAGER","referenceType":"purl","referenceLocator":"pkg:golang/github.com/dustin/go-humanize@v1.0.1"}]},{"name":"github.com/go-logfmt/logfmt","SPDXID":"SPDXRef-Package-go-module-github.com-go-logfmt-logfmt-9e82fc4de39b1c09","versionInfo":"v0.6.0","supplier":"NOASSERTION","downloadLocation":"NOASSERTION","filesAnalyzed":false,"checksums":[{"algorithm":"SHA256","checksumValue":"c06618bb7ba271876a5d582861bbe792b3d55e4b8b335a7589fba00cc11d462e"}],"sourceInfo":"acquired package info from go module information: gum_0.16.0_Netbsd_i386/gum","licenseConcluded":"NOASSERTION","licenseDeclared":"NOASSERTION","copyrightText":"NOASSERTION","externalRefs":[{"referenceCategory":"SECURITY","referenceType":"cpe23Type","referenceLocator":"cpe:2.3:a:go-logfmt:logfmt:v0.6.0:*:*:*:*:*:*:*"},{"referenceCategory":"SECURITY","referenceType":"cpe23Type","referenceLocator":"cpe:2.3:a:go_logfmt:logfmt:v0.6.0:*:*:*:*:*:*:*"},{"referenceCategory":"SECURITY","referenceType":"cpe23Type","referenceLocator":"cpe:2.3:a:go:logfmt:v0.6.0:*:*:*:*:*:*:*"},{"referenceCategory":"PACKAGE-MANAGER","referenceType":"purl","referenceLocator":"pkg:golang/github.com/go-logfmt/logfmt@v0.6.0"}]},{"name":"github.com/gorilla/css","SPDXID":"SPDXRef-Package-go-module-github.com-gorilla-css-eaf30148492e9c97","versionInfo":"v1.0.1","supplier":"NOASSERTION","downloadLocation":"NOASSERTION","filesAnalyzed":false,"checksums":[{"algorithm":"SHA256","checksumValue":"9ed35a048821a7a266bd69f16d92803682f2b974cf678700325a3a4728656cef"}],"sourceInfo":"acquired package info from go module information: gum_0.16.0_Netbsd_i386/gum","licenseConcluded":"NOASSERTION","licenseDeclared":"NOASSERTION","copyrightText":"NOASSERTION","externalRefs":[{"referenceCategory":"SECURITY","referenceType":"cpe23Type","referenceLocator":"cpe:2.3:a:gorilla:css:v1.0.1:*:*:*:*:*:*:*"},{"referenceCategory":"PACKAGE-MANAGER","referenceType":"purl","referenceLocator":"pkg:golang/github.com/gorilla/css@v1.0.1"}]},{"name":"github.com/lucasb-eyer/go-colorful","SPDXID":"SPDXRef-Package-go-module-github.com-lucasb-eyer-go-colorful-3b8c3c3fdec1142c","versionInfo":"v1.2.0","supplier":"NOASSERTION","downloadLocation":"NOASSERTION","filesAnalyzed":false,"checksums":[{"algorithm":"SHA256","checksumValue":"d679e918eae1c9966e3727eed508ca89420243be3edc534237af408fa2bb9e46"}],"sourceInfo":"acquired package info from go module information: gum_0.16.0_Netbsd_i386/gum","licenseConcluded":"NOASSERTION","licenseDeclared":"NOASSERTION","copyrightText":"NOASSERTION","externalRefs":[{"referenceCategory":"SECURITY","referenceType":"cpe23Type","referenceLocator":"cpe:2.3:a:lucasb-eyer:go-colorful:v1.2.0:*:*:*:*:*:*:*"},{"referenceCategory":"SECURITY","referenceType":"cpe23Type","referenceLocator":"cpe:2.3:a:lucasb-eyer:go_colorful:v1.2.0:*:*:*:*:*:*:*"},{"referenceCategory":"SECURITY","referenceType":"cpe23Type","referenceLocator":"cpe:2.3:a:lucasb_eyer:go-colorful:v1.2.0:*:*:*:*:*:*:*"},{"referenceCategory":"SECURITY","referenceType":"cpe23Type","referenceLocator":"cpe:2.3:a:lucasb_eyer:go_colorful:v1.2.0:*:*:*:*:*:*:*"},{"referenceCategory":"SECURITY","referenceType":"cpe23Type","referenceLocator":"cpe:2.3:a:lucasb:go-colorful:v1.2.0:*:*:*:*:*:*:*"},{"referenceCategory":"SECURITY","referenceType":"cpe23Type","referenceLocator":"cpe:2.3:a:lucasb:go_colorful:v1.2.0:*:*:*:*:*:*:*"},{"referenceCategory":"PACKAGE-MANAGER","referenceType":"purl","referenceLocator":"pkg:golang/github.com/lucasb-eyer/go-colorful@v1.2.0"}]},{"name":"github.com/mattn/go-isatty","SPDXID":"SPDXRef-Package-go-module-github.com-mattn-go-isatty-fe24a4be4ca6fda5","versionInfo":"v0.0.20","supplier":"NOASSERTION","downloadLocation":"NOASSERTION","filesAnalyzed":false,"checksums":[{"algorithm":"SHA256","checksumValue":"c5f0f4883b842a70e4974deae258a607ebc7f86c4b12d2ff8dbe315494965846"}],"sourceInfo":"acquired package info from go module information: gum_0.16.0_Netbsd_i386/gum","licenseConcluded":"NOASSERTION","licenseDeclared":"NOASSERTION","copyrightText":"NOASSERTION","externalRefs":[{"referenceCategory":"SECURITY","referenceType":"cpe23Type","referenceLocator":"cpe:2.3:a:mattn:go-isatty:v0.0.20:*:*:*:*:*:*:*"},{"referenceCategory":"SECURITY","referenceType":"cpe23Type","referenceLocator":"cpe:2.3:a:mattn:go_isatty:v0.0.20:*:*:*:*:*:*:*"},{"referenceCategory":"PACKAGE-MANAGER","referenceType":"purl","referenceLocator":"pkg:golang/github.com/mattn/go-isatty@v0.0.20"}]},{"name":"github.com/mattn/go-runewidth","SPDXID":"SPDXRef-Package-go-module-github.com-mattn-go-runewidth-97ced91978da073c","versionInfo":"v0.0.16","supplier":"NOASSERTION","downloadLocation":"NOASSERTION","filesAnalyzed":false,"checksums":[{"algorithm":"SHA256","checksumValue":"13949c34cb62c2f96f079a5a305770f69e24490cdb5c58a42794903ba4d42d07"}],"sourceInfo":"acquired package info from go module information: gum_0.16.0_Netbsd_i386/gum","licenseConcluded":"NOASSERTION","licenseDeclared":"NOASSERTION","copyrightText":"NOASSERTION","externalRefs":[{"referenceCategory":"SECURITY","referenceType":"cpe23Type","referenceLocator":"cpe:2.3:a:mattn:go-runewidth:v0.0.16:*:*:*:*:*:*:*"},{"referenceCategory":"SECURITY","referenceType":"cpe23Type","referenceLocator":"cpe:2.3:a:mattn:go_runewidth:v0.0.16:*:*:*:*:*:*:*"},{"referenceCategory":"PACKAGE-MANAGER","referenceType":"purl","referenceLocator":"pkg:golang/github.com/mattn/go-runewidth@v0.0.16"}]},{"name":"github.com/microcosm-cc/bluemonday","SPDXID":"SPDXRef-Package-go-module-github.com-microcosm-cc-bluemonday-63ce0ccfefa5a266","versionInfo":"v1.0.27","supplier":"NOASSERTION","downloadLocation":"NOASSERTION","filesAnalyzed":false,"checksums":[{"algorithm":"SHA256","checksumValue":"329114a2d9259300922de1fe41dc7554980da8b969636297c1714cd3cca065f9"}],"sourceInfo":"acquired package info from go module information: gum_0.16.0_Netbsd_i386/gum","licenseConcluded":"NOASSERTION","licenseDeclared":"NOASSERTION","copyrightText":"NOASSERTION","externalRefs":[{"referenceCategory":"SECURITY","referenceType":"cpe23Type","referenceLocator":"cpe:2.3:a:microcosm-cc:bluemonday:v1.0.27:*:*:*:*:*:*:*"},{"referenceCategory":"SECURITY","referenceType":"cpe23Type","referenceLocator":"cpe:2.3:a:microcosm_cc:bluemonday:v1.0.27:*:*:*:*:*:*:*"},{"referenceCategory":"SECURITY","referenceType":"cpe23Type","referenceLocator":"cpe:2.3:a:microcosm:bluemonday:v1.0.27:*:*:*:*:*:*:*"},{"referenceCategory":"PACKAGE-MANAGER","referenceType":"purl","referenceLocator":"pkg:golang/github.com/microcosm-cc/bluemonday@v1.0.27"}]},{"name":"github.com/muesli/ansi","SPDXID":"SPDXRef-Package-go-module-github.com-muesli-ansi-cba182618b5b4c78","versionInfo":"v0.0.0-20230316100256-276c6243b2f6","supplier":"NOASSERTION","downloadLocation":"NOASSERTION","filesAnalyzed":false,"checksums":[{"algorithm":"SHA256","checksumValue":"64af331ed4473a46c7cba326af90f6eb88b2a774e25f93a635c2397080118902"}],"sourceInfo":"acquired package info from go module information: gum_0.16.0_Netbsd_i386/gum","licenseConcluded":"NOASSERTION","licenseDeclared":"NOASSERTION","copyrightText":"NOASSERTION","externalRefs":[{"referenceCategory":"SECURITY","referenceType":"cpe23Type","referenceLocator":"cpe:2.3:a:muesli:ansi:v0.0.0-20230316100256-276c6243b2f6:*:*:*:*:*:*:*"},{"referenceCategory":"PACKAGE-MANAGER","referenceType":"purl","referenceLocator":"pkg:golang/github.com/muesli/ansi@v0.0.0-20230316100256-276c6243b2f6"}]},{"name":"github.com/muesli/cancelreader","SPDXID":"SPDXRef-Package-go-module-github.com-muesli-cancelreader-b154f041e6ff9970","versionInfo":"v0.2.2","supplier":"NOASSERTION","downloadLocation":"NOASSERTION","filesAnalyzed":false,"checksums":[{"algorithm":"SHA256","checksumValue":"dc8e0ab780508ce479e0d6afaa70e8831fcc22858115ad12b4f03c10b5171e60"}],"sourceInfo":"acquired package info from go module information: gum_0.16.0_Netbsd_i386/gum","licenseConcluded":"NOASSERTION","licenseDeclared":"NOASSERTION","copyrightText":"NOASSERTION","externalRefs":[{"referenceCategory":"SECURITY","referenceType":"cpe23Type","referenceLocator":"cpe:2.3:a:muesli:cancelreader:v0.2.2:*:*:*:*:*:*:*"},{"referenceCategory":"PACKAGE-MANAGER","referenceType":"purl","referenceLocator":"pkg:golang/github.com/muesli/cancelreader@v0.2.2"}]},{"name":"github.com/muesli/mango","SPDXID":"SPDXRef-Package-go-module-github.com-muesli-mango-2781d3823149e9b4","versionInfo":"v0.2.0","supplier":"NOASSERTION","downloadLocation":"NOASSERTION","filesAnalyzed":false,"checksums":[{"algorithm":"SHA256","checksumValue":"88d35cd1ce552d0e9fb0c800a864287c1c8d5011f64369c46c3e93688fb9cb24"}],"sourceInfo":"acquired package info from go module information: gum_0.16.0_Netbsd_i386/gum","licenseConcluded":"NOASSERTION","licenseDeclared":"NOASSERTION","copyrightText":"NOASSERTION","externalRefs":[{"referenceCategory":"SECURITY","referenceType":"cpe23Type","referenceLocator":"cpe:2.3:a:muesli:mango:v0.2.0:*:*:*:*:*:*:*"},{"referenceCategory":"PACKAGE-MANAGER","referenceType":"purl","referenceLocator":"pkg:golang/github.com/muesli/mango@v0.2.0"}]},{"name":"github.com/muesli/reflow","SPDXID":"SPDXRef-Package-go-module-github.com-muesli-reflow-79600bfa0e5068c4","versionInfo":"v0.3.0","supplier":"NOASSERTION","downloadLocation":"NOASSERTION","filesAnalyzed":false,"checksums":[{"algorithm":"SHA256","checksumValue":"205b0de8af4d7c6b637a08053feebc2387212d9576c882ac5c914d67e79687ab"}],"sourceInfo":"acquired package info from go module information: gum_0.16.0_Netbsd_i386/gum","licenseConcluded":"NOASSERTION","licenseDeclared":"NOASSERTION","copyrightText":"NOASSERTION","externalRefs":[{"referenceCategory":"SECURITY","referenceType":"cpe23Type","referenceLocator":"cpe:2.3:a:muesli:reflow:v0.3.0:*:*:*:*:*:*:*"},{"referenceCategory":"PACKAGE-MANAGER","referenceType":"purl","referenceLocator":"pkg:golang/github.com/muesli/reflow@v0.3.0"}]},{"name":"github.com/muesli/roff","SPDXID":"SPDXRef-Package-go-module-github.com-muesli-roff-56a30852d0dfa4d0","versionInfo":"v0.1.0","supplier":"NOASSERTION","downloadLocation":"NOASSERTION","filesAnalyzed":false,"checksums":[{"algorithm":"SHA256","checksumValue":"603d256a50a8b6662e1791e166588a5a5231ec81218977927eaee136316a185f"}],"sourceInfo":"acquired package info from go module information: gum_0.16.0_Netbsd_i386/gum","licenseConcluded":"NOASSERTION","licenseDeclared":"NOASSERTION","copyrightText":"NOASSERTION","externalRefs":[{"referenceCategory":"SECURITY","referenceType":"cpe23Type","referenceLocator":"cpe:2.3:a:muesli:roff:v0.1.0:*:*:*:*:*:*:*"},{"referenceCategory":"PACKAGE-MANAGER","referenceType":"purl","referenceLocator":"pkg:golang/github.com/muesli/roff@v0.1.0"}]},{"name":"github.com/muesli/termenv","SPDXID":"SPDXRef-Package-go-module-github.com-muesli-termenv-6c5a2b0a0583660d","versionInfo":"v0.16.0","supplier":"NOASSERTION","downloadLocation":"NOASSERTION","filesAnalyzed":false,"checksums":[{"algorithm":"SHA256","checksumValue":"4b902550df5d10d079eebb1b9e43f27dd1ae5889649b32636c57f44dfe455947"}],"sourceInfo":"acquired package info from go module information: gum_0.16.0_Netbsd_i386/gum","licenseConcluded":"NOASSERTION","licenseDeclared":"NOASSERTION","copyrightText":"NOASSERTION","externalRefs":[{"referenceCategory":"SECURITY","referenceType":"cpe23Type","referenceLocator":"cpe:2.3:a:muesli:termenv:v0.16.0:*:*:*:*:*:*:*"},{"referenceCategory":"PACKAGE-MANAGER","referenceType":"purl","referenceLocator":"pkg:golang/github.com/muesli/termenv@v0.16.0"}]},{"name":"github.com/rivo/uniseg","SPDXID":"SPDXRef-Package-go-module-github.com-rivo-uniseg-d93d0d9ecb2c5dbd","versionInfo":"v0.4.7","supplier":"NOASSERTION","downloadLocation":"NOASSERTION","filesAnalyzed":false,"checksums":[{"algorithm":"SHA256","checksumValue":"59476f916f2e121ad87cb0b8673769236cedc4fd48e7cdbee3d39ce4cabae154"}],"sourceInfo":"acquired package info from go module information: gum_0.16.0_Netbsd_i386/gum","licenseConcluded":"NOASSERTION","licenseDeclared":"NOASSERTION","copyrightText":"NOASSERTION","externalRefs":[{"referenceCategory":"SECURITY","referenceType":"cpe23Type","referenceLocator":"cpe:2.3:a:rivo:uniseg:v0.4.7:*:*:*:*:*:*:*"},{"referenceCategory":"PACKAGE-MANAGER","referenceType":"purl","referenceLocator":"pkg:golang/github.com/rivo/uniseg@v0.4.7"}]},{"name":"github.com/sahilm/fuzzy","SPDXID":"SPDXRef-Package-go-module-github.com-sahilm-fuzzy-c75adced2e90b170","versionInfo":"v0.1.1","supplier":"NOASSERTION","downloadLocation":"NOASSERTION","filesAnalyzed":false,"checksums":[{"algorithm":"SHA256","checksumValue":"71ebb944717c0c68288befdd4793ec1028c20c7d411371679a9a3b6955ce7510"}],"sourceInfo":"acquired package info from go module information: gum_0.16.0_Netbsd_i386/gum","licenseConcluded":"NOASSERTION","licenseDeclared":"NOASSERTION","copyrightText":"NOASSERTION","externalRefs":[{"referenceCategory":"SECURITY","referenceType":"cpe23Type","referenceLocator":"cpe:2.3:a:sahilm:fuzzy:v0.1.1:*:*:*:*:*:*:*"},{"referenceCategory":"PACKAGE-MANAGER","referenceType":"purl","referenceLocator":"pkg:golang/github.com/sahilm/fuzzy@v0.1.1"}]},{"name":"github.com/yuin/goldmark","SPDXID":"SPDXRef-Package-go-module-github.com-yuin-goldmark-85c04718f1df97bf","versionInfo":"v1.7.4","supplier":"NOASSERTION","downloadLocation":"NOASSERTION","filesAnalyzed":false,"checksums":[{"algorithm":"SHA256","checksumValue":"0435ce1c4c6df80ee0c0f08980f208abb10dbdc791ef07bbace4bd4cda0b65e8"}],"sourceInfo":"acquired package info from go module information: gum_0.16.0_Netbsd_i386/gum","licenseConcluded":"NOASSERTION","licenseDeclared":"NOASSERTION","copyrightText":"NOASSERTION","externalRefs":[{"referenceCategory":"SECURITY","referenceType":"cpe23Type","referenceLocator":"cpe:2.3:a:yuin:goldmark:v1.7.4:*:*:*:*:*:*:*"},{"referenceCategory":"PACKAGE-MANAGER","referenceType":"purl","referenceLocator":"pkg:golang/github.com/yuin/goldmark@v1.7.4"}]},{"name":"github.com/yuin/goldmark-emoji","SPDXID":"SPDXRef-Package-go-module-github.com-yuin-goldmark-emoji-6ef37ed51d5f82c5","versionInfo":"v1.0.4","supplier":"NOASSERTION","downloadLocation":"NOASSERTION","filesAnalyzed":false,"checksums":[{"algorithm":"SHA256","checksumValue":"bc2c0c90f65235e7d2527396d992915230520f93a4dd6efc217846c7100417dd"}],"sourceInfo":"acquired package info from go module information: gum_0.16.0_Netbsd_i386/gum","licenseConcluded":"NOASSERTION","licenseDeclared":"NOASSERTION","copyrightText":"NOASSERTION","externalRefs":[{"referenceCategory":"SECURITY","referenceType":"cpe23Type","referenceLocator":"cpe:2.3:a:yuin:goldmark-emoji:v1.0.4:*:*:*:*:*:*:*"},{"referenceCategory":"SECURITY","referenceType":"cpe23Type","referenceLocator":"cpe:2.3:a:yuin:goldmark_emoji:v1.0.4:*:*:*:*:*:*:*"},{"referenceCategory":"PACKAGE-MANAGER","referenceType":"purl","referenceLocator":"pkg:golang/github.com/yuin/goldmark-emoji@v1.0.4"}]},{"name":"golang.org/x/net","SPDXID":"SPDXRef-Package-go-module-golang.org-x-net-e9908169313fc6d5","versionInfo":"v0.33.0","supplier":"NOASSERTION","downloadLocation":"NOASSERTION","filesAnalyzed":false,"checksums":[{"algorithm":"SHA256","checksumValue":"ef84981e557c0488072050bf2eb6243862302f5f5e4d85d0e7073a4c1b8edfa2"}],"sourceInfo":"acquired package info from go module information: gum_0.16.0_Netbsd_i386/gum","licenseConcluded":"NOASSERTION","licenseDeclared":"NOASSERTION","copyrightText":"NOASSERTION","externalRefs":[{"referenceCategory":"SECURITY","referenceType":"cpe23Type","referenceLocator":"cpe:2.3:a:golang:networking:v0.33.0:*:*:*:*:go:*:*"},{"referenceCategory":"PACKAGE-MANAGER","referenceType":"purl","referenceLocator":"pkg:golang/golang.org/x/net@v0.33.0"}]},{"name":"golang.org/x/sync","SPDXID":"SPDXRef-Package-go-module-golang.org-x-sync-0409e82fb254e907","versionInfo":"v0.12.0","supplier":"NOASSERTION","downloadLocation":"NOASSERTION","filesAnalyzed":false,"checksums":[{"algorithm":"SHA256","checksumValue":"3077390693ee0b7d2e264e7ded18bc4d5dc23597132eee81eb3e25272fa0e89c"}],"sourceInfo":"acquired package info from go module information: gum_0.16.0_Netbsd_i386/gum","licenseConcluded":"NOASSERTION","licenseDeclared":"NOASSERTION","copyrightText":"NOASSERTION","externalRefs":[{"referenceCategory":"SECURITY","referenceType":"cpe23Type","referenceLocator":"cpe:2.3:a:golang:x\\/sync:v0.12.0:*:*:*:*:*:*:*"},{"referenceCategory":"PACKAGE-MANAGER","referenceType":"purl","referenceLocator":"pkg:golang/golang.org/x/sync@v0.12.0"}]},{"name":"golang.org/x/sys","SPDXID":"SPDXRef-Package-go-module-golang.org-x-sys-16e60f50abc690cd","versionInfo":"v0.30.0","supplier":"NOASSERTION","downloadLocation":"NOASSERTION","filesAnalyzed":false,"checksums":[{"algorithm":"SHA256","checksumValue":"423912c0fff7e9adb48c5616912b9ed58c17ccb9ac57919fabb122cbbd82d6e7"}],"sourceInfo":"acquired package info from go module information: gum_0.16.0_Netbsd_i386/gum","licenseConcluded":"NOASSERTION","licenseDeclared":"NOASSERTION","copyrightText":"NOASSERTION","externalRefs":[{"referenceCategory":"SECURITY","referenceType":"cpe23Type","referenceLocator":"cpe:2.3:a:golang:x\\/sys:v0.30.0:*:*:*:*:*:*:*"},{"referenceCategory":"PACKAGE-MANAGER","referenceType":"purl","referenceLocator":"pkg:golang/golang.org/x/sys@v0.30.0"}]},{"name":"golang.org/x/term","SPDXID":"SPDXRef-Package-go-module-golang.org-x-term-a5011e8b099bad12","versionInfo":"v0.27.0","supplier":"NOASSERTION","downloadLocation":"NOASSERTION","filesAnalyzed":false,"checksums":[{"algorithm":"SHA256","checksumValue":"58feb44afd6794ad53e92ba90876d7cd268dd1bf70526b0fa114bd6fad40db74"}],"sourceInfo":"acquired package info from go module information: gum_0.16.0_Netbsd_i386/gum","licenseConcluded":"NOASSERTION","licenseDeclared":"NOASSERTION","copyrightText":"NOASSERTION","externalRefs":[{"referenceCategory":"SECURITY","referenceType":"cpe23Type","referenceLocator":"cpe:2.3:a:golang:x\\/term:v0.27.0:*:*:*:*:*:*:*"},{"referenceCategory":"PACKAGE-MANAGER","referenceType":"purl","referenceLocator":"pkg:golang/golang.org/x/term@v0.27.0"}]},{"name":"golang.org/x/text","SPDXID":"SPDXRef-Package-go-module-golang.org-x-text-00d355072f779e75","versionInfo":"v0.23.0","supplier":"NOASSERTION","downloadLocation":"NOASSERTION","filesAnalyzed":false,"checksums":[{"algorithm":"SHA256","checksumValue":"0fbd48edd52b958f955f48104a101384d187171675ddd18b04740b565d662656"}],"sourceInfo":"acquired package info from go module information: gum_0.16.0_Netbsd_i386/gum","licenseConcluded":"NOASSERTION","licenseDeclared":"NOASSERTION","copyrightText":"NOASSERTION","externalRefs":[{"referenceCategory":"SECURITY","referenceType":"cpe23Type","referenceLocator":"cpe:2.3:a:golang:text:v0.23.0:*:*:*:*:*:*:*"},{"referenceCategory":"PACKAGE-MANAGER","referenceType":"purl","referenceLocator":"pkg:golang/golang.org/x/text@v0.23.0"}]},{"name":"stdlib","SPDXID":"SPDXRef-Package-go-module-stdlib-8293c6148fbe731d","versionInfo":"go1.24.1","supplier":"NOASSERTION","downloadLocation":"NOASSERTION","filesAnalyzed":false,"sourceInfo":"acquired package info from go module information: gum_0.16.0_Netbsd_i386/gum","licenseConcluded":"NOASSERTION","licenseDeclared":"BSD-3-Clause","copyrightText":"NOASSERTION","externalRefs":[{"referenceCategory":"SECURITY","referenceType":"cpe23Type","referenceLocator":"cpe:2.3:a:golang:go:1.24.1:-:*:*:*:*:*:*"},{"referenceCategory":"PACKAGE-MANAGER","referenceType":"purl","referenceLocator":"pkg:golang/stdlib@1.24.1"}]},{"name":"gum_0.16.0_Netbsd_i386.tar.gz","SPDXID":"SPDXRef-DocumentRoot-File-gum-0.16.0-Netbsd-i386.tar.gz","versionInfo":"sha256:b1da30530a2292a2d17ae4900ca06777e9c64a3004dd3cf315d45897acecaae3","supplier":"NOASSERTION","downloadLocation":"NOASSERTION","filesAnalyzed":false,"checksums":[{"algorithm":"SHA256","checksumValue":"b1da30530a2292a2d17ae4900ca06777e9c64a3004dd3cf315d45897acecaae3"}],"licenseConcluded":"NOASSERTION","licenseDeclared":"NOASSERTION","copyrightText":"NOASSERTION","primaryPackagePurpose":"FILE"}],"files":[{"fileName":"gum_0.16.0_Netbsd_i386/gum","SPDXID":"SPDXRef-File-gum-0.16.0-Netbsd-i386-gum-0f36c21c3dedd9df","fileTypes":["APPLICATION","BINARY"],"checksums":[{"algorithm":"SHA1","checksumValue":"995d36af47e7f40c7678996a05d56e67302cf611"},{"algorithm":"SHA256","checksumValue":"e70db0e277adad3116299951bc97cbf89488a2255585e6c766da0b513a7b501c"}],"licenseConcluded":"NOASSERTION","licenseInfoInFiles":["NOASSERTION"],"copyrightText":"NOASSERTION"}],"relationships":[{"spdxElementId":"SPDXRef-Package-go-module-golang.org-x-text-00d355072f779e75","relatedSpdxElement":"SPDXRef-Package-go-module-github.com-charmbracelet-gum-aaf9eec0ff2a6326","relationshipType":"DEPENDENCY_OF"},{"spdxElementId":"SPDXRef-Package-go-module-golang.org-x-sync-0409e82fb254e907","relatedSpdxElement":"SPDXRef-Package-go-module-github.com-charmbracelet-gum-aaf9eec0ff2a6326","relationshipType":"DEPENDENCY_OF"},{"spdxElementId":"SPDXRef-Package-go-module-github.com-charmbracelet-bubbletea-072ac03f2adb8089","relatedSpdxElement":"SPDXRef-Package-go-module-github.com-charmbracelet-gum-aaf9eec0ff2a6326","relationshipType":"DEPENDENCY_OF"},{"spdxElementId":"SPDXRef-Package-go-module-github.com-dlclark-regexp2-15f0650956e6cffb","relatedSpdxElement":"SPDXRef-Package-go-module-github.com-charmbracelet-gum-aaf9eec0ff2a6326","relationshipType":"DEPENDENCY_OF"},{"spdxElementId":"SPDXRef-Package-go-module-golang.org-x-sys-16e60f50abc690cd","relatedSpdxElement":"SPDXRef-Package-go-module-github.com-charmbracelet-gum-aaf9eec0ff2a6326","relationshipType":"DEPENDENCY_OF"},{"spdxElementId":"SPDXRef-Package-go-module-github.com-charmbracelet-x-editor-203acbe7303a39ef","relatedSpdxElement":"SPDXRef-Package-go-module-github.com-charmbracelet-gum-aaf9eec0ff2a6326","relationshipType":"DEPENDENCY_OF"},{"spdxElementId":"SPDXRef-Package-go-module-github.com-muesli-mango-2781d3823149e9b4","relatedSpdxElement":"SPDXRef-Package-go-module-github.com-charmbracelet-gum-aaf9eec0ff2a6326","relationshipType":"DEPENDENCY_OF"},{"spdxElementId":"SPDXRef-Package-go-module-github.com-charmbracelet-x-term-29a5ada0e1675713","relatedSpdxElement":"SPDXRef-Package-go-module-github.com-charmbracelet-gum-aaf9eec0ff2a6326","relationshipType":"DEPENDENCY_OF"},{"spdxElementId":"SPDXRef-Package-go-module-github.com-lucasb-eyer-go-colorful-3b8c3c3fdec1142c","relatedSpdxElement":"SPDXRef-Package-go-module-github.com-charmbracelet-gum-aaf9eec0ff2a6326","relationshipType":"DEPENDENCY_OF"},{"spdxElementId":"SPDXRef-Package-go-module-github.com-charmbracelet-glamour-417bfaefd652e934","relatedSpdxElement":"SPDXRef-Package-go-module-github.com-charmbracelet-gum-aaf9eec0ff2a6326","relationshipType":"DEPENDENCY_OF"},{"spdxElementId":"SPDXRef-Package-go-module-github.com-creack-pty-49265933fd1e8a61","relatedSpdxElement":"SPDXRef-Package-go-module-github.com-charmbracelet-gum-aaf9eec0ff2a6326","relationshipType":"DEPENDENCY_OF"},{"spdxElementId":"SPDXRef-Package-go-module-github.com-charmbracelet-x-ansi-549569742fbb3021","relatedSpdxElement":"SPDXRef-Package-go-module-github.com-charmbracelet-gum-aaf9eec0ff2a6326","relationshipType":"DEPENDENCY_OF"},{"spdxElementId":"SPDXRef-Package-go-module-github.com-muesli-roff-56a30852d0dfa4d0","relatedSpdxElement":"SPDXRef-Package-go-module-github.com-charmbracelet-gum-aaf9eec0ff2a6326","relationshipType":"DEPENDENCY_OF"},{"spdxElementId":"SPDXRef-Package-go-module-github.com-Masterminds-semver-v3-580d9879766226d9","relatedSpdxElement":"SPDXRef-Package-go-module-github.com-charmbracelet-gum-aaf9eec0ff2a6326","relationshipType":"DEPENDENCY_OF"},{"spdxElementId":"SPDXRef-Package-go-module-github.com-atotto-clipboard-5d9a8270a8f2d7ac","relatedSpdxElement":"SPDXRef-Package-go-module-github.com-charmbracelet-gum-aaf9eec0ff2a6326","relationshipType":"DEPENDENCY_OF"},{"spdxElementId":"SPDXRef-Package-go-module-github.com-microcosm-cc-bluemonday-63ce0ccfefa5a266","relatedSpdxElement":"SPDXRef-Package-go-module-github.com-charmbracelet-gum-aaf9eec0ff2a6326","relationshipType":"DEPENDENCY_OF"},{"spdxElementId":"SPDXRef-Package-go-module-github.com-muesli-termenv-6c5a2b0a0583660d","relatedSpdxElement":"SPDXRef-Package-go-module-github.com-charmbracelet-gum-aaf9eec0ff2a6326","relationshipType":"DEPENDENCY_OF"},{"spdxElementId":"SPDXRef-Package-go-module-github.com-charmbracelet-x-termios-6e3665e0ad73a5ff","relatedSpdxElement":"SPDXRef-Package-go-module-github.com-charmbracelet-gum-aaf9eec0ff2a6326","relationshipType":"DEPENDENCY_OF"},{"spdxElementId":"SPDXRef-Package-go-module-github.com-yuin-goldmark-emoji-6ef37ed51d5f82c5","relatedSpdxElement":"SPDXRef-Package-go-module-github.com-charmbracelet-gum-aaf9eec0ff2a6326","relationshipType":"DEPENDENCY_OF"},{"spdxElementId":"SPDXRef-Package-go-module-github.com-muesli-reflow-79600bfa0e5068c4","relatedSpdxElement":"SPDXRef-Package-go-module-github.com-charmbracelet-gum-aaf9eec0ff2a6326","relationshipType":"DEPENDENCY_OF"},{"spdxElementId":"SPDXRef-Package-go-module-stdlib-8293c6148fbe731d","relatedSpdxElement":"SPDXRef-Package-go-module-github.com-charmbracelet-gum-aaf9eec0ff2a6326","relationshipType":"DEPENDENCY_OF"},{"spdxElementId":"SPDXRef-Package-go-module-github.com-yuin-goldmark-85c04718f1df97bf","relatedSpdxElement":"SPDXRef-Package-go-module-github.com-charmbracelet-gum-aaf9eec0ff2a6326","relationshipType":"DEPENDENCY_OF"},{"spdxElementId":"SPDXRef-Package-go-module-github.com-alecthomas-kong-939f18909eb08ab2","relatedSpdxElement":"SPDXRef-Package-go-module-github.com-charmbracelet-gum-aaf9eec0ff2a6326","relationshipType":"DEPENDENCY_OF"},{"spdxElementId":"SPDXRef-Package-go-module-github.com-mattn-go-runewidth-97ced91978da073c","relatedSpdxElement":"SPDXRef-Package-go-module-github.com-charmbracelet-gum-aaf9eec0ff2a6326","relationshipType":"DEPENDENCY_OF"},{"spdxElementId":"SPDXRef-Package-go-module-github.com-charmbracelet-log-9ac33f097fe2e00a","relatedSpdxElement":"SPDXRef-Package-go-module-github.com-charmbracelet-gum-aaf9eec0ff2a6326","relationshipType":"DEPENDENCY_OF"},{"spdxElementId":"SPDXRef-Package-go-module-github.com-aymanbagabas-go-osc52-v2-9b07ed221d0908f2","relatedSpdxElement":"SPDXRef-Package-go-module-github.com-charmbracelet-gum-aaf9eec0ff2a6326","relationshipType":"DEPENDENCY_OF"},{"spdxElementId":"SPDXRef-Package-go-module-github.com-charmbracelet-lipgloss-9d7dd7f3d89f6fb1","relatedSpdxElement":"SPDXRef-Package-go-module-github.com-charmbracelet-gum-aaf9eec0ff2a6326","relationshipType":"DEPENDENCY_OF"},{"spdxElementId":"SPDXRef-Package-go-module-github.com-go-logfmt-logfmt-9e82fc4de39b1c09","relatedSpdxElement":"SPDXRef-Package-go-module-github.com-charmbracelet-gum-aaf9eec0ff2a6326","relationshipType":"DEPENDENCY_OF"},{"spdxElementId":"SPDXRef-Package-go-module-github.com-charmbracelet-bubbles-a242fa53db62eb2d","relatedSpdxElement":"SPDXRef-Package-go-module-github.com-charmbracelet-gum-aaf9eec0ff2a6326","relationshipType":"DEPENDENCY_OF"},{"spdxElementId":"SPDXRef-Package-go-module-golang.org-x-term-a5011e8b099bad12","relatedSpdxElement":"SPDXRef-Package-go-module-github.com-charmbracelet-gum-aaf9eec0ff2a6326","relationshipType":"DEPENDENCY_OF"},{"spdxElementId":"SPDXRef-Package-go-module-github.com-charmbracelet-x-xpty-adf70a341a16b1fa","relatedSpdxElement":"SPDXRef-Package-go-module-github.com-charmbracelet-gum-aaf9eec0ff2a6326","relationshipType":"DEPENDENCY_OF"},{"spdxElementId":"SPDXRef-Package-go-module-github.com-muesli-cancelreader-b154f041e6ff9970","relatedSpdxElement":"SPDXRef-Package-go-module-github.com-charmbracelet-gum-aaf9eec0ff2a6326","relationshipType":"DEPENDENCY_OF"},{"spdxElementId":"SPDXRef-Package-go-module-github.com-sahilm-fuzzy-c75adced2e90b170","relatedSpdxElement":"SPDXRef-Package-go-module-github.com-charmbracelet-gum-aaf9eec0ff2a6326","relationshipType":"DEPENDENCY_OF"},{"spdxElementId":"SPDXRef-Package-go-module-github.com-muesli-ansi-cba182618b5b4c78","relatedSpdxElement":"SPDXRef-Package-go-module-github.com-charmbracelet-gum-aaf9eec0ff2a6326","relationshipType":"DEPENDENCY_OF"},{"spdxElementId":"SPDXRef-Package-go-module-github.com-rivo-uniseg-d93d0d9ecb2c5dbd","relatedSpdxElement":"SPDXRef-Package-go-module-github.com-charmbracelet-gum-aaf9eec0ff2a6326","relationshipType":"DEPENDENCY_OF"},{"spdxElementId":"SPDXRef-Package-go-module-github.com-alecthomas-mango-kong-e0c2a5f42ccae873","relatedSpdxElement":"SPDXRef-Package-go-module-github.com-charmbracelet-gum-aaf9eec0ff2a6326","relationshipType":"DEPENDENCY_OF"},{"spdxElementId":"SPDXRef-Package-go-module-github.com-charmbracelet-x-conpty-e4a2db3fab92caae","relatedSpdxElement":"SPDXRef-Package-go-module-github.com-charmbracelet-gum-aaf9eec0ff2a6326","relationshipType":"DEPENDENCY_OF"},{"spdxElementId":"SPDXRef-Package-go-module-golang.org-x-net-e9908169313fc6d5","relatedSpdxElement":"SPDXRef-Package-go-module-github.com-charmbracelet-gum-aaf9eec0ff2a6326","relationshipType":"DEPENDENCY_OF"},{"spdxElementId":"SPDXRef-Package-go-module-github.com-gorilla-css-eaf30148492e9c97","relatedSpdxElement":"SPDXRef-Package-go-module-github.com-charmbracelet-gum-aaf9eec0ff2a6326","relationshipType":"DEPENDENCY_OF"},{"spdxElementId":"SPDXRef-Package-go-module-github.com-dustin-go-humanize-ec0c03ade2aa34d3","relatedSpdxElement":"SPDXRef-Package-go-module-github.com-charmbracelet-gum-aaf9eec0ff2a6326","relationshipType":"DEPENDENCY_OF"},{"spdxElementId":"SPDXRef-Package-go-module-github.com-alecthomas-chroma-v2-f38cc44094648b48","relatedSpdxElement":"SPDXRef-Package-go-module-github.com-charmbracelet-gum-aaf9eec0ff2a6326","relationshipType":"DEPENDENCY_OF"},{"spdxElementId":"SPDXRef-Package-go-module-github.com-aymerick-douceur-f83e6bf7fea2bb94","relatedSpdxElement":"SPDXRef-Package-go-module-github.com-charmbracelet-gum-aaf9eec0ff2a6326","relationshipType":"DEPENDENCY_OF"},{"spdxElementId":"SPDXRef-Package-go-module-github.com-mattn-go-isatty-fe24a4be4ca6fda5","relatedSpdxElement":"SPDXRef-Package-go-module-github.com-charmbracelet-gum-aaf9eec0ff2a6326","relationshipType":"DEPENDENCY_OF"},{"spdxElementId":"SPDXRef-Package-go-module-golang.org-x-text-00d355072f779e75","relatedSpdxElement":"SPDXRef-File-gum-0.16.0-Netbsd-i386-gum-0f36c21c3dedd9df","relationshipType":"OTHER","comment":"evident-by: indicates the package's existence is evident by the given file"},{"spdxElementId":"SPDXRef-Package-go-module-golang.org-x-sync-0409e82fb254e907","relatedSpdxElement":"SPDXRef-File-gum-0.16.0-Netbsd-i386-gum-0f36c21c3dedd9df","relationshipType":"OTHER","comment":"evident-by: indicates the package's existence is evident by the given file"},{"spdxElementId":"SPDXRef-Package-go-module-github.com-charmbracelet-bubbletea-072ac03f2adb8089","relatedSpdxElement":"SPDXRef-File-gum-0.16.0-Netbsd-i386-gum-0f36c21c3dedd9df","relationshipType":"OTHER","comment":"evident-by: indicates the package's existence is evident by the given file"},{"spdxElementId":"SPDXRef-Package-go-module-github.com-dlclark-regexp2-15f0650956e6cffb","relatedSpdxElement":"SPDXRef-File-gum-0.16.0-Netbsd-i386-gum-0f36c21c3dedd9df","relationshipType":"OTHER","comment":"evident-by: indicates the package's existence is evident by the given file"},{"spdxElementId":"SPDXRef-Package-go-module-golang.org-x-sys-16e60f50abc690cd","relatedSpdxElement":"SPDXRef-File-gum-0.16.0-Netbsd-i386-gum-0f36c21c3dedd9df","relationshipType":"OTHER","comment":"evident-by: indicates the package's existence is evident by the given file"},{"spdxElementId":"SPDXRef-Package-go-module-github.com-charmbracelet-x-editor-203acbe7303a39ef","relatedSpdxElement":"SPDXRef-File-gum-0.16.0-Netbsd-i386-gum-0f36c21c3dedd9df","relationshipType":"OTHER","comment":"evident-by: indicates the package's existence is evident by the given file"},{"spdxElementId":"SPDXRef-Package-go-module-github.com-muesli-mango-2781d3823149e9b4","relatedSpdxElement":"SPDXRef-File-gum-0.16.0-Netbsd-i386-gum-0f36c21c3dedd9df","relationshipType":"OTHER","comment":"evident-by: indicates the package's existence is evident by the given file"},{"spdxElementId":"SPDXRef-Package-go-module-github.com-charmbracelet-x-term-29a5ada0e1675713","relatedSpdxElement":"SPDXRef-File-gum-0.16.0-Netbsd-i386-gum-0f36c21c3dedd9df","relationshipType":"OTHER","comment":"evident-by: indicates the package's existence is evident by the given file"},{"spdxElementId":"SPDXRef-Package-go-module-github.com-lucasb-eyer-go-colorful-3b8c3c3fdec1142c","relatedSpdxElement":"SPDXRef-File-gum-0.16.0-Netbsd-i386-gum-0f36c21c3dedd9df","relationshipType":"OTHER","comment":"evident-by: indicates the package's existence is evident by the given file"},{"spdxElementId":"SPDXRef-Package-go-module-github.com-charmbracelet-glamour-417bfaefd652e934","relatedSpdxElement":"SPDXRef-File-gum-0.16.0-Netbsd-i386-gum-0f36c21c3dedd9df","relationshipType":"OTHER","comment":"evident-by: indicates the package's existence is evident by the given file"},{"spdxElementId":"SPDXRef-Package-go-module-github.com-creack-pty-49265933fd1e8a61","relatedSpdxElement":"SPDXRef-File-gum-0.16.0-Netbsd-i386-gum-0f36c21c3dedd9df","relationshipType":"OTHER","comment":"evident-by: indicates the package's existence is evident by the given file"},{"spdxElementId":"SPDXRef-Package-go-module-github.com-charmbracelet-x-ansi-549569742fbb3021","relatedSpdxElement":"SPDXRef-File-gum-0.16.0-Netbsd-i386-gum-0f36c21c3dedd9df","relationshipType":"OTHER","comment":"evident-by: indicates the package's existence is evident by the given file"},{"spdxElementId":"SPDXRef-Package-go-module-github.com-muesli-roff-56a30852d0dfa4d0","relatedSpdxElement":"SPDXRef-File-gum-0.16.0-Netbsd-i386-gum-0f36c21c3dedd9df","relationshipType":"OTHER","comment":"evident-by: indicates the package's existence is evident by the given file"},{"spdxElementId":"SPDXRef-Package-go-module-github.com-Masterminds-semver-v3-580d9879766226d9","relatedSpdxElement":"SPDXRef-File-gum-0.16.0-Netbsd-i386-gum-0f36c21c3dedd9df","relationshipType":"OTHER","comment":"evident-by: indicates the package's existence is evident by the given file"},{"spdxElementId":"SPDXRef-Package-go-module-github.com-atotto-clipboard-5d9a8270a8f2d7ac","relatedSpdxElement":"SPDXRef-File-gum-0.16.0-Netbsd-i386-gum-0f36c21c3dedd9df","relationshipType":"OTHER","comment":"evident-by: indicates the package's existence is evident by the given file"},{"spdxElementId":"SPDXRef-Package-go-module-github.com-microcosm-cc-bluemonday-63ce0ccfefa5a266","relatedSpdxElement":"SPDXRef-File-gum-0.16.0-Netbsd-i386-gum-0f36c21c3dedd9df","relationshipType":"OTHER","comment":"evident-by: indicates the package's existence is evident by the given file"},{"spdxElementId":"SPDXRef-Package-go-module-github.com-muesli-termenv-6c5a2b0a0583660d","relatedSpdxElement":"SPDXRef-File-gum-0.16.0-Netbsd-i386-gum-0f36c21c3dedd9df","relationshipType":"OTHER","comment":"evident-by: indicates the package's existence is evident by the given file"},{"spdxElementId":"SPDXRef-Package-go-module-github.com-charmbracelet-x-termios-6e3665e0ad73a5ff","relatedSpdxElement":"SPDXRef-File-gum-0.16.0-Netbsd-i386-gum-0f36c21c3dedd9df","relationshipType":"OTHER","comment":"evident-by: indicates the package's existence is evident by the given file"},{"spdxElementId":"SPDXRef-Package-go-module-github.com-yuin-goldmark-emoji-6ef37ed51d5f82c5","relatedSpdxElement":"SPDXRef-File-gum-0.16.0-Netbsd-i386-gum-0f36c21c3dedd9df","relationshipType":"OTHER","comment":"evident-by: indicates the package's existence is evident by the given file"},{"spdxElementId":"SPDXRef-Package-go-module-github.com-muesli-reflow-79600bfa0e5068c4","relatedSpdxElement":"SPDXRef-File-gum-0.16.0-Netbsd-i386-gum-0f36c21c3dedd9df","relationshipType":"OTHER","comment":"evident-by: indicates the package's existence is evident by the given file"},{"spdxElementId":"SPDXRef-Package-go-module-stdlib-8293c6148fbe731d","relatedSpdxElement":"SPDXRef-File-gum-0.16.0-Netbsd-i386-gum-0f36c21c3dedd9df","relationshipType":"OTHER","comment":"evident-by: indicates the package's existence is evident by the given file"},{"spdxElementId":"SPDXRef-Package-go-module-github.com-yuin-goldmark-85c04718f1df97bf","relatedSpdxElement":"SPDXRef-File-gum-0.16.0-Netbsd-i386-gum-0f36c21c3dedd9df","relationshipType":"OTHER","comment":"evident-by: indicates the package's existence is evident by the given file"},{"spdxElementId":"SPDXRef-Package-go-module-github.com-alecthomas-kong-939f18909eb08ab2","relatedSpdxElement":"SPDXRef-File-gum-0.16.0-Netbsd-i386-gum-0f36c21c3dedd9df","relationshipType":"OTHER","comment":"evident-by: indicates the package's existence is evident by the given file"},{"spdxElementId":"SPDXRef-Package-go-module-github.com-mattn-go-runewidth-97ced91978da073c","relatedSpdxElement":"SPDXRef-File-gum-0.16.0-Netbsd-i386-gum-0f36c21c3dedd9df","relationshipType":"OTHER","comment":"evident-by: indicates the package's existence is evident by the given file"},{"spdxElementId":"SPDXRef-Package-go-module-github.com-charmbracelet-log-9ac33f097fe2e00a","relatedSpdxElement":"SPDXRef-File-gum-0.16.0-Netbsd-i386-gum-0f36c21c3dedd9df","relationshipType":"OTHER","comment":"evident-by: indicates the package's existence is evident by the given file"},{"spdxElementId":"SPDXRef-Package-go-module-github.com-aymanbagabas-go-osc52-v2-9b07ed221d0908f2","relatedSpdxElement":"SPDXRef-File-gum-0.16.0-Netbsd-i386-gum-0f36c21c3dedd9df","relationshipType":"OTHER","comment":"evident-by: indicates the package's existence is evident by the given file"},{"spdxElementId":"SPDXRef-Package-go-module-github.com-charmbracelet-lipgloss-9d7dd7f3d89f6fb1","relatedSpdxElement":"SPDXRef-File-gum-0.16.0-Netbsd-i386-gum-0f36c21c3dedd9df","relationshipType":"OTHER","comment":"evident-by: indicates the package's existence is evident by the given file"},{"spdxElementId":"SPDXRef-Package-go-module-github.com-go-logfmt-logfmt-9e82fc4de39b1c09","relatedSpdxElement":"SPDXRef-File-gum-0.16.0-Netbsd-i386-gum-0f36c21c3dedd9df","relationshipType":"OTHER","comment":"evident-by: indicates the package's existence is evident by the given file"},{"spdxElementId":"SPDXRef-Package-go-module-github.com-charmbracelet-bubbles-a242fa53db62eb2d","relatedSpdxElement":"SPDXRef-File-gum-0.16.0-Netbsd-i386-gum-0f36c21c3dedd9df","relationshipType":"OTHER","comment":"evident-by: indicates the package's existence is evident by the given file"},{"spdxElementId":"SPDXRef-Package-go-module-golang.org-x-term-a5011e8b099bad12","relatedSpdxElement":"SPDXRef-File-gum-0.16.0-Netbsd-i386-gum-0f36c21c3dedd9df","relationshipType":"OTHER","comment":"evident-by: indicates the package's existence is evident by the given file"},{"spdxElementId":"SPDXRef-Package-go-module-github.com-charmbracelet-gum-aaf9eec0ff2a6326","relatedSpdxElement":"SPDXRef-File-gum-0.16.0-Netbsd-i386-gum-0f36c21c3dedd9df","relationshipType":"OTHER","comment":"evident-by: indicates the package's existence is evident by the given file"},{"spdxElementId":"SPDXRef-Package-go-module-github.com-charmbracelet-x-xpty-adf70a341a16b1fa","relatedSpdxElement":"SPDXRef-File-gum-0.16.0-Netbsd-i386-gum-0f36c21c3dedd9df","relationshipType":"OTHER","comment":"evident-by: indicates the package's existence is evident by the given file"},{"spdxElementId":"SPDXRef-Package-go-module-github.com-muesli-cancelreader-b154f041e6ff9970","relatedSpdxElement":"SPDXRef-File-gum-0.16.0-Netbsd-i386-gum-0f36c21c3dedd9df","relationshipType":"OTHER","comment":"evident-by: indicates the package's existence is evident by the given file"},{"spdxElementId":"SPDXRef-Package-go-module-github.com-sahilm-fuzzy-c75adced2e90b170","relatedSpdxElement":"SPDXRef-File-gum-0.16.0-Netbsd-i386-gum-0f36c21c3dedd9df","relationshipType":"OTHER","comment":"evident-by: indicates the package's existence is evident by the given file"},{"spdxElementId":"SPDXRef-Package-go-module-github.com-muesli-ansi-cba182618b5b4c78","relatedSpdxElement":"SPDXRef-File-gum-0.16.0-Netbsd-i386-gum-0f36c21c3dedd9df","relationshipType":"OTHER","comment":"evident-by: indicates the package's existence is evident by the given file"},{"spdxElementId":"SPDXRef-Package-go-module-github.com-rivo-uniseg-d93d0d9ecb2c5dbd","relatedSpdxElement":"SPDXRef-File-gum-0.16.0-Netbsd-i386-gum-0f36c21c3dedd9df","relationshipType":"OTHER","comment":"evident-by: indicates the package's existence is evident by the given file"},{"spdxElementId":"SPDXRef-Package-go-module-github.com-alecthomas-mango-kong-e0c2a5f42ccae873","relatedSpdxElement":"SPDXRef-File-gum-0.16.0-Netbsd-i386-gum-0f36c21c3dedd9df","relationshipType":"OTHER","comment":"evident-by: indicates the package's existence is evident by the given file"},{"spdxElementId":"SPDXRef-Package-go-module-github.com-charmbracelet-x-conpty-e4a2db3fab92caae","relatedSpdxElement":"SPDXRef-File-gum-0.16.0-Netbsd-i386-gum-0f36c21c3dedd9df","relationshipType":"OTHER","comment":"evident-by: indicates the package's existence is evident by the given file"},{"spdxElementId":"SPDXRef-Package-go-module-golang.org-x-net-e9908169313fc6d5","relatedSpdxElement":"SPDXRef-File-gum-0.16.0-Netbsd-i386-gum-0f36c21c3dedd9df","relationshipType":"OTHER","comment":"evident-by: indicates the package's existence is evident by the given file"},{"spdxElementId":"SPDXRef-Package-go-module-github.com-gorilla-css-eaf30148492e9c97","relatedSpdxElement":"SPDXRef-File-gum-0.16.0-Netbsd-i386-gum-0f36c21c3dedd9df","relationshipType":"OTHER","comment":"evident-by: indicates the package's existence is evident by the given file"},{"spdxElementId":"SPDXRef-Package-go-module-github.com-dustin-go-humanize-ec0c03ade2aa34d3","relatedSpdxElement":"SPDXRef-File-gum-0.16.0-Netbsd-i386-gum-0f36c21c3dedd9df","relationshipType":"OTHER","comment":"evident-by: indicates the package's existence is evident by the given file"},{"spdxElementId":"SPDXRef-Package-go-module-github.com-alecthomas-chroma-v2-f38cc44094648b48","relatedSpdxElement":"SPDXRef-File-gum-0.16.0-Netbsd-i386-gum-0f36c21c3dedd9df","relationshipType":"OTHER","comment":"evident-by: indicates the package's existence is evident by the given file"},{"spdxElementId":"SPDXRef-Package-go-module-github.com-aymerick-douceur-f83e6bf7fea2bb94","relatedSpdxElement":"SPDXRef-File-gum-0.16.0-Netbsd-i386-gum-0f36c21c3dedd9df","relationshipType":"OTHER","comment":"evident-by: indicates the package's existence is evident by the given file"},{"spdxElementId":"SPDXRef-Package-go-module-github.com-mattn-go-isatty-fe24a4be4ca6fda5","relatedSpdxElement":"SPDXRef-File-gum-0.16.0-Netbsd-i386-gum-0f36c21c3dedd9df","relationshipType":"OTHER","comment":"evident-by: indicates the package's existence is evident by the given file"},{"spdxElementId":"SPDXRef-DocumentRoot-File-gum-0.16.0-Netbsd-i386.tar.gz","relatedSpdxElement":"SPDXRef-Package-go-module-github.com-Masterminds-semver-v3-580d9879766226d9","relationshipType":"CONTAINS"},{"spdxElementId":"SPDXRef-DocumentRoot-File-gum-0.16.0-Netbsd-i386.tar.gz","relatedSpdxElement":"SPDXRef-Package-go-module-github.com-alecthomas-chroma-v2-f38cc44094648b48","relationshipType":"CONTAINS"},{"spdxElementId":"SPDXRef-DocumentRoot-File-gum-0.16.0-Netbsd-i386.tar.gz","relatedSpdxElement":"SPDXRef-Package-go-module-github.com-alecthomas-kong-939f18909eb08ab2","relationshipType":"CONTAINS"},{"spdxElementId":"SPDXRef-DocumentRoot-File-gum-0.16.0-Netbsd-i386.tar.gz","relatedSpdxElement":"SPDXRef-Package-go-module-github.com-alecthomas-mango-kong-e0c2a5f42ccae873","relationshipType":"CONTAINS"},{"spdxElementId":"SPDXRef-DocumentRoot-File-gum-0.16.0-Netbsd-i386.tar.gz","relatedSpdxElement":"SPDXRef-Package-go-module-github.com-atotto-clipboard-5d9a8270a8f2d7ac","relationshipType":"CONTAINS"},{"spdxElementId":"SPDXRef-DocumentRoot-File-gum-0.16.0-Netbsd-i386.tar.gz","relatedSpdxElement":"SPDXRef-Package-go-module-github.com-aymanbagabas-go-osc52-v2-9b07ed221d0908f2","relationshipType":"CONTAINS"},{"spdxElementId":"SPDXRef-DocumentRoot-File-gum-0.16.0-Netbsd-i386.tar.gz","relatedSpdxElement":"SPDXRef-Package-go-module-github.com-aymerick-douceur-f83e6bf7fea2bb94","relationshipType":"CONTAINS"},{"spdxElementId":"SPDXRef-DocumentRoot-File-gum-0.16.0-Netbsd-i386.tar.gz","relatedSpdxElement":"SPDXRef-Package-go-module-github.com-charmbracelet-bubbles-a242fa53db62eb2d","relationshipType":"CONTAINS"},{"spdxElementId":"SPDXRef-DocumentRoot-File-gum-0.16.0-Netbsd-i386.tar.gz","relatedSpdxElement":"SPDXRef-Package-go-module-github.com-charmbracelet-bubbletea-072ac03f2adb8089","relationshipType":"CONTAINS"},{"spdxElementId":"SPDXRef-DocumentRoot-File-gum-0.16.0-Netbsd-i386.tar.gz","relatedSpdxElement":"SPDXRef-Package-go-module-github.com-charmbracelet-glamour-417bfaefd652e934","relationshipType":"CONTAINS"},{"spdxElementId":"SPDXRef-DocumentRoot-File-gum-0.16.0-Netbsd-i386.tar.gz","relatedSpdxElement":"SPDXRef-Package-go-module-github.com-charmbracelet-gum-aaf9eec0ff2a6326","relationshipType":"CONTAINS"},{"spdxElementId":"SPDXRef-DocumentRoot-File-gum-0.16.0-Netbsd-i386.tar.gz","relatedSpdxElement":"SPDXRef-Package-go-module-github.com-charmbracelet-lipgloss-9d7dd7f3d89f6fb1","relationshipType":"CONTAINS"},{"spdxElementId":"SPDXRef-DocumentRoot-File-gum-0.16.0-Netbsd-i386.tar.gz","relatedSpdxElement":"SPDXRef-Package-go-module-github.com-charmbracelet-log-9ac33f097fe2e00a","relationshipType":"CONTAINS"},{"spdxElementId":"SPDXRef-DocumentRoot-File-gum-0.16.0-Netbsd-i386.tar.gz","relatedSpdxElement":"SPDXRef-Package-go-module-github.com-charmbracelet-x-ansi-549569742fbb3021","relationshipType":"CONTAINS"},{"spdxElementId":"SPDXRef-DocumentRoot-File-gum-0.16.0-Netbsd-i386.tar.gz","relatedSpdxElement":"SPDXRef-Package-go-module-github.com-charmbracelet-x-conpty-e4a2db3fab92caae","relationshipType":"CONTAINS"},{"spdxElementId":"SPDXRef-DocumentRoot-File-gum-0.16.0-Netbsd-i386.tar.gz","relatedSpdxElement":"SPDXRef-Package-go-module-github.com-charmbracelet-x-editor-203acbe7303a39ef","relationshipType":"CONTAINS"},{"spdxElementId":"SPDXRef-DocumentRoot-File-gum-0.16.0-Netbsd-i386.tar.gz","relatedSpdxElement":"SPDXRef-Package-go-module-github.com-charmbracelet-x-term-29a5ada0e1675713","relationshipType":"CONTAINS"},{"spdxElementId":"SPDXRef-DocumentRoot-File-gum-0.16.0-Netbsd-i386.tar.gz","relatedSpdxElement":"SPDXRef-Package-go-module-github.com-charmbracelet-x-termios-6e3665e0ad73a5ff","relationshipType":"CONTAINS"},{"spdxElementId":"SPDXRef-DocumentRoot-File-gum-0.16.0-Netbsd-i386.tar.gz","relatedSpdxElement":"SPDXRef-Package-go-module-github.com-charmbracelet-x-xpty-adf70a341a16b1fa","relationshipType":"CONTAINS"},{"spdxElementId":"SPDXRef-DocumentRoot-File-gum-0.16.0-Netbsd-i386.tar.gz","relatedSpdxElement":"SPDXRef-Package-go-module-github.com-creack-pty-49265933fd1e8a61","relationshipType":"CONTAINS"},{"spdxElementId":"SPDXRef-DocumentRoot-File-gum-0.16.0-Netbsd-i386.tar.gz","relatedSpdxElement":"SPDXRef-Package-go-module-github.com-dlclark-regexp2-15f0650956e6cffb","relationshipType":"CONTAINS"},{"spdxElementId":"SPDXRef-DocumentRoot-File-gum-0.16.0-Netbsd-i386.tar.gz","relatedSpdxElement":"SPDXRef-Package-go-module-github.com-dustin-go-humanize-ec0c03ade2aa34d3","relationshipType":"CONTAINS"},{"spdxElementId":"SPDXRef-DocumentRoot-File-gum-0.16.0-Netbsd-i386.tar.gz","relatedSpdxElement":"SPDXRef-Package-go-module-github.com-go-logfmt-logfmt-9e82fc4de39b1c09","relationshipType":"CONTAINS"},{"spdxElementId":"SPDXRef-DocumentRoot-File-gum-0.16.0-Netbsd-i386.tar.gz","relatedSpdxElement":"SPDXRef-Package-go-module-github.com-gorilla-css-eaf30148492e9c97","relationshipType":"CONTAINS"},{"spdxElementId":"SPDXRef-DocumentRoot-File-gum-0.16.0-Netbsd-i386.tar.gz","relatedSpdxElement":"SPDXRef-Package-go-module-github.com-lucasb-eyer-go-colorful-3b8c3c3fdec1142c","relationshipType":"CONTAINS"},{"spdxElementId":"SPDXRef-DocumentRoot-File-gum-0.16.0-Netbsd-i386.tar.gz","relatedSpdxElement":"SPDXRef-Package-go-module-github.com-mattn-go-isatty-fe24a4be4ca6fda5","relationshipType":"CONTAINS"},{"spdxElementId":"SPDXRef-DocumentRoot-File-gum-0.16.0-Netbsd-i386.tar.gz","relatedSpdxElement":"SPDXRef-Package-go-module-github.com-mattn-go-runewidth-97ced91978da073c","relationshipType":"CONTAINS"},{"spdxElementId":"SPDXRef-DocumentRoot-File-gum-0.16.0-Netbsd-i386.tar.gz","relatedSpdxElement":"SPDXRef-Package-go-module-github.com-microcosm-cc-bluemonday-63ce0ccfefa5a266","relationshipType":"CONTAINS"},{"spdxElementId":"SPDXRef-DocumentRoot-File-gum-0.16.0-Netbsd-i386.tar.gz","relatedSpdxElement":"SPDXRef-Package-go-module-github.com-muesli-ansi-cba182618b5b4c78","relationshipType":"CONTAINS"},{"spdxElementId":"SPDXRef-DocumentRoot-File-gum-0.16.0-Netbsd-i386.tar.gz","relatedSpdxElement":"SPDXRef-Package-go-module-github.com-muesli-cancelreader-b154f041e6ff9970","relationshipType":"CONTAINS"},{"spdxElementId":"SPDXRef-DocumentRoot-File-gum-0.16.0-Netbsd-i386.tar.gz","relatedSpdxElement":"SPDXRef-Package-go-module-github.com-muesli-mango-2781d3823149e9b4","relationshipType":"CONTAINS"},{"spdxElementId":"SPDXRef-DocumentRoot-File-gum-0.16.0-Netbsd-i386.tar.gz","relatedSpdxElement":"SPDXRef-Package-go-module-github.com-muesli-reflow-79600bfa0e5068c4","relationshipType":"CONTAINS"},{"spdxElementId":"SPDXRef-DocumentRoot-File-gum-0.16.0-Netbsd-i386.tar.gz","relatedSpdxElement":"SPDXRef-Package-go-module-github.com-muesli-roff-56a30852d0dfa4d0","relationshipType":"CONTAINS"},{"spdxElementId":"SPDXRef-DocumentRoot-File-gum-0.16.0-Netbsd-i386.tar.gz","relatedSpdxElement":"SPDXRef-Package-go-module-github.com-muesli-termenv-6c5a2b0a0583660d","relationshipType":"CONTAINS"},{"spdxElementId":"SPDXRef-DocumentRoot-File-gum-0.16.0-Netbsd-i386.tar.gz","relatedSpdxElement":"SPDXRef-Package-go-module-github.com-rivo-uniseg-d93d0d9ecb2c5dbd","relationshipType":"CONTAINS"},{"spdxElementId":"SPDXRef-DocumentRoot-File-gum-0.16.0-Netbsd-i386.tar.gz","relatedSpdxElement":"SPDXRef-Package-go-module-github.com-sahilm-fuzzy-c75adced2e90b170","relationshipType":"CONTAINS"},{"spdxElementId":"SPDXRef-DocumentRoot-File-gum-0.16.0-Netbsd-i386.tar.gz","relatedSpdxElement":"SPDXRef-Package-go-module-github.com-yuin-goldmark-85c04718f1df97bf","relationshipType":"CONTAINS"},{"spdxElementId":"SPDXRef-DocumentRoot-File-gum-0.16.0-Netbsd-i386.tar.gz","relatedSpdxElement":"SPDXRef-Package-go-module-github.com-yuin-goldmark-emoji-6ef37ed51d5f82c5","relationshipType":"CONTAINS"},{"spdxElementId":"SPDXRef-DocumentRoot-File-gum-0.16.0-Netbsd-i386.tar.gz","relatedSpdxElement":"SPDXRef-Package-go-module-golang.org-x-net-e9908169313fc6d5","relationshipType":"CONTAINS"},{"spdxElementId":"SPDXRef-DocumentRoot-File-gum-0.16.0-Netbsd-i386.tar.gz","relatedSpdxElement":"SPDXRef-Package-go-module-golang.org-x-sync-0409e82fb254e907","relationshipType":"CONTAINS"},{"spdxElementId":"SPDXRef-DocumentRoot-File-gum-0.16.0-Netbsd-i386.tar.gz","relatedSpdxElement":"SPDXRef-Package-go-module-golang.org-x-sys-16e60f50abc690cd","relationshipType":"CONTAINS"},{"spdxElementId":"SPDXRef-DocumentRoot-File-gum-0.16.0-Netbsd-i386.tar.gz","relatedSpdxElement":"SPDXRef-Package-go-module-golang.org-x-term-a5011e8b099bad12","relationshipType":"CONTAINS"},{"spdxElementId":"SPDXRef-DocumentRoot-File-gum-0.16.0-Netbsd-i386.tar.gz","relatedSpdxElement":"SPDXRef-Package-go-module-golang.org-x-text-00d355072f779e75","relationshipType":"CONTAINS"},{"spdxElementId":"SPDXRef-DocumentRoot-File-gum-0.16.0-Netbsd-i386.tar.gz","relatedSpdxElement":"SPDXRef-Package-go-module-stdlib-8293c6148fbe731d","relationshipType":"CONTAINS"},{"spdxElementId":"SPDXRef-DOCUMENT","relatedSpdxElement":"SPDXRef-DocumentRoot-File-gum-0.16.0-Netbsd-i386.tar.gz","relationshipType":"DESCRIBES"}]}
