{"spdxVersion":"SPDX-2.3","dataLicense":"CC0-1.0","SPDXID":"SPDXRef-DOCUMENT","name":"vhs_0.9.0_Linux_arm64.tar.gz","documentNamespace":"https://anchore.com/syft/file/vhs_0.9.0_Linux_arm64.tar.gz-f9f8dc41-1470-46b2-a790-57ab3e9109df","creationInfo":{"licenseListVersion":"3.25","creators":["Organization: Anchore, Inc","Tool: syft-1.18.1"],"created":"2025-01-15T18:27:55Z"},"packages":[{"name":"github.com/agnivade/levenshtein","SPDXID":"SPDXRef-Package-go-module-github.com-agnivade-levenshtein-d446ea566f9f71b3","versionInfo":"v1.2.0","supplier":"NOASSERTION","downloadLocation":"NOASSERTION","filesAnalyzed":false,"checksums":[{"algorithm":"SHA256","checksumValue":"53d2f820e4f46378b44c895420327bad553388a8bfccf6eb246685aed607dd26"}],"sourceInfo":"acquired package info from go module information: vhs_0.9.0_Linux_arm64/vhs","licenseConcluded":"NOASSERTION","licenseDeclared":"NOASSERTION","copyrightText":"NOASSERTION","externalRefs":[{"referenceCategory":"SECURITY","referenceType":"cpe23Type","referenceLocator":"cpe:2.3:a:agnivade:levenshtein:v1.2.0:*:*:*:*:*:*:*"},{"referenceCategory":"PACKAGE-MANAGER","referenceType":"purl","referenceLocator":"pkg:golang/github.com/agnivade/levenshtein@v1.2.0"}]},{"name":"github.com/alecthomas/chroma/v2","SPDXID":"SPDXRef-Package-go-module-github.com-alecthomas-chroma-v2-0cb3264d9acd3ead","versionInfo":"v2.14.0","supplier":"NOASSERTION","downloadLocation":"NOASSERTION","filesAnalyzed":false,"checksums":[{"algorithm":"SHA256","checksumValue":"477fb0ce99d402b19c433edf0844d00733b99fd20c362d77888b38e9a53857d1"}],"sourceInfo":"acquired package info from go module information: vhs_0.9.0_Linux_arm64/vhs","licenseConcluded":"NOASSERTION","licenseDeclared":"NOASSERTION","copyrightText":"NOASSERTION","externalRefs":[{"referenceCategory":"SECURITY","referenceType":"cpe23Type","referenceLocator":"cpe:2.3:a:alecthomas:chroma\\/v2:v2.14.0:*:*:*:*:*:*:*"},{"referenceCategory":"PACKAGE-MANAGER","referenceType":"purl","referenceLocator":"pkg:golang/github.com/alecthomas/chroma@v2.14.0#v2"}]},{"name":"github.com/anmitsu/go-shlex","SPDXID":"SPDXRef-Package-go-module-github.com-anmitsu-go-shlex-3d101526f43b5276","versionInfo":"v0.0.0-20200514113438-38f4b401e2be","supplier":"NOASSERTION","downloadLocation":"NOASSERTION","filesAnalyzed":false,"checksums":[{"algorithm":"SHA256","checksumValue":"f407938a53dc6408c214822672d15a3a39d321abe0f3bad6efcbd33e442a2c8f"}],"sourceInfo":"acquired package info from go module information: vhs_0.9.0_Linux_arm64/vhs","licenseConcluded":"NOASSERTION","licenseDeclared":"NOASSERTION","copyrightText":"NOASSERTION","externalRefs":[{"referenceCategory":"SECURITY","referenceType":"cpe23Type","referenceLocator":"cpe:2.3:a:anmitsu:go-shlex:v0.0.0-20200514113438-38f4b401e2be:*:*:*:*:*:*:*"},{"referenceCategory":"SECURITY","referenceType":"cpe23Type","referenceLocator":"cpe:2.3:a:anmitsu:go_shlex:v0.0.0-20200514113438-38f4b401e2be:*:*:*:*:*:*:*"},{"referenceCategory":"PACKAGE-MANAGER","referenceType":"purl","referenceLocator":"pkg:golang/github.com/anmitsu/go-shlex@v0.0.0-20200514113438-38f4b401e2be"}]},{"name":"github.com/atotto/clipboard","SPDXID":"SPDXRef-Package-go-module-github.com-atotto-clipboard-7deb246a3f8ade31","versionInfo":"v0.1.4","supplier":"NOASSERTION","downloadLocation":"NOASSERTION","filesAnalyzed":false,"checksums":[{"algorithm":"SHA256","checksumValue":"107d334959de64f4ae151d7506547d629a504d50db879fb5e8099c262e20d73e"}],"sourceInfo":"acquired package info from go module information: vhs_0.9.0_Linux_arm64/vhs","licenseConcluded":"NOASSERTION","licenseDeclared":"NOASSERTION","copyrightText":"NOASSERTION","externalRefs":[{"referenceCategory":"SECURITY","referenceType":"cpe23Type","referenceLocator":"cpe:2.3:a:atotto:clipboard:v0.1.4:*:*:*:*:*:*:*"},{"referenceCategory":"PACKAGE-MANAGER","referenceType":"purl","referenceLocator":"pkg:golang/github.com/atotto/clipboard@v0.1.4"}]},{"name":"github.com/aymanbagabas/go-osc52/v2","SPDXID":"SPDXRef-Package-go-module-github.com-aymanbagabas-go-osc52-v2-799eeba8313ec2ec","versionInfo":"v2.0.1","supplier":"NOASSERTION","downloadLocation":"NOASSERTION","filesAnalyzed":false,"checksums":[{"algorithm":"SHA256","checksumValue":"1f0a511db14c7192c456be360f8a7b5c1aa3caec501f948c884ac34f85a42769"}],"sourceInfo":"acquired package info from go module information: vhs_0.9.0_Linux_arm64/vhs","licenseConcluded":"NOASSERTION","licenseDeclared":"NOASSERTION","copyrightText":"NOASSERTION","externalRefs":[{"referenceCategory":"SECURITY","referenceType":"cpe23Type","referenceLocator":"cpe:2.3:a:aymanbagabas:go-osc52\\/v2:v2.0.1:*:*:*:*:*:*:*"},{"referenceCategory":"SECURITY","referenceType":"cpe23Type","referenceLocator":"cpe:2.3:a:aymanbagabas:go_osc52\\/v2:v2.0.1:*:*:*:*:*:*:*"},{"referenceCategory":"PACKAGE-MANAGER","referenceType":"purl","referenceLocator":"pkg:golang/github.com/aymanbagabas/go-osc52@v2.0.1#v2"}]},{"name":"github.com/aymerick/douceur","SPDXID":"SPDXRef-Package-go-module-github.com-aymerick-douceur-db2b6ff52b894d14","versionInfo":"v0.2.0","supplier":"NOASSERTION","downloadLocation":"NOASSERTION","filesAnalyzed":false,"checksums":[{"algorithm":"SHA256","checksumValue":"32ffa601e1f543e9fd16bfa8c9a98e94091434f58f940f0f3c6474400698b8f9"}],"sourceInfo":"acquired package info from go module information: vhs_0.9.0_Linux_arm64/vhs","licenseConcluded":"NOASSERTION","licenseDeclared":"NOASSERTION","copyrightText":"NOASSERTION","externalRefs":[{"referenceCategory":"SECURITY","referenceType":"cpe23Type","referenceLocator":"cpe:2.3:a:aymerick:douceur:v0.2.0:*:*:*:*:*:*:*"},{"referenceCategory":"PACKAGE-MANAGER","referenceType":"purl","referenceLocator":"pkg:golang/github.com/aymerick/douceur@v0.2.0"}]},{"name":"github.com/caarlos0/env/v11","SPDXID":"SPDXRef-Package-go-module-github.com-caarlos0-env-v11-b612b57b257a8c35","versionInfo":"v11.3.1","supplier":"NOASSERTION","downloadLocation":"NOASSERTION","filesAnalyzed":false,"checksums":[{"algorithm":"SHA256","checksumValue":"700acf582d79856984b7e81693b6018bb9445d35c2be96927428991365f99820"}],"sourceInfo":"acquired package info from go module information: vhs_0.9.0_Linux_arm64/vhs","licenseConcluded":"NOASSERTION","licenseDeclared":"NOASSERTION","copyrightText":"NOASSERTION","externalRefs":[{"referenceCategory":"SECURITY","referenceType":"cpe23Type","referenceLocator":"cpe:2.3:a:caarlos0:env\\/v11:v11.3.1:*:*:*:*:*:*:*"},{"referenceCategory":"PACKAGE-MANAGER","referenceType":"purl","referenceLocator":"pkg:golang/github.com/caarlos0/env@v11.3.1#v11"}]},{"name":"github.com/charmbracelet/bubbletea","SPDXID":"SPDXRef-Package-go-module-github.com-charmbracelet-bubbletea-1bcf9c99e1427e53","versionInfo":"v1.2.4","supplier":"NOASSERTION","downloadLocation":"NOASSERTION","filesAnalyzed":false,"checksums":[{"algorithm":"SHA256","checksumValue":"28df1a095880d1ea6cf5208e4e16f6fd73c895e6b700d24b524bf72a74113421"}],"sourceInfo":"acquired package info from go module information: vhs_0.9.0_Linux_arm64/vhs","licenseConcluded":"NOASSERTION","licenseDeclared":"NOASSERTION","copyrightText":"NOASSERTION","externalRefs":[{"referenceCategory":"SECURITY","referenceType":"cpe23Type","referenceLocator":"cpe:2.3:a:charmbracelet:bubbletea:v1.2.4:*:*:*:*:*:*:*"},{"referenceCategory":"PACKAGE-MANAGER","referenceType":"purl","referenceLocator":"pkg:golang/github.com/charmbracelet/bubbletea@v1.2.4"}]},{"name":"github.com/charmbracelet/glamour","SPDXID":"SPDXRef-Package-go-module-github.com-charmbracelet-glamour-34436be1ffb499b2","versionInfo":"v0.8.0","supplier":"NOASSERTION","downloadLocation":"NOASSERTION","filesAnalyzed":false,"checksums":[{"algorithm":"SHA256","checksumValue":"b4fae32f76917106e7fbeeedd7cc0ea602f297cc2b3875040d2ec867af10b59b"}],"sourceInfo":"acquired package info from go module information: vhs_0.9.0_Linux_arm64/vhs","licenseConcluded":"NOASSERTION","licenseDeclared":"NOASSERTION","copyrightText":"NOASSERTION","externalRefs":[{"referenceCategory":"SECURITY","referenceType":"cpe23Type","referenceLocator":"cpe:2.3:a:charmbracelet:glamour:v0.8.0:*:*:*:*:*:*:*"},{"referenceCategory":"PACKAGE-MANAGER","referenceType":"purl","referenceLocator":"pkg:golang/github.com/charmbracelet/glamour@v0.8.0"}]},{"name":"github.com/charmbracelet/keygen","SPDXID":"SPDXRef-Package-go-module-github.com-charmbracelet-keygen-527cd10428d1fdfd","versionInfo":"v0.5.1","supplier":"NOASSERTION","downloadLocation":"NOASSERTION","filesAnalyzed":false,"checksums":[{"algorithm":"SHA256","checksumValue":"cc192460fb66283553c3e73053263a670183851c57904a743b1b3db2a30bab12"}],"sourceInfo":"acquired package info from go module information: vhs_0.9.0_Linux_arm64/vhs","licenseConcluded":"NOASSERTION","licenseDeclared":"NOASSERTION","copyrightText":"NOASSERTION","externalRefs":[{"referenceCategory":"SECURITY","referenceType":"cpe23Type","referenceLocator":"cpe:2.3:a:charmbracelet:keygen:v0.5.1:*:*:*:*:*:*:*"},{"referenceCategory":"PACKAGE-MANAGER","referenceType":"purl","referenceLocator":"pkg:golang/github.com/charmbracelet/keygen@v0.5.1"}]},{"name":"github.com/charmbracelet/lipgloss","SPDXID":"SPDXRef-Package-go-module-github.com-charmbracelet-lipgloss-194e2bfcead38029","versionInfo":"v1.0.0","supplier":"NOASSERTION","downloadLocation":"NOASSERTION","filesAnalyzed":false,"checksums":[{"algorithm":"SHA256","checksumValue":"3bb564183bea11d1a2f775fe0deaac43b3ca1c382d41f17c8fcfcedaa14c40d8"}],"sourceInfo":"acquired package info from go module information: vhs_0.9.0_Linux_arm64/vhs","licenseConcluded":"NOASSERTION","licenseDeclared":"NOASSERTION","copyrightText":"NOASSERTION","externalRefs":[{"referenceCategory":"SECURITY","referenceType":"cpe23Type","referenceLocator":"cpe:2.3:a:charmbracelet:lipgloss:v1.0.0:*:*:*:*:*:*:*"},{"referenceCategory":"PACKAGE-MANAGER","referenceType":"purl","referenceLocator":"pkg:golang/github.com/charmbracelet/lipgloss@v1.0.0"}]},{"name":"github.com/charmbracelet/log","SPDXID":"SPDXRef-Package-go-module-github.com-charmbracelet-log-10537c21733266c7","versionInfo":"v0.4.0","supplier":"NOASSERTION","downloadLocation":"NOASSERTION","filesAnalyzed":false,"checksums":[{"algorithm":"SHA256","checksumValue":"1bd6d001cc7cad60364f7a56bf1ed8b4f4cfc20aa993b0faf015f6d48456f193"}],"sourceInfo":"acquired package info from go module information: vhs_0.9.0_Linux_arm64/vhs","licenseConcluded":"NOASSERTION","licenseDeclared":"NOASSERTION","copyrightText":"NOASSERTION","externalRefs":[{"referenceCategory":"SECURITY","referenceType":"cpe23Type","referenceLocator":"cpe:2.3:a:charmbracelet:log:v0.4.0:*:*:*:*:*:*:*"},{"referenceCategory":"PACKAGE-MANAGER","referenceType":"purl","referenceLocator":"pkg:golang/github.com/charmbracelet/log@v0.4.0"}]},{"name":"github.com/charmbracelet/ssh","SPDXID":"SPDXRef-Package-go-module-github.com-charmbracelet-ssh-950125b7f726f630","versionInfo":"v0.0.0-20241211182756-4fe22b0f1b7c","supplier":"NOASSERTION","downloadLocation":"NOASSERTION","filesAnalyzed":false,"checksums":[{"algorithm":"SHA256","checksumValue":"b6b790c4c05d2363da0f878e61f16ec7cb2d7c2914c61b94c5aa867312aa5692"}],"sourceInfo":"acquired package info from go module information: vhs_0.9.0_Linux_arm64/vhs","licenseConcluded":"NOASSERTION","licenseDeclared":"NOASSERTION","copyrightText":"NOASSERTION","externalRefs":[{"referenceCategory":"SECURITY","referenceType":"cpe23Type","referenceLocator":"cpe:2.3:a:charmbracelet:ssh:v0.0.0-20241211182756-4fe22b0f1b7c:*:*:*:*:*:*:*"},{"referenceCategory":"PACKAGE-MANAGER","referenceType":"purl","referenceLocator":"pkg:golang/github.com/charmbracelet/ssh@v0.0.0-20241211182756-4fe22b0f1b7c"}]},{"name":"github.com/charmbracelet/vhs","SPDXID":"SPDXRef-Package-go-module-github.com-charmbracelet-vhs-1e6507dbee6da70c","versionInfo":"v0.9.0","supplier":"NOASSERTION","downloadLocation":"NOASSERTION","filesAnalyzed":false,"checksums":[{"algorithm":"SHA256","checksumValue":"b3bf168d1f63bd370548b24a3e1a6683b7a1db8e8f9f0802a58608a7e977f5b3"}],"sourceInfo":"acquired package info from go module information: vhs_0.9.0_Linux_arm64/vhs","licenseConcluded":"NOASSERTION","licenseDeclared":"NOASSERTION","copyrightText":"NOASSERTION","externalRefs":[{"referenceCategory":"SECURITY","referenceType":"cpe23Type","referenceLocator":"cpe:2.3:a:charmbracelet:vhs:v0.9.0:*:*:*:*:*:*:*"},{"referenceCategory":"PACKAGE-MANAGER","referenceType":"purl","referenceLocator":"pkg:golang/github.com/charmbracelet/vhs@v0.9.0"}]},{"name":"github.com/charmbracelet/wish","SPDXID":"SPDXRef-Package-go-module-github.com-charmbracelet-wish-682eaac500d0b22b","versionInfo":"v1.4.4","supplier":"NOASSERTION","downloadLocation":"NOASSERTION","filesAnalyzed":false,"checksums":[{"algorithm":"SHA256","checksumValue":"c2d7e800c91ff036fdce2fbd2e67b67fb5ca3312fa06a7e00d66ea7135072da5"}],"sourceInfo":"acquired package info from go module information: vhs_0.9.0_Linux_arm64/vhs","licenseConcluded":"NOASSERTION","licenseDeclared":"NOASSERTION","copyrightText":"NOASSERTION","externalRefs":[{"referenceCategory":"SECURITY","referenceType":"cpe23Type","referenceLocator":"cpe:2.3:a:charmbracelet:wish:v1.4.4:*:*:*:*:*:*:*"},{"referenceCategory":"PACKAGE-MANAGER","referenceType":"purl","referenceLocator":"pkg:golang/github.com/charmbracelet/wish@v1.4.4"}]},{"name":"github.com/charmbracelet/x/ansi","SPDXID":"SPDXRef-Package-go-module-github.com-charmbracelet-x-ansi-ac67c4e87096626a","versionInfo":"v0.4.5","supplier":"NOASSERTION","downloadLocation":"NOASSERTION","filesAnalyzed":false,"checksums":[{"algorithm":"SHA256","checksumValue":"2ea2b8bf004d697c360321882026b9ff6f526ddab9f066c67459e049ec537513"}],"sourceInfo":"acquired package info from go module information: vhs_0.9.0_Linux_arm64/vhs","licenseConcluded":"NOASSERTION","licenseDeclared":"NOASSERTION","copyrightText":"NOASSERTION","externalRefs":[{"referenceCategory":"SECURITY","referenceType":"cpe23Type","referenceLocator":"cpe:2.3:a:charmbracelet:x\\/ansi:v0.4.5:*:*:*:*:*:*:*"},{"referenceCategory":"PACKAGE-MANAGER","referenceType":"purl","referenceLocator":"pkg:golang/github.com/charmbracelet/x@v0.4.5#ansi"}]},{"name":"github.com/charmbracelet/x/term","SPDXID":"SPDXRef-Package-go-module-github.com-charmbracelet-x-term-509b92dcd47742cd","versionInfo":"v0.2.1","supplier":"NOASSERTION","downloadLocation":"NOASSERTION","filesAnalyzed":false,"checksums":[{"algorithm":"SHA256","checksumValue":"01078778b6753aa49786b016a5852d6725f54f7cd5c5fa59b8440c2106862004"}],"sourceInfo":"acquired package info from go module information: vhs_0.9.0_Linux_arm64/vhs","licenseConcluded":"NOASSERTION","licenseDeclared":"NOASSERTION","copyrightText":"NOASSERTION","externalRefs":[{"referenceCategory":"SECURITY","referenceType":"cpe23Type","referenceLocator":"cpe:2.3:a:charmbracelet:x\\/term:v0.2.1:*:*:*:*:*:*:*"},{"referenceCategory":"PACKAGE-MANAGER","referenceType":"purl","referenceLocator":"pkg:golang/github.com/charmbracelet/x@v0.2.1#term"}]},{"name":"github.com/charmbracelet/x/termios","SPDXID":"SPDXRef-Package-go-module-github.com-charmbracelet-x-termios-2c6a48ae79b75622","versionInfo":"v0.1.0","supplier":"NOASSERTION","downloadLocation":"NOASSERTION","filesAnalyzed":false,"checksums":[{"algorithm":"SHA256","checksumValue":"cb8ae300778592c0407c66e44439958a7320ef1ec310b2060056dd36fc60f7b9"}],"sourceInfo":"acquired package info from go module information: vhs_0.9.0_Linux_arm64/vhs","licenseConcluded":"NOASSERTION","licenseDeclared":"NOASSERTION","copyrightText":"NOASSERTION","externalRefs":[{"referenceCategory":"SECURITY","referenceType":"cpe23Type","referenceLocator":"cpe:2.3:a:charmbracelet:x\\/termios:v0.1.0:*:*:*:*:*:*:*"},{"referenceCategory":"PACKAGE-MANAGER","referenceType":"purl","referenceLocator":"pkg:golang/github.com/charmbracelet/x@v0.1.0#termios"}]},{"name":"github.com/creack/pty","SPDXID":"SPDXRef-Package-go-module-github.com-creack-pty-3e0c4433eae89532","versionInfo":"v1.1.24","supplier":"NOASSERTION","downloadLocation":"NOASSERTION","filesAnalyzed":false,"checksums":[{"algorithm":"SHA256","checksumValue":"6c9ac5e1145fc899db4c9ab344b1f37066992b535e3399130bd8c6828be7475b"}],"sourceInfo":"acquired package info from go module information: vhs_0.9.0_Linux_arm64/vhs","licenseConcluded":"NOASSERTION","licenseDeclared":"NOASSERTION","copyrightText":"NOASSERTION","externalRefs":[{"referenceCategory":"SECURITY","referenceType":"cpe23Type","referenceLocator":"cpe:2.3:a:creack:pty:v1.1.24:*:*:*:*:*:*:*"},{"referenceCategory":"PACKAGE-MANAGER","referenceType":"purl","referenceLocator":"pkg:golang/github.com/creack/pty@v1.1.24"}]},{"name":"github.com/dlclark/regexp2","SPDXID":"SPDXRef-Package-go-module-github.com-dlclark-regexp2-5f24ce970e4efea8","versionInfo":"v1.11.0","supplier":"NOASSERTION","downloadLocation":"NOASSERTION","filesAnalyzed":false,"checksums":[{"algorithm":"SHA256","checksumValue":"1bf9eb72839aed95e5a686bff753775fb98cdebf1e22530104966fb33fe6c4a2"}],"sourceInfo":"acquired package info from go module information: vhs_0.9.0_Linux_arm64/vhs","licenseConcluded":"NOASSERTION","licenseDeclared":"NOASSERTION","copyrightText":"NOASSERTION","externalRefs":[{"referenceCategory":"SECURITY","referenceType":"cpe23Type","referenceLocator":"cpe:2.3:a:dlclark:regexp2:v1.11.0:*:*:*:*:*:*:*"},{"referenceCategory":"PACKAGE-MANAGER","referenceType":"purl","referenceLocator":"pkg:golang/github.com/dlclark/regexp2@v1.11.0"}]},{"name":"github.com/go-logfmt/logfmt","SPDXID":"SPDXRef-Package-go-module-github.com-go-logfmt-logfmt-59f75037d1b2c6eb","versionInfo":"v0.6.0","supplier":"NOASSERTION","downloadLocation":"NOASSERTION","filesAnalyzed":false,"checksums":[{"algorithm":"SHA256","checksumValue":"c06618bb7ba271876a5d582861bbe792b3d55e4b8b335a7589fba00cc11d462e"}],"sourceInfo":"acquired package info from go module information: vhs_0.9.0_Linux_arm64/vhs","licenseConcluded":"NOASSERTION","licenseDeclared":"NOASSERTION","copyrightText":"NOASSERTION","externalRefs":[{"referenceCategory":"SECURITY","referenceType":"cpe23Type","referenceLocator":"cpe:2.3:a:go-logfmt:logfmt:v0.6.0:*:*:*:*:*:*:*"},{"referenceCategory":"SECURITY","referenceType":"cpe23Type","referenceLocator":"cpe:2.3:a:go_logfmt:logfmt:v0.6.0:*:*:*:*:*:*:*"},{"referenceCategory":"SECURITY","referenceType":"cpe23Type","referenceLocator":"cpe:2.3:a:go:logfmt:v0.6.0:*:*:*:*:*:*:*"},{"referenceCategory":"PACKAGE-MANAGER","referenceType":"purl","referenceLocator":"pkg:golang/github.com/go-logfmt/logfmt@v0.6.0"}]},{"name":"github.com/go-rod/rod","SPDXID":"SPDXRef-Package-go-module-github.com-go-rod-rod-8c0d11f4395f4dba","versionInfo":"v0.116.2","supplier":"NOASSERTION","downloadLocation":"NOASSERTION","filesAnalyzed":false,"checksums":[{"algorithm":"SHA256","checksumValue":"039b762b2d80fb9783fd9250af511fb1049ee6b9ace57a1ffea8f6f7a7be66a0"}],"sourceInfo":"acquired package info from go module information: vhs_0.9.0_Linux_arm64/vhs","licenseConcluded":"NOASSERTION","licenseDeclared":"NOASSERTION","copyrightText":"NOASSERTION","externalRefs":[{"referenceCategory":"SECURITY","referenceType":"cpe23Type","referenceLocator":"cpe:2.3:a:go-rod:rod:v0.116.2:*:*:*:*:*:*:*"},{"referenceCategory":"SECURITY","referenceType":"cpe23Type","referenceLocator":"cpe:2.3:a:go_rod:rod:v0.116.2:*:*:*:*:*:*:*"},{"referenceCategory":"SECURITY","referenceType":"cpe23Type","referenceLocator":"cpe:2.3:a:go:rod:v0.116.2:*:*:*:*:*:*:*"},{"referenceCategory":"PACKAGE-MANAGER","referenceType":"purl","referenceLocator":"pkg:golang/github.com/go-rod/rod@v0.116.2"}]},{"name":"github.com/gorilla/css","SPDXID":"SPDXRef-Package-go-module-github.com-gorilla-css-cbac4dd9d5ee8945","versionInfo":"v1.0.1","supplier":"NOASSERTION","downloadLocation":"NOASSERTION","filesAnalyzed":false,"checksums":[{"algorithm":"SHA256","checksumValue":"9ed35a048821a7a266bd69f16d92803682f2b974cf678700325a3a4728656cef"}],"sourceInfo":"acquired package info from go module information: vhs_0.9.0_Linux_arm64/vhs","licenseConcluded":"NOASSERTION","licenseDeclared":"NOASSERTION","copyrightText":"NOASSERTION","externalRefs":[{"referenceCategory":"SECURITY","referenceType":"cpe23Type","referenceLocator":"cpe:2.3:a:gorilla:css:v1.0.1:*:*:*:*:*:*:*"},{"referenceCategory":"PACKAGE-MANAGER","referenceType":"purl","referenceLocator":"pkg:golang/github.com/gorilla/css@v1.0.1"}]},{"name":"github.com/hashicorp/go-version","SPDXID":"SPDXRef-Package-go-module-github.com-hashicorp-go-version-21105f7eba925fc7","versionInfo":"v1.7.0","supplier":"NOASSERTION","downloadLocation":"NOASSERTION","filesAnalyzed":false,"checksums":[{"algorithm":"SHA256","checksumValue":"e6da86cb6ecd68e4c1f3224a51910b945012fcb4ca264ae638dc1029e4597e36"}],"sourceInfo":"acquired package info from go module information: vhs_0.9.0_Linux_arm64/vhs","licenseConcluded":"NOASSERTION","licenseDeclared":"NOASSERTION","copyrightText":"NOASSERTION","externalRefs":[{"referenceCategory":"SECURITY","referenceType":"cpe23Type","referenceLocator":"cpe:2.3:a:hashicorp:go-version:v1.7.0:*:*:*:*:*:*:*"},{"referenceCategory":"SECURITY","referenceType":"cpe23Type","referenceLocator":"cpe:2.3:a:hashicorp:go_version:v1.7.0:*:*:*:*:*:*:*"},{"referenceCategory":"PACKAGE-MANAGER","referenceType":"purl","referenceLocator":"pkg:golang/github.com/hashicorp/go-version@v1.7.0"}]},{"name":"github.com/lucasb-eyer/go-colorful","SPDXID":"SPDXRef-Package-go-module-github.com-lucasb-eyer-go-colorful-5626be631eb52557","versionInfo":"v1.2.0","supplier":"NOASSERTION","downloadLocation":"NOASSERTION","filesAnalyzed":false,"checksums":[{"algorithm":"SHA256","checksumValue":"d679e918eae1c9966e3727eed508ca89420243be3edc534237af408fa2bb9e46"}],"sourceInfo":"acquired package info from go module information: vhs_0.9.0_Linux_arm64/vhs","licenseConcluded":"NOASSERTION","licenseDeclared":"NOASSERTION","copyrightText":"NOASSERTION","externalRefs":[{"referenceCategory":"SECURITY","referenceType":"cpe23Type","referenceLocator":"cpe:2.3:a:lucasb-eyer:go-colorful:v1.2.0:*:*:*:*:*:*:*"},{"referenceCategory":"SECURITY","referenceType":"cpe23Type","referenceLocator":"cpe:2.3:a:lucasb-eyer:go_colorful:v1.2.0:*:*:*:*:*:*:*"},{"referenceCategory":"SECURITY","referenceType":"cpe23Type","referenceLocator":"cpe:2.3:a:lucasb_eyer:go-colorful:v1.2.0:*:*:*:*:*:*:*"},{"referenceCategory":"SECURITY","referenceType":"cpe23Type","referenceLocator":"cpe:2.3:a:lucasb_eyer:go_colorful:v1.2.0:*:*:*:*:*:*:*"},{"referenceCategory":"SECURITY","referenceType":"cpe23Type","referenceLocator":"cpe:2.3:a:lucasb:go-colorful:v1.2.0:*:*:*:*:*:*:*"},{"referenceCategory":"SECURITY","referenceType":"cpe23Type","referenceLocator":"cpe:2.3:a:lucasb:go_colorful:v1.2.0:*:*:*:*:*:*:*"},{"referenceCategory":"PACKAGE-MANAGER","referenceType":"purl","referenceLocator":"pkg:golang/github.com/lucasb-eyer/go-colorful@v1.2.0"}]},{"name":"github.com/mattn/go-isatty","SPDXID":"SPDXRef-Package-go-module-github.com-mattn-go-isatty-a11803cb37311308","versionInfo":"v0.0.20","supplier":"NOASSERTION","downloadLocation":"NOASSERTION","filesAnalyzed":false,"checksums":[{"algorithm":"SHA256","checksumValue":"c5f0f4883b842a70e4974deae258a607ebc7f86c4b12d2ff8dbe315494965846"}],"sourceInfo":"acquired package info from go module information: vhs_0.9.0_Linux_arm64/vhs","licenseConcluded":"NOASSERTION","licenseDeclared":"NOASSERTION","copyrightText":"NOASSERTION","externalRefs":[{"referenceCategory":"SECURITY","referenceType":"cpe23Type","referenceLocator":"cpe:2.3:a:mattn:go-isatty:v0.0.20:*:*:*:*:*:*:*"},{"referenceCategory":"SECURITY","referenceType":"cpe23Type","referenceLocator":"cpe:2.3:a:mattn:go_isatty:v0.0.20:*:*:*:*:*:*:*"},{"referenceCategory":"PACKAGE-MANAGER","referenceType":"purl","referenceLocator":"pkg:golang/github.com/mattn/go-isatty@v0.0.20"}]},{"name":"github.com/mattn/go-runewidth","SPDXID":"SPDXRef-Package-go-module-github.com-mattn-go-runewidth-36d8f67ee6e3eec1","versionInfo":"v0.0.16","supplier":"NOASSERTION","downloadLocation":"NOASSERTION","filesAnalyzed":false,"checksums":[{"algorithm":"SHA256","checksumValue":"13949c34cb62c2f96f079a5a305770f69e24490cdb5c58a42794903ba4d42d07"}],"sourceInfo":"acquired package info from go module information: vhs_0.9.0_Linux_arm64/vhs","licenseConcluded":"NOASSERTION","licenseDeclared":"NOASSERTION","copyrightText":"NOASSERTION","externalRefs":[{"referenceCategory":"SECURITY","referenceType":"cpe23Type","referenceLocator":"cpe:2.3:a:mattn:go-runewidth:v0.0.16:*:*:*:*:*:*:*"},{"referenceCategory":"SECURITY","referenceType":"cpe23Type","referenceLocator":"cpe:2.3:a:mattn:go_runewidth:v0.0.16:*:*:*:*:*:*:*"},{"referenceCategory":"PACKAGE-MANAGER","referenceType":"purl","referenceLocator":"pkg:golang/github.com/mattn/go-runewidth@v0.0.16"}]},{"name":"github.com/microcosm-cc/bluemonday","SPDXID":"SPDXRef-Package-go-module-github.com-microcosm-cc-bluemonday-b018f3ae65e38869","versionInfo":"v1.0.27","supplier":"NOASSERTION","downloadLocation":"NOASSERTION","filesAnalyzed":false,"checksums":[{"algorithm":"SHA256","checksumValue":"329114a2d9259300922de1fe41dc7554980da8b969636297c1714cd3cca065f9"}],"sourceInfo":"acquired package info from go module information: vhs_0.9.0_Linux_arm64/vhs","licenseConcluded":"NOASSERTION","licenseDeclared":"NOASSERTION","copyrightText":"NOASSERTION","externalRefs":[{"referenceCategory":"SECURITY","referenceType":"cpe23Type","referenceLocator":"cpe:2.3:a:microcosm-cc:bluemonday:v1.0.27:*:*:*:*:*:*:*"},{"referenceCategory":"SECURITY","referenceType":"cpe23Type","referenceLocator":"cpe:2.3:a:microcosm_cc:bluemonday:v1.0.27:*:*:*:*:*:*:*"},{"referenceCategory":"SECURITY","referenceType":"cpe23Type","referenceLocator":"cpe:2.3:a:microcosm:bluemonday:v1.0.27:*:*:*:*:*:*:*"},{"referenceCategory":"PACKAGE-MANAGER","referenceType":"purl","referenceLocator":"pkg:golang/github.com/microcosm-cc/bluemonday@v1.0.27"}]},{"name":"github.com/mitchellh/go-homedir","SPDXID":"SPDXRef-Package-go-module-github.com-mitchellh-go-homedir-05c5a50621a1960a","versionInfo":"v1.1.0","supplier":"NOASSERTION","downloadLocation":"NOASSERTION","filesAnalyzed":false,"checksums":[{"algorithm":"SHA256","checksumValue":"96e905f738971710c53e4035becaf9ce97355ee3c39ffc059edab9986fb81346"}],"sourceInfo":"acquired package info from go module information: vhs_0.9.0_Linux_arm64/vhs","licenseConcluded":"NOASSERTION","licenseDeclared":"NOASSERTION","copyrightText":"NOASSERTION","externalRefs":[{"referenceCategory":"SECURITY","referenceType":"cpe23Type","referenceLocator":"cpe:2.3:a:mitchellh:go-homedir:v1.1.0:*:*:*:*:*:*:*"},{"referenceCategory":"SECURITY","referenceType":"cpe23Type","referenceLocator":"cpe:2.3:a:mitchellh:go_homedir:v1.1.0:*:*:*:*:*:*:*"},{"referenceCategory":"PACKAGE-MANAGER","referenceType":"purl","referenceLocator":"pkg:golang/github.com/mitchellh/go-homedir@v1.1.0"}]},{"name":"github.com/muesli/ansi","SPDXID":"SPDXRef-Package-go-module-github.com-muesli-ansi-fad2f50730a4074d","versionInfo":"v0.0.0-20230316100256-276c6243b2f6","supplier":"NOASSERTION","downloadLocation":"NOASSERTION","filesAnalyzed":false,"checksums":[{"algorithm":"SHA256","checksumValue":"64af331ed4473a46c7cba326af90f6eb88b2a774e25f93a635c2397080118902"}],"sourceInfo":"acquired package info from go module information: vhs_0.9.0_Linux_arm64/vhs","licenseConcluded":"NOASSERTION","licenseDeclared":"NOASSERTION","copyrightText":"NOASSERTION","externalRefs":[{"referenceCategory":"SECURITY","referenceType":"cpe23Type","referenceLocator":"cpe:2.3:a:muesli:ansi:v0.0.0-20230316100256-276c6243b2f6:*:*:*:*:*:*:*"},{"referenceCategory":"PACKAGE-MANAGER","referenceType":"purl","referenceLocator":"pkg:golang/github.com/muesli/ansi@v0.0.0-20230316100256-276c6243b2f6"}]},{"name":"github.com/muesli/cancelreader","SPDXID":"SPDXRef-Package-go-module-github.com-muesli-cancelreader-e64159255c5f0565","versionInfo":"v0.2.2","supplier":"NOASSERTION","downloadLocation":"NOASSERTION","filesAnalyzed":false,"checksums":[{"algorithm":"SHA256","checksumValue":"dc8e0ab780508ce479e0d6afaa70e8831fcc22858115ad12b4f03c10b5171e60"}],"sourceInfo":"acquired package info from go module information: vhs_0.9.0_Linux_arm64/vhs","licenseConcluded":"NOASSERTION","licenseDeclared":"NOASSERTION","copyrightText":"NOASSERTION","externalRefs":[{"referenceCategory":"SECURITY","referenceType":"cpe23Type","referenceLocator":"cpe:2.3:a:muesli:cancelreader:v0.2.2:*:*:*:*:*:*:*"},{"referenceCategory":"PACKAGE-MANAGER","referenceType":"purl","referenceLocator":"pkg:golang/github.com/muesli/cancelreader@v0.2.2"}]},{"name":"github.com/muesli/go-app-paths","SPDXID":"SPDXRef-Package-go-module-github.com-muesli-go-app-paths-d8469bd65916a903","versionInfo":"v0.2.2","supplier":"NOASSERTION","downloadLocation":"NOASSERTION","filesAnalyzed":false,"checksums":[{"algorithm":"SHA256","checksumValue":"36a1b8104670348841abfa511207c19a00e6b778754a6af53236625dba595272"}],"sourceInfo":"acquired package info from go module information: vhs_0.9.0_Linux_arm64/vhs","licenseConcluded":"NOASSERTION","licenseDeclared":"NOASSERTION","copyrightText":"NOASSERTION","externalRefs":[{"referenceCategory":"SECURITY","referenceType":"cpe23Type","referenceLocator":"cpe:2.3:a:muesli:go-app-paths:v0.2.2:*:*:*:*:*:*:*"},{"referenceCategory":"SECURITY","referenceType":"cpe23Type","referenceLocator":"cpe:2.3:a:muesli:go_app_paths:v0.2.2:*:*:*:*:*:*:*"},{"referenceCategory":"PACKAGE-MANAGER","referenceType":"purl","referenceLocator":"pkg:golang/github.com/muesli/go-app-paths@v0.2.2"}]},{"name":"github.com/muesli/mango","SPDXID":"SPDXRef-Package-go-module-github.com-muesli-mango-5ac06bc4aea3d512","versionInfo":"v0.2.0","supplier":"NOASSERTION","downloadLocation":"NOASSERTION","filesAnalyzed":false,"checksums":[{"algorithm":"SHA256","checksumValue":"88d35cd1ce552d0e9fb0c800a864287c1c8d5011f64369c46c3e93688fb9cb24"}],"sourceInfo":"acquired package info from go module information: vhs_0.9.0_Linux_arm64/vhs","licenseConcluded":"NOASSERTION","licenseDeclared":"NOASSERTION","copyrightText":"NOASSERTION","externalRefs":[{"referenceCategory":"SECURITY","referenceType":"cpe23Type","referenceLocator":"cpe:2.3:a:muesli:mango:v0.2.0:*:*:*:*:*:*:*"},{"referenceCategory":"PACKAGE-MANAGER","referenceType":"purl","referenceLocator":"pkg:golang/github.com/muesli/mango@v0.2.0"}]},{"name":"github.com/muesli/mango-cobra","SPDXID":"SPDXRef-Package-go-module-github.com-muesli-mango-cobra-74ca1d85c5a6f89d","versionInfo":"v1.2.0","supplier":"NOASSERTION","downloadLocation":"NOASSERTION","filesAnalyzed":false,"checksums":[{"algorithm":"SHA256","checksumValue":"0d0be3cc03343cc66bf3922ff4b20c698212a533a588c120fae305b4d6d8bd68"}],"sourceInfo":"acquired package info from go module information: vhs_0.9.0_Linux_arm64/vhs","licenseConcluded":"NOASSERTION","licenseDeclared":"NOASSERTION","copyrightText":"NOASSERTION","externalRefs":[{"referenceCategory":"SECURITY","referenceType":"cpe23Type","referenceLocator":"cpe:2.3:a:muesli:mango-cobra:v1.2.0:*:*:*:*:*:*:*"},{"referenceCategory":"SECURITY","referenceType":"cpe23Type","referenceLocator":"cpe:2.3:a:muesli:mango_cobra:v1.2.0:*:*:*:*:*:*:*"},{"referenceCategory":"PACKAGE-MANAGER","referenceType":"purl","referenceLocator":"pkg:golang/github.com/muesli/mango-cobra@v1.2.0"}]},{"name":"github.com/muesli/mango-pflag","SPDXID":"SPDXRef-Package-go-module-github.com-muesli-mango-pflag-c4063ff30a79b044","versionInfo":"v0.1.0","supplier":"NOASSERTION","downloadLocation":"NOASSERTION","filesAnalyzed":false,"checksums":[{"algorithm":"SHA256","checksumValue":"5000ea6d88295324680636b783a2d42fedcb12b8e9b0ec1a0bdcb0bc159eed28"}],"sourceInfo":"acquired package info from go module information: vhs_0.9.0_Linux_arm64/vhs","licenseConcluded":"NOASSERTION","licenseDeclared":"NOASSERTION","copyrightText":"NOASSERTION","externalRefs":[{"referenceCategory":"SECURITY","referenceType":"cpe23Type","referenceLocator":"cpe:2.3:a:muesli:mango-pflag:v0.1.0:*:*:*:*:*:*:*"},{"referenceCategory":"SECURITY","referenceType":"cpe23Type","referenceLocator":"cpe:2.3:a:muesli:mango_pflag:v0.1.0:*:*:*:*:*:*:*"},{"referenceCategory":"PACKAGE-MANAGER","referenceType":"purl","referenceLocator":"pkg:golang/github.com/muesli/mango-pflag@v0.1.0"}]},{"name":"github.com/muesli/reflow","SPDXID":"SPDXRef-Package-go-module-github.com-muesli-reflow-ba83b81e78e084d8","versionInfo":"v0.3.0","supplier":"NOASSERTION","downloadLocation":"NOASSERTION","filesAnalyzed":false,"checksums":[{"algorithm":"SHA256","checksumValue":"205b0de8af4d7c6b637a08053feebc2387212d9576c882ac5c914d67e79687ab"}],"sourceInfo":"acquired package info from go module information: vhs_0.9.0_Linux_arm64/vhs","licenseConcluded":"NOASSERTION","licenseDeclared":"NOASSERTION","copyrightText":"NOASSERTION","externalRefs":[{"referenceCategory":"SECURITY","referenceType":"cpe23Type","referenceLocator":"cpe:2.3:a:muesli:reflow:v0.3.0:*:*:*:*:*:*:*"},{"referenceCategory":"PACKAGE-MANAGER","referenceType":"purl","referenceLocator":"pkg:golang/github.com/muesli/reflow@v0.3.0"}]},{"name":"github.com/muesli/roff","SPDXID":"SPDXRef-Package-go-module-github.com-muesli-roff-19858e4a2524a1bb","versionInfo":"v0.1.0","supplier":"NOASSERTION","downloadLocation":"NOASSERTION","filesAnalyzed":false,"checksums":[{"algorithm":"SHA256","checksumValue":"603d256a50a8b6662e1791e166588a5a5231ec81218977927eaee136316a185f"}],"sourceInfo":"acquired package info from go module information: vhs_0.9.0_Linux_arm64/vhs","licenseConcluded":"NOASSERTION","licenseDeclared":"NOASSERTION","copyrightText":"NOASSERTION","externalRefs":[{"referenceCategory":"SECURITY","referenceType":"cpe23Type","referenceLocator":"cpe:2.3:a:muesli:roff:v0.1.0:*:*:*:*:*:*:*"},{"referenceCategory":"PACKAGE-MANAGER","referenceType":"purl","referenceLocator":"pkg:golang/github.com/muesli/roff@v0.1.0"}]},{"name":"github.com/muesli/termenv","SPDXID":"SPDXRef-Package-go-module-github.com-muesli-termenv-e80793b5d7467864","versionInfo":"v0.15.3-0.20240618155329-98d742f6907a","supplier":"NOASSERTION","downloadLocation":"NOASSERTION","filesAnalyzed":false,"checksums":[{"algorithm":"SHA256","checksumValue":"d8c68ce980b7986bb9e31f9128003a2621451e51c363551b931aa9a53ef060e8"}],"sourceInfo":"acquired package info from go module information: vhs_0.9.0_Linux_arm64/vhs","licenseConcluded":"NOASSERTION","licenseDeclared":"NOASSERTION","copyrightText":"NOASSERTION","externalRefs":[{"referenceCategory":"SECURITY","referenceType":"cpe23Type","referenceLocator":"cpe:2.3:a:muesli:termenv:v0.15.3-0.20240618155329-98d742f6907a:*:*:*:*:*:*:*"},{"referenceCategory":"PACKAGE-MANAGER","referenceType":"purl","referenceLocator":"pkg:golang/github.com/muesli/termenv@v0.15.3-0.20240618155329-98d742f6907a"}]},{"name":"github.com/rivo/uniseg","SPDXID":"SPDXRef-Package-go-module-github.com-rivo-uniseg-32f5186d1d8468f3","versionInfo":"v0.4.7","supplier":"NOASSERTION","downloadLocation":"NOASSERTION","filesAnalyzed":false,"checksums":[{"algorithm":"SHA256","checksumValue":"59476f916f2e121ad87cb0b8673769236cedc4fd48e7cdbee3d39ce4cabae154"}],"sourceInfo":"acquired package info from go module information: vhs_0.9.0_Linux_arm64/vhs","licenseConcluded":"NOASSERTION","licenseDeclared":"NOASSERTION","copyrightText":"NOASSERTION","externalRefs":[{"referenceCategory":"SECURITY","referenceType":"cpe23Type","referenceLocator":"cpe:2.3:a:rivo:uniseg:v0.4.7:*:*:*:*:*:*:*"},{"referenceCategory":"PACKAGE-MANAGER","referenceType":"purl","referenceLocator":"pkg:golang/github.com/rivo/uniseg@v0.4.7"}]},{"name":"github.com/spf13/cobra","SPDXID":"SPDXRef-Package-go-module-github.com-spf13-cobra-8f324cdfe8fb92bb","versionInfo":"v1.8.1","supplier":"NOASSERTION","downloadLocation":"NOASSERTION","filesAnalyzed":false,"checksums":[{"algorithm":"SHA256","checksumValue":"7b9fefc4a77fad9b1f4893145f56a0b637930dffaabf5fc974117c820e64f593"}],"sourceInfo":"acquired package info from go module information: vhs_0.9.0_Linux_arm64/vhs","licenseConcluded":"NOASSERTION","licenseDeclared":"NOASSERTION","copyrightText":"NOASSERTION","externalRefs":[{"referenceCategory":"SECURITY","referenceType":"cpe23Type","referenceLocator":"cpe:2.3:a:spf13:cobra:v1.8.1:*:*:*:*:*:*:*"},{"referenceCategory":"PACKAGE-MANAGER","referenceType":"purl","referenceLocator":"pkg:golang/github.com/spf13/cobra@v1.8.1"}]},{"name":"github.com/spf13/pflag","SPDXID":"SPDXRef-Package-go-module-github.com-spf13-pflag-3da5c90986e7db7d","versionInfo":"v1.0.5","supplier":"NOASSERTION","downloadLocation":"NOASSERTION","filesAnalyzed":false,"checksums":[{"algorithm":"SHA256","checksumValue":"8b2f951543823f56bef3216da3f76b836089e6ed3246807b7d9c370cabff2570"}],"sourceInfo":"acquired package info from go module information: vhs_0.9.0_Linux_arm64/vhs","licenseConcluded":"NOASSERTION","licenseDeclared":"NOASSERTION","copyrightText":"NOASSERTION","externalRefs":[{"referenceCategory":"SECURITY","referenceType":"cpe23Type","referenceLocator":"cpe:2.3:a:spf13:pflag:v1.0.5:*:*:*:*:*:*:*"},{"referenceCategory":"PACKAGE-MANAGER","referenceType":"purl","referenceLocator":"pkg:golang/github.com/spf13/pflag@v1.0.5"}]},{"name":"github.com/ysmood/fetchup","SPDXID":"SPDXRef-Package-go-module-github.com-ysmood-fetchup-42aca6b1c38ea43f","versionInfo":"v0.2.3","supplier":"NOASSERTION","downloadLocation":"NOASSERTION","filesAnalyzed":false,"checksums":[{"algorithm":"SHA256","checksumValue":"ba55fe4a89c0d1599ae735055edbf9d8ace2a7fc5eeda8f8bea4f9009c10f994"}],"sourceInfo":"acquired package info from go module information: vhs_0.9.0_Linux_arm64/vhs","licenseConcluded":"NOASSERTION","licenseDeclared":"NOASSERTION","copyrightText":"NOASSERTION","externalRefs":[{"referenceCategory":"SECURITY","referenceType":"cpe23Type","referenceLocator":"cpe:2.3:a:ysmood:fetchup:v0.2.3:*:*:*:*:*:*:*"},{"referenceCategory":"PACKAGE-MANAGER","referenceType":"purl","referenceLocator":"pkg:golang/github.com/ysmood/fetchup@v0.2.3"}]},{"name":"github.com/ysmood/goob","SPDXID":"SPDXRef-Package-go-module-github.com-ysmood-goob-304454c86b0223aa","versionInfo":"v0.4.0","supplier":"NOASSERTION","downloadLocation":"NOASSERTION","filesAnalyzed":false,"checksums":[{"algorithm":"SHA256","checksumValue":"1ecc578722c1786cd65e7a952ad993f6a33b12e56cfd73a0917ed3eabd68d404"}],"sourceInfo":"acquired package info from go module information: vhs_0.9.0_Linux_arm64/vhs","licenseConcluded":"NOASSERTION","licenseDeclared":"NOASSERTION","copyrightText":"NOASSERTION","externalRefs":[{"referenceCategory":"SECURITY","referenceType":"cpe23Type","referenceLocator":"cpe:2.3:a:ysmood:goob:v0.4.0:*:*:*:*:*:*:*"},{"referenceCategory":"PACKAGE-MANAGER","referenceType":"purl","referenceLocator":"pkg:golang/github.com/ysmood/goob@v0.4.0"}]},{"name":"github.com/ysmood/got","SPDXID":"SPDXRef-Package-go-module-github.com-ysmood-got-aaea5fe58afe017e","versionInfo":"v0.40.0","supplier":"NOASSERTION","downloadLocation":"NOASSERTION","filesAnalyzed":false,"checksums":[{"algorithm":"SHA256","checksumValue":"650935079e7322f4bbcdf951ae419f3c3acf1b777bf893b36b566437171cef84"}],"sourceInfo":"acquired package info from go module information: vhs_0.9.0_Linux_arm64/vhs","licenseConcluded":"NOASSERTION","licenseDeclared":"NOASSERTION","copyrightText":"NOASSERTION","externalRefs":[{"referenceCategory":"SECURITY","referenceType":"cpe23Type","referenceLocator":"cpe:2.3:a:ysmood:got:v0.40.0:*:*:*:*:*:*:*"},{"referenceCategory":"PACKAGE-MANAGER","referenceType":"purl","referenceLocator":"pkg:golang/github.com/ysmood/got@v0.40.0"}]},{"name":"github.com/ysmood/gson","SPDXID":"SPDXRef-Package-go-module-github.com-ysmood-gson-468bbbb671ebe64a","versionInfo":"v0.7.3","supplier":"NOASSERTION","downloadLocation":"NOASSERTION","filesAnalyzed":false,"checksums":[{"algorithm":"SHA256","checksumValue":"4059166d31fc331c944ca3e4556004349871a9d05ae25613416a990a22c6ea41"}],"sourceInfo":"acquired package info from go module information: vhs_0.9.0_Linux_arm64/vhs","licenseConcluded":"NOASSERTION","licenseDeclared":"NOASSERTION","copyrightText":"NOASSERTION","externalRefs":[{"referenceCategory":"SECURITY","referenceType":"cpe23Type","referenceLocator":"cpe:2.3:a:ysmood:gson:v0.7.3:*:*:*:*:*:*:*"},{"referenceCategory":"PACKAGE-MANAGER","referenceType":"purl","referenceLocator":"pkg:golang/github.com/ysmood/gson@v0.7.3"}]},{"name":"github.com/ysmood/leakless","SPDXID":"SPDXRef-Package-go-module-github.com-ysmood-leakless-27a692783967e4b8","versionInfo":"v0.9.0","supplier":"NOASSERTION","downloadLocation":"NOASSERTION","filesAnalyzed":false,"checksums":[{"algorithm":"SHA256","checksumValue":"ab1086e558ab481be68b7bb29d71647272ccce4a61761df1c7916dace4700c25"}],"sourceInfo":"acquired package info from go module information: vhs_0.9.0_Linux_arm64/vhs","licenseConcluded":"NOASSERTION","licenseDeclared":"NOASSERTION","copyrightText":"NOASSERTION","externalRefs":[{"referenceCategory":"SECURITY","referenceType":"cpe23Type","referenceLocator":"cpe:2.3:a:ysmood:leakless:v0.9.0:*:*:*:*:*:*:*"},{"referenceCategory":"PACKAGE-MANAGER","referenceType":"purl","referenceLocator":"pkg:golang/github.com/ysmood/leakless@v0.9.0"}]},{"name":"github.com/yuin/goldmark","SPDXID":"SPDXRef-Package-go-module-github.com-yuin-goldmark-60672fe0f307934e","versionInfo":"v1.7.4","supplier":"NOASSERTION","downloadLocation":"NOASSERTION","filesAnalyzed":false,"checksums":[{"algorithm":"SHA256","checksumValue":"0435ce1c4c6df80ee0c0f08980f208abb10dbdc791ef07bbace4bd4cda0b65e8"}],"sourceInfo":"acquired package info from go module information: vhs_0.9.0_Linux_arm64/vhs","licenseConcluded":"NOASSERTION","licenseDeclared":"NOASSERTION","copyrightText":"NOASSERTION","externalRefs":[{"referenceCategory":"SECURITY","referenceType":"cpe23Type","referenceLocator":"cpe:2.3:a:yuin:goldmark:v1.7.4:*:*:*:*:*:*:*"},{"referenceCategory":"PACKAGE-MANAGER","referenceType":"purl","referenceLocator":"pkg:golang/github.com/yuin/goldmark@v1.7.4"}]},{"name":"github.com/yuin/goldmark-emoji","SPDXID":"SPDXRef-Package-go-module-github.com-yuin-goldmark-emoji-f954d64a2eccecae","versionInfo":"v1.0.3","supplier":"NOASSERTION","downloadLocation":"NOASSERTION","filesAnalyzed":false,"checksums":[{"algorithm":"SHA256","checksumValue":"68b4642c73ae051d9ccc263847ca25c0c8c80feb4435f8721433024616c8418e"}],"sourceInfo":"acquired package info from go module information: vhs_0.9.0_Linux_arm64/vhs","licenseConcluded":"NOASSERTION","licenseDeclared":"NOASSERTION","copyrightText":"NOASSERTION","externalRefs":[{"referenceCategory":"SECURITY","referenceType":"cpe23Type","referenceLocator":"cpe:2.3:a:yuin:goldmark-emoji:v1.0.3:*:*:*:*:*:*:*"},{"referenceCategory":"SECURITY","referenceType":"cpe23Type","referenceLocator":"cpe:2.3:a:yuin:goldmark_emoji:v1.0.3:*:*:*:*:*:*:*"},{"referenceCategory":"PACKAGE-MANAGER","referenceType":"purl","referenceLocator":"pkg:golang/github.com/yuin/goldmark-emoji@v1.0.3"}]},{"name":"golang.org/x/crypto","SPDXID":"SPDXRef-Package-go-module-golang.org-x-crypto-f96701a914681907","versionInfo":"v0.32.0","supplier":"NOASSERTION","downloadLocation":"NOASSERTION","filesAnalyzed":false,"checksums":[{"algorithm":"SHA256","checksumValue":"7ae52971880cf1670fef580da53a900a7eab0b6b7a50b50f88ecdf59a5d555f7"}],"sourceInfo":"acquired package info from go module information: vhs_0.9.0_Linux_arm64/vhs","licenseConcluded":"NOASSERTION","licenseDeclared":"NOASSERTION","copyrightText":"NOASSERTION","externalRefs":[{"referenceCategory":"SECURITY","referenceType":"cpe23Type","referenceLocator":"cpe:2.3:a:golang:x\\/crypto:v0.32.0:*:*:*:*:*:*:*"},{"referenceCategory":"PACKAGE-MANAGER","referenceType":"purl","referenceLocator":"pkg:golang/golang.org/x/crypto@v0.32.0"}]},{"name":"golang.org/x/net","SPDXID":"SPDXRef-Package-go-module-golang.org-x-net-b3b2ec309a67ef2f","versionInfo":"v0.33.0","supplier":"NOASSERTION","downloadLocation":"NOASSERTION","filesAnalyzed":false,"checksums":[{"algorithm":"SHA256","checksumValue":"ef84981e557c0488072050bf2eb6243862302f5f5e4d85d0e7073a4c1b8edfa2"}],"sourceInfo":"acquired package info from go module information: vhs_0.9.0_Linux_arm64/vhs","licenseConcluded":"NOASSERTION","licenseDeclared":"NOASSERTION","copyrightText":"NOASSERTION","externalRefs":[{"referenceCategory":"SECURITY","referenceType":"cpe23Type","referenceLocator":"cpe:2.3:a:golang:networking:v0.33.0:*:*:*:*:go:*:*"},{"referenceCategory":"PACKAGE-MANAGER","referenceType":"purl","referenceLocator":"pkg:golang/golang.org/x/net@v0.33.0"}]},{"name":"golang.org/x/sync","SPDXID":"SPDXRef-Package-go-module-golang.org-x-sync-fcc79e2513c2541b","versionInfo":"v0.10.0","supplier":"NOASSERTION","downloadLocation":"NOASSERTION","filesAnalyzed":false,"checksums":[{"algorithm":"SHA256","checksumValue":"dcd42b8c38b18e01b050e09a17cc36f95607bf455efef19849b7644daf7c8264"}],"sourceInfo":"acquired package info from go module information: vhs_0.9.0_Linux_arm64/vhs","licenseConcluded":"NOASSERTION","licenseDeclared":"NOASSERTION","copyrightText":"NOASSERTION","externalRefs":[{"referenceCategory":"SECURITY","referenceType":"cpe23Type","referenceLocator":"cpe:2.3:a:golang:x\\/sync:v0.10.0:*:*:*:*:*:*:*"},{"referenceCategory":"PACKAGE-MANAGER","referenceType":"purl","referenceLocator":"pkg:golang/golang.org/x/sync@v0.10.0"}]},{"name":"golang.org/x/sys","SPDXID":"SPDXRef-Package-go-module-golang.org-x-sys-5858b608e07937de","versionInfo":"v0.29.0","supplier":"NOASSERTION","downloadLocation":"NOASSERTION","filesAnalyzed":false,"checksums":[{"algorithm":"SHA256","checksumValue":"4cf6255c6c6fc753064e7d868990e19e33c0f7067365e18a1c798a84762f81a5"}],"sourceInfo":"acquired package info from go module information: vhs_0.9.0_Linux_arm64/vhs","licenseConcluded":"NOASSERTION","licenseDeclared":"NOASSERTION","copyrightText":"NOASSERTION","externalRefs":[{"referenceCategory":"SECURITY","referenceType":"cpe23Type","referenceLocator":"cpe:2.3:a:golang:x\\/sys:v0.29.0:*:*:*:*:*:*:*"},{"referenceCategory":"PACKAGE-MANAGER","referenceType":"purl","referenceLocator":"pkg:golang/golang.org/x/sys@v0.29.0"}]},{"name":"golang.org/x/term","SPDXID":"SPDXRef-Package-go-module-golang.org-x-term-9cf0705420332379","versionInfo":"v0.28.0","supplier":"NOASSERTION","downloadLocation":"NOASSERTION","filesAnalyzed":false,"checksums":[{"algorithm":"SHA256","checksumValue":"fd3b3c1c5b8c47613a20ffe3968ed054b6478208ca41b86effb1f42c916bdc68"}],"sourceInfo":"acquired package info from go module information: vhs_0.9.0_Linux_arm64/vhs","licenseConcluded":"NOASSERTION","licenseDeclared":"NOASSERTION","copyrightText":"NOASSERTION","externalRefs":[{"referenceCategory":"SECURITY","referenceType":"cpe23Type","referenceLocator":"cpe:2.3:a:golang:x\\/term:v0.28.0:*:*:*:*:*:*:*"},{"referenceCategory":"PACKAGE-MANAGER","referenceType":"purl","referenceLocator":"pkg:golang/golang.org/x/term@v0.28.0"}]},{"name":"stdlib","SPDXID":"SPDXRef-Package-go-module-stdlib-2ba5be595dd0b43f","versionInfo":"go1.23.4","supplier":"NOASSERTION","downloadLocation":"NOASSERTION","filesAnalyzed":false,"sourceInfo":"acquired package info from go module information: vhs_0.9.0_Linux_arm64/vhs","licenseConcluded":"NOASSERTION","licenseDeclared":"BSD-3-Clause","copyrightText":"NOASSERTION","externalRefs":[{"referenceCategory":"SECURITY","referenceType":"cpe23Type","referenceLocator":"cpe:2.3:a:golang:go:1.23.4:-:*:*:*:*:*:*"},{"referenceCategory":"PACKAGE-MANAGER","referenceType":"purl","referenceLocator":"pkg:golang/stdlib@1.23.4"}]},{"name":"vhs_0.9.0_Linux_arm64.tar.gz","SPDXID":"SPDXRef-DocumentRoot-File-vhs-0.9.0-Linux-arm64.tar.gz","versionInfo":"sha256:d272dc1460d90c0ba1f69d9bfed0e29666272e76948fe905a713083a338ed08a","supplier":"NOASSERTION","downloadLocation":"NOASSERTION","filesAnalyzed":false,"checksums":[{"algorithm":"SHA256","checksumValue":"d272dc1460d90c0ba1f69d9bfed0e29666272e76948fe905a713083a338ed08a"}],"licenseConcluded":"NOASSERTION","licenseDeclared":"NOASSERTION","copyrightText":"NOASSERTION","primaryPackagePurpose":"FILE"}],"files":[{"fileName":"vhs_0.9.0_Linux_arm64/vhs","SPDXID":"SPDXRef-File-vhs-0.9.0-Linux-arm64-vhs-16fc51e8e6354240","fileTypes":["APPLICATION","BINARY"],"checksums":[{"algorithm":"SHA1","checksumValue":"5322a313839933710a932c2c3ff5ac3bae77e76e"},{"algorithm":"SHA256","checksumValue":"df8df15b9f706f90c2a73c83677b449fe543e3b93755f8c49c71fa0e95540152"}],"licenseConcluded":"NOASSERTION","licenseInfoInFiles":["NOASSERTION"],"copyrightText":"NOASSERTION"}],"relationships":[{"spdxElementId":"SPDXRef-Package-go-module-github.com-mitchellh-go-homedir-05c5a50621a1960a","relatedSpdxElement":"SPDXRef-Package-go-module-github.com-charmbracelet-vhs-1e6507dbee6da70c","relationshipType":"DEPENDENCY_OF"},{"spdxElementId":"SPDXRef-Package-go-module-github.com-alecthomas-chroma-v2-0cb3264d9acd3ead","relatedSpdxElement":"SPDXRef-Package-go-module-github.com-charmbracelet-vhs-1e6507dbee6da70c","relationshipType":"DEPENDENCY_OF"},{"spdxElementId":"SPDXRef-Package-go-module-github.com-charmbracelet-log-10537c21733266c7","relatedSpdxElement":"SPDXRef-Package-go-module-github.com-charmbracelet-vhs-1e6507dbee6da70c","relationshipType":"DEPENDENCY_OF"},{"spdxElementId":"SPDXRef-Package-go-module-github.com-charmbracelet-lipgloss-194e2bfcead38029","relatedSpdxElement":"SPDXRef-Package-go-module-github.com-charmbracelet-vhs-1e6507dbee6da70c","relationshipType":"DEPENDENCY_OF"},{"spdxElementId":"SPDXRef-Package-go-module-github.com-muesli-roff-19858e4a2524a1bb","relatedSpdxElement":"SPDXRef-Package-go-module-github.com-charmbracelet-vhs-1e6507dbee6da70c","relationshipType":"DEPENDENCY_OF"},{"spdxElementId":"SPDXRef-Package-go-module-github.com-charmbracelet-bubbletea-1bcf9c99e1427e53","relatedSpdxElement":"SPDXRef-Package-go-module-github.com-charmbracelet-vhs-1e6507dbee6da70c","relationshipType":"DEPENDENCY_OF"},{"spdxElementId":"SPDXRef-Package-go-module-github.com-hashicorp-go-version-21105f7eba925fc7","relatedSpdxElement":"SPDXRef-Package-go-module-github.com-charmbracelet-vhs-1e6507dbee6da70c","relationshipType":"DEPENDENCY_OF"},{"spdxElementId":"SPDXRef-Package-go-module-github.com-ysmood-leakless-27a692783967e4b8","relatedSpdxElement":"SPDXRef-Package-go-module-github.com-charmbracelet-vhs-1e6507dbee6da70c","relationshipType":"DEPENDENCY_OF"},{"spdxElementId":"SPDXRef-Package-go-module-stdlib-2ba5be595dd0b43f","relatedSpdxElement":"SPDXRef-Package-go-module-github.com-charmbracelet-vhs-1e6507dbee6da70c","relationshipType":"DEPENDENCY_OF"},{"spdxElementId":"SPDXRef-Package-go-module-github.com-charmbracelet-x-termios-2c6a48ae79b75622","relatedSpdxElement":"SPDXRef-Package-go-module-github.com-charmbracelet-vhs-1e6507dbee6da70c","relationshipType":"DEPENDENCY_OF"},{"spdxElementId":"SPDXRef-Package-go-module-github.com-ysmood-goob-304454c86b0223aa","relatedSpdxElement":"SPDXRef-Package-go-module-github.com-charmbracelet-vhs-1e6507dbee6da70c","relationshipType":"DEPENDENCY_OF"},{"spdxElementId":"SPDXRef-Package-go-module-github.com-rivo-uniseg-32f5186d1d8468f3","relatedSpdxElement":"SPDXRef-Package-go-module-github.com-charmbracelet-vhs-1e6507dbee6da70c","relationshipType":"DEPENDENCY_OF"},{"spdxElementId":"SPDXRef-Package-go-module-github.com-charmbracelet-glamour-34436be1ffb499b2","relatedSpdxElement":"SPDXRef-Package-go-module-github.com-charmbracelet-vhs-1e6507dbee6da70c","relationshipType":"DEPENDENCY_OF"},{"spdxElementId":"SPDXRef-Package-go-module-github.com-mattn-go-runewidth-36d8f67ee6e3eec1","relatedSpdxElement":"SPDXRef-Package-go-module-github.com-charmbracelet-vhs-1e6507dbee6da70c","relationshipType":"DEPENDENCY_OF"},{"spdxElementId":"SPDXRef-Package-go-module-github.com-anmitsu-go-shlex-3d101526f43b5276","relatedSpdxElement":"SPDXRef-Package-go-module-github.com-charmbracelet-vhs-1e6507dbee6da70c","relationshipType":"DEPENDENCY_OF"},{"spdxElementId":"SPDXRef-Package-go-module-github.com-spf13-pflag-3da5c90986e7db7d","relatedSpdxElement":"SPDXRef-Package-go-module-github.com-charmbracelet-vhs-1e6507dbee6da70c","relationshipType":"DEPENDENCY_OF"},{"spdxElementId":"SPDXRef-Package-go-module-github.com-creack-pty-3e0c4433eae89532","relatedSpdxElement":"SPDXRef-Package-go-module-github.com-charmbracelet-vhs-1e6507dbee6da70c","relationshipType":"DEPENDENCY_OF"},{"spdxElementId":"SPDXRef-Package-go-module-github.com-ysmood-fetchup-42aca6b1c38ea43f","relatedSpdxElement":"SPDXRef-Package-go-module-github.com-charmbracelet-vhs-1e6507dbee6da70c","relationshipType":"DEPENDENCY_OF"},{"spdxElementId":"SPDXRef-Package-go-module-github.com-ysmood-gson-468bbbb671ebe64a","relatedSpdxElement":"SPDXRef-Package-go-module-github.com-charmbracelet-vhs-1e6507dbee6da70c","relationshipType":"DEPENDENCY_OF"},{"spdxElementId":"SPDXRef-Package-go-module-github.com-charmbracelet-x-term-509b92dcd47742cd","relatedSpdxElement":"SPDXRef-Package-go-module-github.com-charmbracelet-vhs-1e6507dbee6da70c","relationshipType":"DEPENDENCY_OF"},{"spdxElementId":"SPDXRef-Package-go-module-github.com-charmbracelet-keygen-527cd10428d1fdfd","relatedSpdxElement":"SPDXRef-Package-go-module-github.com-charmbracelet-vhs-1e6507dbee6da70c","relationshipType":"DEPENDENCY_OF"},{"spdxElementId":"SPDXRef-Package-go-module-github.com-lucasb-eyer-go-colorful-5626be631eb52557","relatedSpdxElement":"SPDXRef-Package-go-module-github.com-charmbracelet-vhs-1e6507dbee6da70c","relationshipType":"DEPENDENCY_OF"},{"spdxElementId":"SPDXRef-Package-go-module-golang.org-x-sys-5858b608e07937de","relatedSpdxElement":"SPDXRef-Package-go-module-github.com-charmbracelet-vhs-1e6507dbee6da70c","relationshipType":"DEPENDENCY_OF"},{"spdxElementId":"SPDXRef-Package-go-module-github.com-go-logfmt-logfmt-59f75037d1b2c6eb","relatedSpdxElement":"SPDXRef-Package-go-module-github.com-charmbracelet-vhs-1e6507dbee6da70c","relationshipType":"DEPENDENCY_OF"},{"spdxElementId":"SPDXRef-Package-go-module-github.com-muesli-mango-5ac06bc4aea3d512","relatedSpdxElement":"SPDXRef-Package-go-module-github.com-charmbracelet-vhs-1e6507dbee6da70c","relationshipType":"DEPENDENCY_OF"},{"spdxElementId":"SPDXRef-Package-go-module-github.com-dlclark-regexp2-5f24ce970e4efea8","relatedSpdxElement":"SPDXRef-Package-go-module-github.com-charmbracelet-vhs-1e6507dbee6da70c","relationshipType":"DEPENDENCY_OF"},{"spdxElementId":"SPDXRef-Package-go-module-github.com-yuin-goldmark-60672fe0f307934e","relatedSpdxElement":"SPDXRef-Package-go-module-github.com-charmbracelet-vhs-1e6507dbee6da70c","relationshipType":"DEPENDENCY_OF"},{"spdxElementId":"SPDXRef-Package-go-module-github.com-charmbracelet-wish-682eaac500d0b22b","relatedSpdxElement":"SPDXRef-Package-go-module-github.com-charmbracelet-vhs-1e6507dbee6da70c","relationshipType":"DEPENDENCY_OF"},{"spdxElementId":"SPDXRef-Package-go-module-github.com-muesli-mango-cobra-74ca1d85c5a6f89d","relatedSpdxElement":"SPDXRef-Package-go-module-github.com-charmbracelet-vhs-1e6507dbee6da70c","relationshipType":"DEPENDENCY_OF"},{"spdxElementId":"SPDXRef-Package-go-module-github.com-aymanbagabas-go-osc52-v2-799eeba8313ec2ec","relatedSpdxElement":"SPDXRef-Package-go-module-github.com-charmbracelet-vhs-1e6507dbee6da70c","relationshipType":"DEPENDENCY_OF"},{"spdxElementId":"SPDXRef-Package-go-module-github.com-atotto-clipboard-7deb246a3f8ade31","relatedSpdxElement":"SPDXRef-Package-go-module-github.com-charmbracelet-vhs-1e6507dbee6da70c","relationshipType":"DEPENDENCY_OF"},{"spdxElementId":"SPDXRef-Package-go-module-github.com-go-rod-rod-8c0d11f4395f4dba","relatedSpdxElement":"SPDXRef-Package-go-module-github.com-charmbracelet-vhs-1e6507dbee6da70c","relationshipType":"DEPENDENCY_OF"},{"spdxElementId":"SPDXRef-Package-go-module-github.com-spf13-cobra-8f324cdfe8fb92bb","relatedSpdxElement":"SPDXRef-Package-go-module-github.com-charmbracelet-vhs-1e6507dbee6da70c","relationshipType":"DEPENDENCY_OF"},{"spdxElementId":"SPDXRef-Package-go-module-github.com-charmbracelet-ssh-950125b7f726f630","relatedSpdxElement":"SPDXRef-Package-go-module-github.com-charmbracelet-vhs-1e6507dbee6da70c","relationshipType":"DEPENDENCY_OF"},{"spdxElementId":"SPDXRef-Package-go-module-golang.org-x-term-9cf0705420332379","relatedSpdxElement":"SPDXRef-Package-go-module-github.com-charmbracelet-vhs-1e6507dbee6da70c","relationshipType":"DEPENDENCY_OF"},{"spdxElementId":"SPDXRef-Package-go-module-github.com-mattn-go-isatty-a11803cb37311308","relatedSpdxElement":"SPDXRef-Package-go-module-github.com-charmbracelet-vhs-1e6507dbee6da70c","relationshipType":"DEPENDENCY_OF"},{"spdxElementId":"SPDXRef-Package-go-module-github.com-ysmood-got-aaea5fe58afe017e","relatedSpdxElement":"SPDXRef-Package-go-module-github.com-charmbracelet-vhs-1e6507dbee6da70c","relationshipType":"DEPENDENCY_OF"},{"spdxElementId":"SPDXRef-Package-go-module-github.com-charmbracelet-x-ansi-ac67c4e87096626a","relatedSpdxElement":"SPDXRef-Package-go-module-github.com-charmbracelet-vhs-1e6507dbee6da70c","relationshipType":"DEPENDENCY_OF"},{"spdxElementId":"SPDXRef-Package-go-module-github.com-microcosm-cc-bluemonday-b018f3ae65e38869","relatedSpdxElement":"SPDXRef-Package-go-module-github.com-charmbracelet-vhs-1e6507dbee6da70c","relationshipType":"DEPENDENCY_OF"},{"spdxElementId":"SPDXRef-Package-go-module-golang.org-x-net-b3b2ec309a67ef2f","relatedSpdxElement":"SPDXRef-Package-go-module-github.com-charmbracelet-vhs-1e6507dbee6da70c","relationshipType":"DEPENDENCY_OF"},{"spdxElementId":"SPDXRef-Package-go-module-github.com-caarlos0-env-v11-b612b57b257a8c35","relatedSpdxElement":"SPDXRef-Package-go-module-github.com-charmbracelet-vhs-1e6507dbee6da70c","relationshipType":"DEPENDENCY_OF"},{"spdxElementId":"SPDXRef-Package-go-module-github.com-muesli-reflow-ba83b81e78e084d8","relatedSpdxElement":"SPDXRef-Package-go-module-github.com-charmbracelet-vhs-1e6507dbee6da70c","relationshipType":"DEPENDENCY_OF"},{"spdxElementId":"SPDXRef-Package-go-module-github.com-muesli-mango-pflag-c4063ff30a79b044","relatedSpdxElement":"SPDXRef-Package-go-module-github.com-charmbracelet-vhs-1e6507dbee6da70c","relationshipType":"DEPENDENCY_OF"},{"spdxElementId":"SPDXRef-Package-go-module-github.com-gorilla-css-cbac4dd9d5ee8945","relatedSpdxElement":"SPDXRef-Package-go-module-github.com-charmbracelet-vhs-1e6507dbee6da70c","relationshipType":"DEPENDENCY_OF"},{"spdxElementId":"SPDXRef-Package-go-module-github.com-agnivade-levenshtein-d446ea566f9f71b3","relatedSpdxElement":"SPDXRef-Package-go-module-github.com-charmbracelet-vhs-1e6507dbee6da70c","relationshipType":"DEPENDENCY_OF"},{"spdxElementId":"SPDXRef-Package-go-module-github.com-muesli-go-app-paths-d8469bd65916a903","relatedSpdxElement":"SPDXRef-Package-go-module-github.com-charmbracelet-vhs-1e6507dbee6da70c","relationshipType":"DEPENDENCY_OF"},{"spdxElementId":"SPDXRef-Package-go-module-github.com-aymerick-douceur-db2b6ff52b894d14","relatedSpdxElement":"SPDXRef-Package-go-module-github.com-charmbracelet-vhs-1e6507dbee6da70c","relationshipType":"DEPENDENCY_OF"},{"spdxElementId":"SPDXRef-Package-go-module-github.com-muesli-cancelreader-e64159255c5f0565","relatedSpdxElement":"SPDXRef-Package-go-module-github.com-charmbracelet-vhs-1e6507dbee6da70c","relationshipType":"DEPENDENCY_OF"},{"spdxElementId":"SPDXRef-Package-go-module-github.com-muesli-termenv-e80793b5d7467864","relatedSpdxElement":"SPDXRef-Package-go-module-github.com-charmbracelet-vhs-1e6507dbee6da70c","relationshipType":"DEPENDENCY_OF"},{"spdxElementId":"SPDXRef-Package-go-module-github.com-yuin-goldmark-emoji-f954d64a2eccecae","relatedSpdxElement":"SPDXRef-Package-go-module-github.com-charmbracelet-vhs-1e6507dbee6da70c","relationshipType":"DEPENDENCY_OF"},{"spdxElementId":"SPDXRef-Package-go-module-golang.org-x-crypto-f96701a914681907","relatedSpdxElement":"SPDXRef-Package-go-module-github.com-charmbracelet-vhs-1e6507dbee6da70c","relationshipType":"DEPENDENCY_OF"},{"spdxElementId":"SPDXRef-Package-go-module-github.com-muesli-ansi-fad2f50730a4074d","relatedSpdxElement":"SPDXRef-Package-go-module-github.com-charmbracelet-vhs-1e6507dbee6da70c","relationshipType":"DEPENDENCY_OF"},{"spdxElementId":"SPDXRef-Package-go-module-golang.org-x-sync-fcc79e2513c2541b","relatedSpdxElement":"SPDXRef-Package-go-module-github.com-charmbracelet-vhs-1e6507dbee6da70c","relationshipType":"DEPENDENCY_OF"},{"spdxElementId":"SPDXRef-Package-go-module-github.com-mitchellh-go-homedir-05c5a50621a1960a","relatedSpdxElement":"SPDXRef-File-vhs-0.9.0-Linux-arm64-vhs-16fc51e8e6354240","relationshipType":"OTHER","comment":"evident-by: indicates the package's existence is evident by the given file"},{"spdxElementId":"SPDXRef-Package-go-module-github.com-alecthomas-chroma-v2-0cb3264d9acd3ead","relatedSpdxElement":"SPDXRef-File-vhs-0.9.0-Linux-arm64-vhs-16fc51e8e6354240","relationshipType":"OTHER","comment":"evident-by: indicates the package's existence is evident by the given file"},{"spdxElementId":"SPDXRef-Package-go-module-github.com-charmbracelet-log-10537c21733266c7","relatedSpdxElement":"SPDXRef-File-vhs-0.9.0-Linux-arm64-vhs-16fc51e8e6354240","relationshipType":"OTHER","comment":"evident-by: indicates the package's existence is evident by the given file"},{"spdxElementId":"SPDXRef-Package-go-module-github.com-charmbracelet-lipgloss-194e2bfcead38029","relatedSpdxElement":"SPDXRef-File-vhs-0.9.0-Linux-arm64-vhs-16fc51e8e6354240","relationshipType":"OTHER","comment":"evident-by: indicates the package's existence is evident by the given file"},{"spdxElementId":"SPDXRef-Package-go-module-github.com-muesli-roff-19858e4a2524a1bb","relatedSpdxElement":"SPDXRef-File-vhs-0.9.0-Linux-arm64-vhs-16fc51e8e6354240","relationshipType":"OTHER","comment":"evident-by: indicates the package's existence is evident by the given file"},{"spdxElementId":"SPDXRef-Package-go-module-github.com-charmbracelet-bubbletea-1bcf9c99e1427e53","relatedSpdxElement":"SPDXRef-File-vhs-0.9.0-Linux-arm64-vhs-16fc51e8e6354240","relationshipType":"OTHER","comment":"evident-by: indicates the package's existence is evident by the given file"},{"spdxElementId":"SPDXRef-Package-go-module-github.com-charmbracelet-vhs-1e6507dbee6da70c","relatedSpdxElement":"SPDXRef-File-vhs-0.9.0-Linux-arm64-vhs-16fc51e8e6354240","relationshipType":"OTHER","comment":"evident-by: indicates the package's existence is evident by the given file"},{"spdxElementId":"SPDXRef-Package-go-module-github.com-hashicorp-go-version-21105f7eba925fc7","relatedSpdxElement":"SPDXRef-File-vhs-0.9.0-Linux-arm64-vhs-16fc51e8e6354240","relationshipType":"OTHER","comment":"evident-by: indicates the package's existence is evident by the given file"},{"spdxElementId":"SPDXRef-Package-go-module-github.com-ysmood-leakless-27a692783967e4b8","relatedSpdxElement":"SPDXRef-File-vhs-0.9.0-Linux-arm64-vhs-16fc51e8e6354240","relationshipType":"OTHER","comment":"evident-by: indicates the package's existence is evident by the given file"},{"spdxElementId":"SPDXRef-Package-go-module-stdlib-2ba5be595dd0b43f","relatedSpdxElement":"SPDXRef-File-vhs-0.9.0-Linux-arm64-vhs-16fc51e8e6354240","relationshipType":"OTHER","comment":"evident-by: indicates the package's existence is evident by the given file"},{"spdxElementId":"SPDXRef-Package-go-module-github.com-charmbracelet-x-termios-2c6a48ae79b75622","relatedSpdxElement":"SPDXRef-File-vhs-0.9.0-Linux-arm64-vhs-16fc51e8e6354240","relationshipType":"OTHER","comment":"evident-by: indicates the package's existence is evident by the given file"},{"spdxElementId":"SPDXRef-Package-go-module-github.com-ysmood-goob-304454c86b0223aa","relatedSpdxElement":"SPDXRef-File-vhs-0.9.0-Linux-arm64-vhs-16fc51e8e6354240","relationshipType":"OTHER","comment":"evident-by: indicates the package's existence is evident by the given file"},{"spdxElementId":"SPDXRef-Package-go-module-github.com-rivo-uniseg-32f5186d1d8468f3","relatedSpdxElement":"SPDXRef-File-vhs-0.9.0-Linux-arm64-vhs-16fc51e8e6354240","relationshipType":"OTHER","comment":"evident-by: indicates the package's existence is evident by the given file"},{"spdxElementId":"SPDXRef-Package-go-module-github.com-charmbracelet-glamour-34436be1ffb499b2","relatedSpdxElement":"SPDXRef-File-vhs-0.9.0-Linux-arm64-vhs-16fc51e8e6354240","relationshipType":"OTHER","comment":"evident-by: indicates the package's existence is evident by the given file"},{"spdxElementId":"SPDXRef-Package-go-module-github.com-mattn-go-runewidth-36d8f67ee6e3eec1","relatedSpdxElement":"SPDXRef-File-vhs-0.9.0-Linux-arm64-vhs-16fc51e8e6354240","relationshipType":"OTHER","comment":"evident-by: indicates the package's existence is evident by the given file"},{"spdxElementId":"SPDXRef-Package-go-module-github.com-anmitsu-go-shlex-3d101526f43b5276","relatedSpdxElement":"SPDXRef-File-vhs-0.9.0-Linux-arm64-vhs-16fc51e8e6354240","relationshipType":"OTHER","comment":"evident-by: indicates the package's existence is evident by the given file"},{"spdxElementId":"SPDXRef-Package-go-module-github.com-spf13-pflag-3da5c90986e7db7d","relatedSpdxElement":"SPDXRef-File-vhs-0.9.0-Linux-arm64-vhs-16fc51e8e6354240","relationshipType":"OTHER","comment":"evident-by: indicates the package's existence is evident by the given file"},{"spdxElementId":"SPDXRef-Package-go-module-github.com-creack-pty-3e0c4433eae89532","relatedSpdxElement":"SPDXRef-File-vhs-0.9.0-Linux-arm64-vhs-16fc51e8e6354240","relationshipType":"OTHER","comment":"evident-by: indicates the package's existence is evident by the given file"},{"spdxElementId":"SPDXRef-Package-go-module-github.com-ysmood-fetchup-42aca6b1c38ea43f","relatedSpdxElement":"SPDXRef-File-vhs-0.9.0-Linux-arm64-vhs-16fc51e8e6354240","relationshipType":"OTHER","comment":"evident-by: indicates the package's existence is evident by the given file"},{"spdxElementId":"SPDXRef-Package-go-module-github.com-ysmood-gson-468bbbb671ebe64a","relatedSpdxElement":"SPDXRef-File-vhs-0.9.0-Linux-arm64-vhs-16fc51e8e6354240","relationshipType":"OTHER","comment":"evident-by: indicates the package's existence is evident by the given file"},{"spdxElementId":"SPDXRef-Package-go-module-github.com-charmbracelet-x-term-509b92dcd47742cd","relatedSpdxElement":"SPDXRef-File-vhs-0.9.0-Linux-arm64-vhs-16fc51e8e6354240","relationshipType":"OTHER","comment":"evident-by: indicates the package's existence is evident by the given file"},{"spdxElementId":"SPDXRef-Package-go-module-github.com-charmbracelet-keygen-527cd10428d1fdfd","relatedSpdxElement":"SPDXRef-File-vhs-0.9.0-Linux-arm64-vhs-16fc51e8e6354240","relationshipType":"OTHER","comment":"evident-by: indicates the package's existence is evident by the given file"},{"spdxElementId":"SPDXRef-Package-go-module-github.com-lucasb-eyer-go-colorful-5626be631eb52557","relatedSpdxElement":"SPDXRef-File-vhs-0.9.0-Linux-arm64-vhs-16fc51e8e6354240","relationshipType":"OTHER","comment":"evident-by: indicates the package's existence is evident by the given file"},{"spdxElementId":"SPDXRef-Package-go-module-golang.org-x-sys-5858b608e07937de","relatedSpdxElement":"SPDXRef-File-vhs-0.9.0-Linux-arm64-vhs-16fc51e8e6354240","relationshipType":"OTHER","comment":"evident-by: indicates the package's existence is evident by the given file"},{"spdxElementId":"SPDXRef-Package-go-module-github.com-go-logfmt-logfmt-59f75037d1b2c6eb","relatedSpdxElement":"SPDXRef-File-vhs-0.9.0-Linux-arm64-vhs-16fc51e8e6354240","relationshipType":"OTHER","comment":"evident-by: indicates the package's existence is evident by the given file"},{"spdxElementId":"SPDXRef-Package-go-module-github.com-muesli-mango-5ac06bc4aea3d512","relatedSpdxElement":"SPDXRef-File-vhs-0.9.0-Linux-arm64-vhs-16fc51e8e6354240","relationshipType":"OTHER","comment":"evident-by: indicates the package's existence is evident by the given file"},{"spdxElementId":"SPDXRef-Package-go-module-github.com-dlclark-regexp2-5f24ce970e4efea8","relatedSpdxElement":"SPDXRef-File-vhs-0.9.0-Linux-arm64-vhs-16fc51e8e6354240","relationshipType":"OTHER","comment":"evident-by: indicates the package's existence is evident by the given file"},{"spdxElementId":"SPDXRef-Package-go-module-github.com-yuin-goldmark-60672fe0f307934e","relatedSpdxElement":"SPDXRef-File-vhs-0.9.0-Linux-arm64-vhs-16fc51e8e6354240","relationshipType":"OTHER","comment":"evident-by: indicates the package's existence is evident by the given file"},{"spdxElementId":"SPDXRef-Package-go-module-github.com-charmbracelet-wish-682eaac500d0b22b","relatedSpdxElement":"SPDXRef-File-vhs-0.9.0-Linux-arm64-vhs-16fc51e8e6354240","relationshipType":"OTHER","comment":"evident-by: indicates the package's existence is evident by the given file"},{"spdxElementId":"SPDXRef-Package-go-module-github.com-muesli-mango-cobra-74ca1d85c5a6f89d","relatedSpdxElement":"SPDXRef-File-vhs-0.9.0-Linux-arm64-vhs-16fc51e8e6354240","relationshipType":"OTHER","comment":"evident-by: indicates the package's existence is evident by the given file"},{"spdxElementId":"SPDXRef-Package-go-module-github.com-aymanbagabas-go-osc52-v2-799eeba8313ec2ec","relatedSpdxElement":"SPDXRef-File-vhs-0.9.0-Linux-arm64-vhs-16fc51e8e6354240","relationshipType":"OTHER","comment":"evident-by: indicates the package's existence is evident by the given file"},{"spdxElementId":"SPDXRef-Package-go-module-github.com-atotto-clipboard-7deb246a3f8ade31","relatedSpdxElement":"SPDXRef-File-vhs-0.9.0-Linux-arm64-vhs-16fc51e8e6354240","relationshipType":"OTHER","comment":"evident-by: indicates the package's existence is evident by the given file"},{"spdxElementId":"SPDXRef-Package-go-module-github.com-go-rod-rod-8c0d11f4395f4dba","relatedSpdxElement":"SPDXRef-File-vhs-0.9.0-Linux-arm64-vhs-16fc51e8e6354240","relationshipType":"OTHER","comment":"evident-by: indicates the package's existence is evident by the given file"},{"spdxElementId":"SPDXRef-Package-go-module-github.com-spf13-cobra-8f324cdfe8fb92bb","relatedSpdxElement":"SPDXRef-File-vhs-0.9.0-Linux-arm64-vhs-16fc51e8e6354240","relationshipType":"OTHER","comment":"evident-by: indicates the package's existence is evident by the given file"},{"spdxElementId":"SPDXRef-Package-go-module-github.com-charmbracelet-ssh-950125b7f726f630","relatedSpdxElement":"SPDXRef-File-vhs-0.9.0-Linux-arm64-vhs-16fc51e8e6354240","relationshipType":"OTHER","comment":"evident-by: indicates the package's existence is evident by the given file"},{"spdxElementId":"SPDXRef-Package-go-module-golang.org-x-term-9cf0705420332379","relatedSpdxElement":"SPDXRef-File-vhs-0.9.0-Linux-arm64-vhs-16fc51e8e6354240","relationshipType":"OTHER","comment":"evident-by: indicates the package's existence is evident by the given file"},{"spdxElementId":"SPDXRef-Package-go-module-github.com-mattn-go-isatty-a11803cb37311308","relatedSpdxElement":"SPDXRef-File-vhs-0.9.0-Linux-arm64-vhs-16fc51e8e6354240","relationshipType":"OTHER","comment":"evident-by: indicates the package's existence is evident by the given file"},{"spdxElementId":"SPDXRef-Package-go-module-github.com-ysmood-got-aaea5fe58afe017e","relatedSpdxElement":"SPDXRef-File-vhs-0.9.0-Linux-arm64-vhs-16fc51e8e6354240","relationshipType":"OTHER","comment":"evident-by: indicates the package's existence is evident by the given file"},{"spdxElementId":"SPDXRef-Package-go-module-github.com-charmbracelet-x-ansi-ac67c4e87096626a","relatedSpdxElement":"SPDXRef-File-vhs-0.9.0-Linux-arm64-vhs-16fc51e8e6354240","relationshipType":"OTHER","comment":"evident-by: indicates the package's existence is evident by the given file"},{"spdxElementId":"SPDXRef-Package-go-module-github.com-microcosm-cc-bluemonday-b018f3ae65e38869","relatedSpdxElement":"SPDXRef-File-vhs-0.9.0-Linux-arm64-vhs-16fc51e8e6354240","relationshipType":"OTHER","comment":"evident-by: indicates the package's existence is evident by the given file"},{"spdxElementId":"SPDXRef-Package-go-module-golang.org-x-net-b3b2ec309a67ef2f","relatedSpdxElement":"SPDXRef-File-vhs-0.9.0-Linux-arm64-vhs-16fc51e8e6354240","relationshipType":"OTHER","comment":"evident-by: indicates the package's existence is evident by the given file"},{"spdxElementId":"SPDXRef-Package-go-module-github.com-caarlos0-env-v11-b612b57b257a8c35","relatedSpdxElement":"SPDXRef-File-vhs-0.9.0-Linux-arm64-vhs-16fc51e8e6354240","relationshipType":"OTHER","comment":"evident-by: indicates the package's existence is evident by the given file"},{"spdxElementId":"SPDXRef-Package-go-module-github.com-muesli-reflow-ba83b81e78e084d8","relatedSpdxElement":"SPDXRef-File-vhs-0.9.0-Linux-arm64-vhs-16fc51e8e6354240","relationshipType":"OTHER","comment":"evident-by: indicates the package's existence is evident by the given file"},{"spdxElementId":"SPDXRef-Package-go-module-github.com-muesli-mango-pflag-c4063ff30a79b044","relatedSpdxElement":"SPDXRef-File-vhs-0.9.0-Linux-arm64-vhs-16fc51e8e6354240","relationshipType":"OTHER","comment":"evident-by: indicates the package's existence is evident by the given file"},{"spdxElementId":"SPDXRef-Package-go-module-github.com-gorilla-css-cbac4dd9d5ee8945","relatedSpdxElement":"SPDXRef-File-vhs-0.9.0-Linux-arm64-vhs-16fc51e8e6354240","relationshipType":"OTHER","comment":"evident-by: indicates the package's existence is evident by the given file"},{"spdxElementId":"SPDXRef-Package-go-module-github.com-agnivade-levenshtein-d446ea566f9f71b3","relatedSpdxElement":"SPDXRef-File-vhs-0.9.0-Linux-arm64-vhs-16fc51e8e6354240","relationshipType":"OTHER","comment":"evident-by: indicates the package's existence is evident by the given file"},{"spdxElementId":"SPDXRef-Package-go-module-github.com-muesli-go-app-paths-d8469bd65916a903","relatedSpdxElement":"SPDXRef-File-vhs-0.9.0-Linux-arm64-vhs-16fc51e8e6354240","relationshipType":"OTHER","comment":"evident-by: indicates the package's existence is evident by the given file"},{"spdxElementId":"SPDXRef-Package-go-module-github.com-aymerick-douceur-db2b6ff52b894d14","relatedSpdxElement":"SPDXRef-File-vhs-0.9.0-Linux-arm64-vhs-16fc51e8e6354240","relationshipType":"OTHER","comment":"evident-by: indicates the package's existence is evident by the given file"},{"spdxElementId":"SPDXRef-Package-go-module-github.com-muesli-cancelreader-e64159255c5f0565","relatedSpdxElement":"SPDXRef-File-vhs-0.9.0-Linux-arm64-vhs-16fc51e8e6354240","relationshipType":"OTHER","comment":"evident-by: indicates the package's existence is evident by the given file"},{"spdxElementId":"SPDXRef-Package-go-module-github.com-muesli-termenv-e80793b5d7467864","relatedSpdxElement":"SPDXRef-File-vhs-0.9.0-Linux-arm64-vhs-16fc51e8e6354240","relationshipType":"OTHER","comment":"evident-by: indicates the package's existence is evident by the given file"},{"spdxElementId":"SPDXRef-Package-go-module-github.com-yuin-goldmark-emoji-f954d64a2eccecae","relatedSpdxElement":"SPDXRef-File-vhs-0.9.0-Linux-arm64-vhs-16fc51e8e6354240","relationshipType":"OTHER","comment":"evident-by: indicates the package's existence is evident by the given file"},{"spdxElementId":"SPDXRef-Package-go-module-golang.org-x-crypto-f96701a914681907","relatedSpdxElement":"SPDXRef-File-vhs-0.9.0-Linux-arm64-vhs-16fc51e8e6354240","relationshipType":"OTHER","comment":"evident-by: indicates the package's existence is evident by the given file"},{"spdxElementId":"SPDXRef-Package-go-module-github.com-muesli-ansi-fad2f50730a4074d","relatedSpdxElement":"SPDXRef-File-vhs-0.9.0-Linux-arm64-vhs-16fc51e8e6354240","relationshipType":"OTHER","comment":"evident-by: indicates the package's existence is evident by the given file"},{"spdxElementId":"SPDXRef-Package-go-module-golang.org-x-sync-fcc79e2513c2541b","relatedSpdxElement":"SPDXRef-File-vhs-0.9.0-Linux-arm64-vhs-16fc51e8e6354240","relationshipType":"OTHER","comment":"evident-by: indicates the package's existence is evident by the given file"},{"spdxElementId":"SPDXRef-DocumentRoot-File-vhs-0.9.0-Linux-arm64.tar.gz","relatedSpdxElement":"SPDXRef-Package-go-module-github.com-agnivade-levenshtein-d446ea566f9f71b3","relationshipType":"CONTAINS"},{"spdxElementId":"SPDXRef-DocumentRoot-File-vhs-0.9.0-Linux-arm64.tar.gz","relatedSpdxElement":"SPDXRef-Package-go-module-github.com-alecthomas-chroma-v2-0cb3264d9acd3ead","relationshipType":"CONTAINS"},{"spdxElementId":"SPDXRef-DocumentRoot-File-vhs-0.9.0-Linux-arm64.tar.gz","relatedSpdxElement":"SPDXRef-Package-go-module-github.com-anmitsu-go-shlex-3d101526f43b5276","relationshipType":"CONTAINS"},{"spdxElementId":"SPDXRef-DocumentRoot-File-vhs-0.9.0-Linux-arm64.tar.gz","relatedSpdxElement":"SPDXRef-Package-go-module-github.com-atotto-clipboard-7deb246a3f8ade31","relationshipType":"CONTAINS"},{"spdxElementId":"SPDXRef-DocumentRoot-File-vhs-0.9.0-Linux-arm64.tar.gz","relatedSpdxElement":"SPDXRef-Package-go-module-github.com-aymanbagabas-go-osc52-v2-799eeba8313ec2ec","relationshipType":"CONTAINS"},{"spdxElementId":"SPDXRef-DocumentRoot-File-vhs-0.9.0-Linux-arm64.tar.gz","relatedSpdxElement":"SPDXRef-Package-go-module-github.com-aymerick-douceur-db2b6ff52b894d14","relationshipType":"CONTAINS"},{"spdxElementId":"SPDXRef-DocumentRoot-File-vhs-0.9.0-Linux-arm64.tar.gz","relatedSpdxElement":"SPDXRef-Package-go-module-github.com-caarlos0-env-v11-b612b57b257a8c35","relationshipType":"CONTAINS"},{"spdxElementId":"SPDXRef-DocumentRoot-File-vhs-0.9.0-Linux-arm64.tar.gz","relatedSpdxElement":"SPDXRef-Package-go-module-github.com-charmbracelet-bubbletea-1bcf9c99e1427e53","relationshipType":"CONTAINS"},{"spdxElementId":"SPDXRef-DocumentRoot-File-vhs-0.9.0-Linux-arm64.tar.gz","relatedSpdxElement":"SPDXRef-Package-go-module-github.com-charmbracelet-glamour-34436be1ffb499b2","relationshipType":"CONTAINS"},{"spdxElementId":"SPDXRef-DocumentRoot-File-vhs-0.9.0-Linux-arm64.tar.gz","relatedSpdxElement":"SPDXRef-Package-go-module-github.com-charmbracelet-keygen-527cd10428d1fdfd","relationshipType":"CONTAINS"},{"spdxElementId":"SPDXRef-DocumentRoot-File-vhs-0.9.0-Linux-arm64.tar.gz","relatedSpdxElement":"SPDXRef-Package-go-module-github.com-charmbracelet-lipgloss-194e2bfcead38029","relationshipType":"CONTAINS"},{"spdxElementId":"SPDXRef-DocumentRoot-File-vhs-0.9.0-Linux-arm64.tar.gz","relatedSpdxElement":"SPDXRef-Package-go-module-github.com-charmbracelet-log-10537c21733266c7","relationshipType":"CONTAINS"},{"spdxElementId":"SPDXRef-DocumentRoot-File-vhs-0.9.0-Linux-arm64.tar.gz","relatedSpdxElement":"SPDXRef-Package-go-module-github.com-charmbracelet-ssh-950125b7f726f630","relationshipType":"CONTAINS"},{"spdxElementId":"SPDXRef-DocumentRoot-File-vhs-0.9.0-Linux-arm64.tar.gz","relatedSpdxElement":"SPDXRef-Package-go-module-github.com-charmbracelet-vhs-1e6507dbee6da70c","relationshipType":"CONTAINS"},{"spdxElementId":"SPDXRef-DocumentRoot-File-vhs-0.9.0-Linux-arm64.tar.gz","relatedSpdxElement":"SPDXRef-Package-go-module-github.com-charmbracelet-wish-682eaac500d0b22b","relationshipType":"CONTAINS"},{"spdxElementId":"SPDXRef-DocumentRoot-File-vhs-0.9.0-Linux-arm64.tar.gz","relatedSpdxElement":"SPDXRef-Package-go-module-github.com-charmbracelet-x-ansi-ac67c4e87096626a","relationshipType":"CONTAINS"},{"spdxElementId":"SPDXRef-DocumentRoot-File-vhs-0.9.0-Linux-arm64.tar.gz","relatedSpdxElement":"SPDXRef-Package-go-module-github.com-charmbracelet-x-term-509b92dcd47742cd","relationshipType":"CONTAINS"},{"spdxElementId":"SPDXRef-DocumentRoot-File-vhs-0.9.0-Linux-arm64.tar.gz","relatedSpdxElement":"SPDXRef-Package-go-module-github.com-charmbracelet-x-termios-2c6a48ae79b75622","relationshipType":"CONTAINS"},{"spdxElementId":"SPDXRef-DocumentRoot-File-vhs-0.9.0-Linux-arm64.tar.gz","relatedSpdxElement":"SPDXRef-Package-go-module-github.com-creack-pty-3e0c4433eae89532","relationshipType":"CONTAINS"},{"spdxElementId":"SPDXRef-DocumentRoot-File-vhs-0.9.0-Linux-arm64.tar.gz","relatedSpdxElement":"SPDXRef-Package-go-module-github.com-dlclark-regexp2-5f24ce970e4efea8","relationshipType":"CONTAINS"},{"spdxElementId":"SPDXRef-DocumentRoot-File-vhs-0.9.0-Linux-arm64.tar.gz","relatedSpdxElement":"SPDXRef-Package-go-module-github.com-go-logfmt-logfmt-59f75037d1b2c6eb","relationshipType":"CONTAINS"},{"spdxElementId":"SPDXRef-DocumentRoot-File-vhs-0.9.0-Linux-arm64.tar.gz","relatedSpdxElement":"SPDXRef-Package-go-module-github.com-go-rod-rod-8c0d11f4395f4dba","relationshipType":"CONTAINS"},{"spdxElementId":"SPDXRef-DocumentRoot-File-vhs-0.9.0-Linux-arm64.tar.gz","relatedSpdxElement":"SPDXRef-Package-go-module-github.com-gorilla-css-cbac4dd9d5ee8945","relationshipType":"CONTAINS"},{"spdxElementId":"SPDXRef-DocumentRoot-File-vhs-0.9.0-Linux-arm64.tar.gz","relatedSpdxElement":"SPDXRef-Package-go-module-github.com-hashicorp-go-version-21105f7eba925fc7","relationshipType":"CONTAINS"},{"spdxElementId":"SPDXRef-DocumentRoot-File-vhs-0.9.0-Linux-arm64.tar.gz","relatedSpdxElement":"SPDXRef-Package-go-module-github.com-lucasb-eyer-go-colorful-5626be631eb52557","relationshipType":"CONTAINS"},{"spdxElementId":"SPDXRef-DocumentRoot-File-vhs-0.9.0-Linux-arm64.tar.gz","relatedSpdxElement":"SPDXRef-Package-go-module-github.com-mattn-go-isatty-a11803cb37311308","relationshipType":"CONTAINS"},{"spdxElementId":"SPDXRef-DocumentRoot-File-vhs-0.9.0-Linux-arm64.tar.gz","relatedSpdxElement":"SPDXRef-Package-go-module-github.com-mattn-go-runewidth-36d8f67ee6e3eec1","relationshipType":"CONTAINS"},{"spdxElementId":"SPDXRef-DocumentRoot-File-vhs-0.9.0-Linux-arm64.tar.gz","relatedSpdxElement":"SPDXRef-Package-go-module-github.com-microcosm-cc-bluemonday-b018f3ae65e38869","relationshipType":"CONTAINS"},{"spdxElementId":"SPDXRef-DocumentRoot-File-vhs-0.9.0-Linux-arm64.tar.gz","relatedSpdxElement":"SPDXRef-Package-go-module-github.com-mitchellh-go-homedir-05c5a50621a1960a","relationshipType":"CONTAINS"},{"spdxElementId":"SPDXRef-DocumentRoot-File-vhs-0.9.0-Linux-arm64.tar.gz","relatedSpdxElement":"SPDXRef-Package-go-module-github.com-muesli-ansi-fad2f50730a4074d","relationshipType":"CONTAINS"},{"spdxElementId":"SPDXRef-DocumentRoot-File-vhs-0.9.0-Linux-arm64.tar.gz","relatedSpdxElement":"SPDXRef-Package-go-module-github.com-muesli-cancelreader-e64159255c5f0565","relationshipType":"CONTAINS"},{"spdxElementId":"SPDXRef-DocumentRoot-File-vhs-0.9.0-Linux-arm64.tar.gz","relatedSpdxElement":"SPDXRef-Package-go-module-github.com-muesli-go-app-paths-d8469bd65916a903","relationshipType":"CONTAINS"},{"spdxElementId":"SPDXRef-DocumentRoot-File-vhs-0.9.0-Linux-arm64.tar.gz","relatedSpdxElement":"SPDXRef-Package-go-module-github.com-muesli-mango-5ac06bc4aea3d512","relationshipType":"CONTAINS"},{"spdxElementId":"SPDXRef-DocumentRoot-File-vhs-0.9.0-Linux-arm64.tar.gz","relatedSpdxElement":"SPDXRef-Package-go-module-github.com-muesli-mango-cobra-74ca1d85c5a6f89d","relationshipType":"CONTAINS"},{"spdxElementId":"SPDXRef-DocumentRoot-File-vhs-0.9.0-Linux-arm64.tar.gz","relatedSpdxElement":"SPDXRef-Package-go-module-github.com-muesli-mango-pflag-c4063ff30a79b044","relationshipType":"CONTAINS"},{"spdxElementId":"SPDXRef-DocumentRoot-File-vhs-0.9.0-Linux-arm64.tar.gz","relatedSpdxElement":"SPDXRef-Package-go-module-github.com-muesli-reflow-ba83b81e78e084d8","relationshipType":"CONTAINS"},{"spdxElementId":"SPDXRef-DocumentRoot-File-vhs-0.9.0-Linux-arm64.tar.gz","relatedSpdxElement":"SPDXRef-Package-go-module-github.com-muesli-roff-19858e4a2524a1bb","relationshipType":"CONTAINS"},{"spdxElementId":"SPDXRef-DocumentRoot-File-vhs-0.9.0-Linux-arm64.tar.gz","relatedSpdxElement":"SPDXRef-Package-go-module-github.com-muesli-termenv-e80793b5d7467864","relationshipType":"CONTAINS"},{"spdxElementId":"SPDXRef-DocumentRoot-File-vhs-0.9.0-Linux-arm64.tar.gz","relatedSpdxElement":"SPDXRef-Package-go-module-github.com-rivo-uniseg-32f5186d1d8468f3","relationshipType":"CONTAINS"},{"spdxElementId":"SPDXRef-DocumentRoot-File-vhs-0.9.0-Linux-arm64.tar.gz","relatedSpdxElement":"SPDXRef-Package-go-module-github.com-spf13-cobra-8f324cdfe8fb92bb","relationshipType":"CONTAINS"},{"spdxElementId":"SPDXRef-DocumentRoot-File-vhs-0.9.0-Linux-arm64.tar.gz","relatedSpdxElement":"SPDXRef-Package-go-module-github.com-spf13-pflag-3da5c90986e7db7d","relationshipType":"CONTAINS"},{"spdxElementId":"SPDXRef-DocumentRoot-File-vhs-0.9.0-Linux-arm64.tar.gz","relatedSpdxElement":"SPDXRef-Package-go-module-github.com-ysmood-fetchup-42aca6b1c38ea43f","relationshipType":"CONTAINS"},{"spdxElementId":"SPDXRef-DocumentRoot-File-vhs-0.9.0-Linux-arm64.tar.gz","relatedSpdxElement":"SPDXRef-Package-go-module-github.com-ysmood-goob-304454c86b0223aa","relationshipType":"CONTAINS"},{"spdxElementId":"SPDXRef-DocumentRoot-File-vhs-0.9.0-Linux-arm64.tar.gz","relatedSpdxElement":"SPDXRef-Package-go-module-github.com-ysmood-got-aaea5fe58afe017e","relationshipType":"CONTAINS"},{"spdxElementId":"SPDXRef-DocumentRoot-File-vhs-0.9.0-Linux-arm64.tar.gz","relatedSpdxElement":"SPDXRef-Package-go-module-github.com-ysmood-gson-468bbbb671ebe64a","relationshipType":"CONTAINS"},{"spdxElementId":"SPDXRef-DocumentRoot-File-vhs-0.9.0-Linux-arm64.tar.gz","relatedSpdxElement":"SPDXRef-Package-go-module-github.com-ysmood-leakless-27a692783967e4b8","relationshipType":"CONTAINS"},{"spdxElementId":"SPDXRef-DocumentRoot-File-vhs-0.9.0-Linux-arm64.tar.gz","relatedSpdxElement":"SPDXRef-Package-go-module-github.com-yuin-goldmark-60672fe0f307934e","relationshipType":"CONTAINS"},{"spdxElementId":"SPDXRef-DocumentRoot-File-vhs-0.9.0-Linux-arm64.tar.gz","relatedSpdxElement":"SPDXRef-Package-go-module-github.com-yuin-goldmark-emoji-f954d64a2eccecae","relationshipType":"CONTAINS"},{"spdxElementId":"SPDXRef-DocumentRoot-File-vhs-0.9.0-Linux-arm64.tar.gz","relatedSpdxElement":"SPDXRef-Package-go-module-golang.org-x-crypto-f96701a914681907","relationshipType":"CONTAINS"},{"spdxElementId":"SPDXRef-DocumentRoot-File-vhs-0.9.0-Linux-arm64.tar.gz","relatedSpdxElement":"SPDXRef-Package-go-module-golang.org-x-net-b3b2ec309a67ef2f","relationshipType":"CONTAINS"},{"spdxElementId":"SPDXRef-DocumentRoot-File-vhs-0.9.0-Linux-arm64.tar.gz","relatedSpdxElement":"SPDXRef-Package-go-module-golang.org-x-sync-fcc79e2513c2541b","relationshipType":"CONTAINS"},{"spdxElementId":"SPDXRef-DocumentRoot-File-vhs-0.9.0-Linux-arm64.tar.gz","relatedSpdxElement":"SPDXRef-Package-go-module-golang.org-x-sys-5858b608e07937de","relationshipType":"CONTAINS"},{"spdxElementId":"SPDXRef-DocumentRoot-File-vhs-0.9.0-Linux-arm64.tar.gz","relatedSpdxElement":"SPDXRef-Package-go-module-golang.org-x-term-9cf0705420332379","relationshipType":"CONTAINS"},{"spdxElementId":"SPDXRef-DocumentRoot-File-vhs-0.9.0-Linux-arm64.tar.gz","relatedSpdxElement":"SPDXRef-Package-go-module-stdlib-2ba5be595dd0b43f","relationshipType":"CONTAINS"},{"spdxElementId":"SPDXRef-DOCUMENT","relatedSpdxElement":"SPDXRef-DocumentRoot-File-vhs-0.9.0-Linux-arm64.tar.gz","relationshipType":"DESCRIBES"}]}
