{"spdxVersion":"SPDX-2.3","dataLicense":"CC0-1.0","SPDXID":"SPDXRef-DOCUMENT","name":"glow_2.1.0_Netbsd_i386.tar.gz","documentNamespace":"https://anchore.com/syft/file/glow_2.1.0_Netbsd_i386.tar.gz-444d4f8b-bd9d-485e-9fee-cb639e283270","creationInfo":{"licenseListVersion":"3.25","creators":["Organization: Anchore, Inc","Tool: syft-1.19.0"],"created":"2025-02-26T20:31:51Z"},"packages":[{"name":"github.com/alecthomas/chroma/v2","SPDXID":"SPDXRef-Package-go-module-github.com-alecthomas-chroma-v2-50d16175be56abec","versionInfo":"v2.14.0","supplier":"NOASSERTION","downloadLocation":"NOASSERTION","filesAnalyzed":false,"checksums":[{"algorithm":"SHA256","checksumValue":"477fb0ce99d402b19c433edf0844d00733b99fd20c362d77888b38e9a53857d1"}],"sourceInfo":"acquired package info from go module information: glow_2.1.0_Netbsd_i386/glow","licenseConcluded":"NOASSERTION","licenseDeclared":"NOASSERTION","copyrightText":"NOASSERTION","externalRefs":[{"referenceCategory":"SECURITY","referenceType":"cpe23Type","referenceLocator":"cpe:2.3:a:alecthomas:chroma\\/v2:v2.14.0:*:*:*:*:*:*:*"},{"referenceCategory":"PACKAGE-MANAGER","referenceType":"purl","referenceLocator":"pkg:golang/github.com/alecthomas/chroma@v2.14.0#v2"}]},{"name":"github.com/atotto/clipboard","SPDXID":"SPDXRef-Package-go-module-github.com-atotto-clipboard-4f4c44b15cce007b","versionInfo":"v0.1.4","supplier":"NOASSERTION","downloadLocation":"NOASSERTION","filesAnalyzed":false,"checksums":[{"algorithm":"SHA256","checksumValue":"107d334959de64f4ae151d7506547d629a504d50db879fb5e8099c262e20d73e"}],"sourceInfo":"acquired package info from go module information: glow_2.1.0_Netbsd_i386/glow","licenseConcluded":"NOASSERTION","licenseDeclared":"NOASSERTION","copyrightText":"NOASSERTION","externalRefs":[{"referenceCategory":"SECURITY","referenceType":"cpe23Type","referenceLocator":"cpe:2.3:a:atotto:clipboard:v0.1.4:*:*:*:*:*:*:*"},{"referenceCategory":"PACKAGE-MANAGER","referenceType":"purl","referenceLocator":"pkg:golang/github.com/atotto/clipboard@v0.1.4"}]},{"name":"github.com/aymanbagabas/go-osc52/v2","SPDXID":"SPDXRef-Package-go-module-github.com-aymanbagabas-go-osc52-v2-972fa0fd7f07c102","versionInfo":"v2.0.1","supplier":"NOASSERTION","downloadLocation":"NOASSERTION","filesAnalyzed":false,"checksums":[{"algorithm":"SHA256","checksumValue":"1f0a511db14c7192c456be360f8a7b5c1aa3caec501f948c884ac34f85a42769"}],"sourceInfo":"acquired package info from go module information: glow_2.1.0_Netbsd_i386/glow","licenseConcluded":"NOASSERTION","licenseDeclared":"NOASSERTION","copyrightText":"NOASSERTION","externalRefs":[{"referenceCategory":"SECURITY","referenceType":"cpe23Type","referenceLocator":"cpe:2.3:a:aymanbagabas:go-osc52\\/v2:v2.0.1:*:*:*:*:*:*:*"},{"referenceCategory":"SECURITY","referenceType":"cpe23Type","referenceLocator":"cpe:2.3:a:aymanbagabas:go_osc52\\/v2:v2.0.1:*:*:*:*:*:*:*"},{"referenceCategory":"PACKAGE-MANAGER","referenceType":"purl","referenceLocator":"pkg:golang/github.com/aymanbagabas/go-osc52@v2.0.1#v2"}]},{"name":"github.com/aymerick/douceur","SPDXID":"SPDXRef-Package-go-module-github.com-aymerick-douceur-7a8b1d538e7dea61","versionInfo":"v0.2.0","supplier":"NOASSERTION","downloadLocation":"NOASSERTION","filesAnalyzed":false,"checksums":[{"algorithm":"SHA256","checksumValue":"32ffa601e1f543e9fd16bfa8c9a98e94091434f58f940f0f3c6474400698b8f9"}],"sourceInfo":"acquired package info from go module information: glow_2.1.0_Netbsd_i386/glow","licenseConcluded":"NOASSERTION","licenseDeclared":"NOASSERTION","copyrightText":"NOASSERTION","externalRefs":[{"referenceCategory":"SECURITY","referenceType":"cpe23Type","referenceLocator":"cpe:2.3:a:aymerick:douceur:v0.2.0:*:*:*:*:*:*:*"},{"referenceCategory":"PACKAGE-MANAGER","referenceType":"purl","referenceLocator":"pkg:golang/github.com/aymerick/douceur@v0.2.0"}]},{"name":"github.com/caarlos0/env/v11","SPDXID":"SPDXRef-Package-go-module-github.com-caarlos0-env-v11-a9a05f11e1a62a54","versionInfo":"v11.3.1","supplier":"NOASSERTION","downloadLocation":"NOASSERTION","filesAnalyzed":false,"checksums":[{"algorithm":"SHA256","checksumValue":"700acf582d79856984b7e81693b6018bb9445d35c2be96927428991365f99820"}],"sourceInfo":"acquired package info from go module information: glow_2.1.0_Netbsd_i386/glow","licenseConcluded":"NOASSERTION","licenseDeclared":"NOASSERTION","copyrightText":"NOASSERTION","externalRefs":[{"referenceCategory":"SECURITY","referenceType":"cpe23Type","referenceLocator":"cpe:2.3:a:caarlos0:env\\/v11:v11.3.1:*:*:*:*:*:*:*"},{"referenceCategory":"PACKAGE-MANAGER","referenceType":"purl","referenceLocator":"pkg:golang/github.com/caarlos0/env@v11.3.1#v11"}]},{"name":"github.com/charmbracelet/bubbles","SPDXID":"SPDXRef-Package-go-module-github.com-charmbracelet-bubbles-7674e70f82a02fd9","versionInfo":"v0.20.0","supplier":"NOASSERTION","downloadLocation":"NOASSERTION","filesAnalyzed":false,"checksums":[{"algorithm":"SHA256","checksumValue":"8d266eeaa0fc71143a93d38c7d1d5694cfabb8cf1f90f5a41ef4160fd2c8bad1"}],"sourceInfo":"acquired package info from go module information: glow_2.1.0_Netbsd_i386/glow","licenseConcluded":"NOASSERTION","licenseDeclared":"NOASSERTION","copyrightText":"NOASSERTION","externalRefs":[{"referenceCategory":"SECURITY","referenceType":"cpe23Type","referenceLocator":"cpe:2.3:a:charmbracelet:bubbles:v0.20.0:*:*:*:*:*:*:*"},{"referenceCategory":"PACKAGE-MANAGER","referenceType":"purl","referenceLocator":"pkg:golang/github.com/charmbracelet/bubbles@v0.20.0"}]},{"name":"github.com/charmbracelet/bubbletea","SPDXID":"SPDXRef-Package-go-module-github.com-charmbracelet-bubbletea-f58f9bd85ea4f08b","versionInfo":"v1.3.3","supplier":"NOASSERTION","downloadLocation":"NOASSERTION","filesAnalyzed":false,"checksums":[{"algorithm":"SHA256","checksumValue":"5a953a7c2634276bc358cdf37d2def2038bf50bab7498a61661900186be61146"}],"sourceInfo":"acquired package info from go module information: glow_2.1.0_Netbsd_i386/glow","licenseConcluded":"NOASSERTION","licenseDeclared":"NOASSERTION","copyrightText":"NOASSERTION","externalRefs":[{"referenceCategory":"SECURITY","referenceType":"cpe23Type","referenceLocator":"cpe:2.3:a:charmbracelet:bubbletea:v1.3.3:*:*:*:*:*:*:*"},{"referenceCategory":"PACKAGE-MANAGER","referenceType":"purl","referenceLocator":"pkg:golang/github.com/charmbracelet/bubbletea@v1.3.3"}]},{"name":"github.com/charmbracelet/glamour","SPDXID":"SPDXRef-Package-go-module-github.com-charmbracelet-glamour-18e9af157bad5146","versionInfo":"v0.8.0","supplier":"NOASSERTION","downloadLocation":"NOASSERTION","filesAnalyzed":false,"checksums":[{"algorithm":"SHA256","checksumValue":"b4fae32f76917106e7fbeeedd7cc0ea602f297cc2b3875040d2ec867af10b59b"}],"sourceInfo":"acquired package info from go module information: glow_2.1.0_Netbsd_i386/glow","licenseConcluded":"NOASSERTION","licenseDeclared":"NOASSERTION","copyrightText":"NOASSERTION","externalRefs":[{"referenceCategory":"SECURITY","referenceType":"cpe23Type","referenceLocator":"cpe:2.3:a:charmbracelet:glamour:v0.8.0:*:*:*:*:*:*:*"},{"referenceCategory":"PACKAGE-MANAGER","referenceType":"purl","referenceLocator":"pkg:golang/github.com/charmbracelet/glamour@v0.8.0"}]},{"name":"github.com/charmbracelet/glow/v2","SPDXID":"SPDXRef-Package-go-module-github.com-charmbracelet-glow-v2-85e79f6cae6b506a","versionInfo":"v2.1.0","supplier":"NOASSERTION","downloadLocation":"NOASSERTION","filesAnalyzed":false,"checksums":[{"algorithm":"SHA256","checksumValue":"4ccb0d4021e270ede25dafccdc3146aad936d921a739b020d4bcc3a6abf5ac22"}],"sourceInfo":"acquired package info from go module information: glow_2.1.0_Netbsd_i386/glow","licenseConcluded":"NOASSERTION","licenseDeclared":"NOASSERTION","copyrightText":"NOASSERTION","externalRefs":[{"referenceCategory":"SECURITY","referenceType":"cpe23Type","referenceLocator":"cpe:2.3:a:charmbracelet:glow\\/v2:v2.1.0:*:*:*:*:*:*:*"},{"referenceCategory":"PACKAGE-MANAGER","referenceType":"purl","referenceLocator":"pkg:golang/github.com/charmbracelet/glow@v2.1.0#v2"}]},{"name":"github.com/charmbracelet/lipgloss","SPDXID":"SPDXRef-Package-go-module-github.com-charmbracelet-lipgloss-946b712e605e9e90","versionInfo":"v1.0.0","supplier":"NOASSERTION","downloadLocation":"NOASSERTION","filesAnalyzed":false,"checksums":[{"algorithm":"SHA256","checksumValue":"3bb564183bea11d1a2f775fe0deaac43b3ca1c382d41f17c8fcfcedaa14c40d8"}],"sourceInfo":"acquired package info from go module information: glow_2.1.0_Netbsd_i386/glow","licenseConcluded":"NOASSERTION","licenseDeclared":"NOASSERTION","copyrightText":"NOASSERTION","externalRefs":[{"referenceCategory":"SECURITY","referenceType":"cpe23Type","referenceLocator":"cpe:2.3:a:charmbracelet:lipgloss:v1.0.0:*:*:*:*:*:*:*"},{"referenceCategory":"PACKAGE-MANAGER","referenceType":"purl","referenceLocator":"pkg:golang/github.com/charmbracelet/lipgloss@v1.0.0"}]},{"name":"github.com/charmbracelet/log","SPDXID":"SPDXRef-Package-go-module-github.com-charmbracelet-log-7aea00be89bdd406","versionInfo":"v0.4.0","supplier":"NOASSERTION","downloadLocation":"NOASSERTION","filesAnalyzed":false,"checksums":[{"algorithm":"SHA256","checksumValue":"1bd6d001cc7cad60364f7a56bf1ed8b4f4cfc20aa993b0faf015f6d48456f193"}],"sourceInfo":"acquired package info from go module information: glow_2.1.0_Netbsd_i386/glow","licenseConcluded":"NOASSERTION","licenseDeclared":"NOASSERTION","copyrightText":"NOASSERTION","externalRefs":[{"referenceCategory":"SECURITY","referenceType":"cpe23Type","referenceLocator":"cpe:2.3:a:charmbracelet:log:v0.4.0:*:*:*:*:*:*:*"},{"referenceCategory":"PACKAGE-MANAGER","referenceType":"purl","referenceLocator":"pkg:golang/github.com/charmbracelet/log@v0.4.0"}]},{"name":"github.com/charmbracelet/x/ansi","SPDXID":"SPDXRef-Package-go-module-github.com-charmbracelet-x-ansi-9a505ed24dd201cf","versionInfo":"v0.8.0","supplier":"NOASSERTION","downloadLocation":"NOASSERTION","filesAnalyzed":false,"checksums":[{"algorithm":"SHA256","checksumValue":"f464eadf1abd71a256f19ac14ded0b21ed9fbdf2d1fdb617293c769655e7ef11"}],"sourceInfo":"acquired package info from go module information: glow_2.1.0_Netbsd_i386/glow","licenseConcluded":"NOASSERTION","licenseDeclared":"NOASSERTION","copyrightText":"NOASSERTION","externalRefs":[{"referenceCategory":"SECURITY","referenceType":"cpe23Type","referenceLocator":"cpe:2.3:a:charmbracelet:x\\/ansi:v0.8.0:*:*:*:*:*:*:*"},{"referenceCategory":"PACKAGE-MANAGER","referenceType":"purl","referenceLocator":"pkg:golang/github.com/charmbracelet/x@v0.8.0#ansi"}]},{"name":"github.com/charmbracelet/x/editor","SPDXID":"SPDXRef-Package-go-module-github.com-charmbracelet-x-editor-5cddda9c46e7c461","versionInfo":"v0.1.0","supplier":"NOASSERTION","downloadLocation":"NOASSERTION","filesAnalyzed":false,"checksums":[{"algorithm":"SHA256","checksumValue":"a7af7f769be5c114ecf6e6223de016aeec2c1ea4c5cc7853bd039dfd65525fdf"}],"sourceInfo":"acquired package info from go module information: glow_2.1.0_Netbsd_i386/glow","licenseConcluded":"NOASSERTION","licenseDeclared":"NOASSERTION","copyrightText":"NOASSERTION","externalRefs":[{"referenceCategory":"SECURITY","referenceType":"cpe23Type","referenceLocator":"cpe:2.3:a:charmbracelet:x\\/editor:v0.1.0:*:*:*:*:*:*:*"},{"referenceCategory":"PACKAGE-MANAGER","referenceType":"purl","referenceLocator":"pkg:golang/github.com/charmbracelet/x@v0.1.0#editor"}]},{"name":"github.com/charmbracelet/x/term","SPDXID":"SPDXRef-Package-go-module-github.com-charmbracelet-x-term-16a2ba76a05031c2","versionInfo":"v0.2.1","supplier":"NOASSERTION","downloadLocation":"NOASSERTION","filesAnalyzed":false,"checksums":[{"algorithm":"SHA256","checksumValue":"01078778b6753aa49786b016a5852d6725f54f7cd5c5fa59b8440c2106862004"}],"sourceInfo":"acquired package info from go module information: glow_2.1.0_Netbsd_i386/glow","licenseConcluded":"NOASSERTION","licenseDeclared":"NOASSERTION","copyrightText":"NOASSERTION","externalRefs":[{"referenceCategory":"SECURITY","referenceType":"cpe23Type","referenceLocator":"cpe:2.3:a:charmbracelet:x\\/term:v0.2.1:*:*:*:*:*:*:*"},{"referenceCategory":"PACKAGE-MANAGER","referenceType":"purl","referenceLocator":"pkg:golang/github.com/charmbracelet/x@v0.2.1#term"}]},{"name":"github.com/dlclark/regexp2","SPDXID":"SPDXRef-Package-go-module-github.com-dlclark-regexp2-a7dfe3deb9740693","versionInfo":"v1.11.0","supplier":"NOASSERTION","downloadLocation":"NOASSERTION","filesAnalyzed":false,"checksums":[{"algorithm":"SHA256","checksumValue":"1bf9eb72839aed95e5a686bff753775fb98cdebf1e22530104966fb33fe6c4a2"}],"sourceInfo":"acquired package info from go module information: glow_2.1.0_Netbsd_i386/glow","licenseConcluded":"NOASSERTION","licenseDeclared":"NOASSERTION","copyrightText":"NOASSERTION","externalRefs":[{"referenceCategory":"SECURITY","referenceType":"cpe23Type","referenceLocator":"cpe:2.3:a:dlclark:regexp2:v1.11.0:*:*:*:*:*:*:*"},{"referenceCategory":"PACKAGE-MANAGER","referenceType":"purl","referenceLocator":"pkg:golang/github.com/dlclark/regexp2@v1.11.0"}]},{"name":"github.com/dustin/go-humanize","SPDXID":"SPDXRef-Package-go-module-github.com-dustin-go-humanize-f2429d34e7d87cb8","versionInfo":"v1.0.1","supplier":"NOASSERTION","downloadLocation":"NOASSERTION","filesAnalyzed":false,"checksums":[{"algorithm":"SHA256","checksumValue":"1b392163b4f954d8449301f43d52608f3f9f5f5ae106b47ba514f79839297826"}],"sourceInfo":"acquired package info from go module information: glow_2.1.0_Netbsd_i386/glow","licenseConcluded":"NOASSERTION","licenseDeclared":"NOASSERTION","copyrightText":"NOASSERTION","externalRefs":[{"referenceCategory":"SECURITY","referenceType":"cpe23Type","referenceLocator":"cpe:2.3:a:dustin:go-humanize:v1.0.1:*:*:*:*:*:*:*"},{"referenceCategory":"SECURITY","referenceType":"cpe23Type","referenceLocator":"cpe:2.3:a:dustin:go_humanize:v1.0.1:*:*:*:*:*:*:*"},{"referenceCategory":"PACKAGE-MANAGER","referenceType":"purl","referenceLocator":"pkg:golang/github.com/dustin/go-humanize@v1.0.1"}]},{"name":"github.com/fsnotify/fsnotify","SPDXID":"SPDXRef-Package-go-module-github.com-fsnotify-fsnotify-f60b9f84f2bc12a7","versionInfo":"v1.8.0","supplier":"NOASSERTION","downloadLocation":"NOASSERTION","filesAnalyzed":false,"checksums":[{"algorithm":"SHA256","checksumValue":"740c2be900530592241bcae841a2631a87f4a69d04785fad355ed804fdc5ffc3"}],"sourceInfo":"acquired package info from go module information: glow_2.1.0_Netbsd_i386/glow","licenseConcluded":"NOASSERTION","licenseDeclared":"NOASSERTION","copyrightText":"NOASSERTION","externalRefs":[{"referenceCategory":"SECURITY","referenceType":"cpe23Type","referenceLocator":"cpe:2.3:a:fsnotify:fsnotify:v1.8.0:*:*:*:*:*:*:*"},{"referenceCategory":"PACKAGE-MANAGER","referenceType":"purl","referenceLocator":"pkg:golang/github.com/fsnotify/fsnotify@v1.8.0"}]},{"name":"github.com/go-logfmt/logfmt","SPDXID":"SPDXRef-Package-go-module-github.com-go-logfmt-logfmt-b07e7be494758f3c","versionInfo":"v0.6.0","supplier":"NOASSERTION","downloadLocation":"NOASSERTION","filesAnalyzed":false,"checksums":[{"algorithm":"SHA256","checksumValue":"c06618bb7ba271876a5d582861bbe792b3d55e4b8b335a7589fba00cc11d462e"}],"sourceInfo":"acquired package info from go module information: glow_2.1.0_Netbsd_i386/glow","licenseConcluded":"NOASSERTION","licenseDeclared":"NOASSERTION","copyrightText":"NOASSERTION","externalRefs":[{"referenceCategory":"SECURITY","referenceType":"cpe23Type","referenceLocator":"cpe:2.3:a:go-logfmt:logfmt:v0.6.0:*:*:*:*:*:*:*"},{"referenceCategory":"SECURITY","referenceType":"cpe23Type","referenceLocator":"cpe:2.3:a:go_logfmt:logfmt:v0.6.0:*:*:*:*:*:*:*"},{"referenceCategory":"SECURITY","referenceType":"cpe23Type","referenceLocator":"cpe:2.3:a:go:logfmt:v0.6.0:*:*:*:*:*:*:*"},{"referenceCategory":"PACKAGE-MANAGER","referenceType":"purl","referenceLocator":"pkg:golang/github.com/go-logfmt/logfmt@v0.6.0"}]},{"name":"github.com/gorilla/css","SPDXID":"SPDXRef-Package-go-module-github.com-gorilla-css-89abd5fc9ab39f8a","versionInfo":"v1.0.1","supplier":"NOASSERTION","downloadLocation":"NOASSERTION","filesAnalyzed":false,"checksums":[{"algorithm":"SHA256","checksumValue":"9ed35a048821a7a266bd69f16d92803682f2b974cf678700325a3a4728656cef"}],"sourceInfo":"acquired package info from go module information: glow_2.1.0_Netbsd_i386/glow","licenseConcluded":"NOASSERTION","licenseDeclared":"NOASSERTION","copyrightText":"NOASSERTION","externalRefs":[{"referenceCategory":"SECURITY","referenceType":"cpe23Type","referenceLocator":"cpe:2.3:a:gorilla:css:v1.0.1:*:*:*:*:*:*:*"},{"referenceCategory":"PACKAGE-MANAGER","referenceType":"purl","referenceLocator":"pkg:golang/github.com/gorilla/css@v1.0.1"}]},{"name":"github.com/hashicorp/hcl","SPDXID":"SPDXRef-Package-go-module-github.com-hashicorp-hcl-099c08db19875376","versionInfo":"v1.0.0","supplier":"NOASSERTION","downloadLocation":"NOASSERTION","filesAnalyzed":false,"checksums":[{"algorithm":"SHA256","checksumValue":"d009e5ce3a62e2f11ab1378d167da62c98134b0b74fbab1fb224c6f2a7161b1e"}],"sourceInfo":"acquired package info from go module information: glow_2.1.0_Netbsd_i386/glow","licenseConcluded":"NOASSERTION","licenseDeclared":"NOASSERTION","copyrightText":"NOASSERTION","externalRefs":[{"referenceCategory":"SECURITY","referenceType":"cpe23Type","referenceLocator":"cpe:2.3:a:hashicorp:hcl:v1.0.0:*:*:*:*:*:*:*"},{"referenceCategory":"PACKAGE-MANAGER","referenceType":"purl","referenceLocator":"pkg:golang/github.com/hashicorp/hcl@v1.0.0"}]},{"name":"github.com/lucasb-eyer/go-colorful","SPDXID":"SPDXRef-Package-go-module-github.com-lucasb-eyer-go-colorful-a039fa1ac99618d2","versionInfo":"v1.2.0","supplier":"NOASSERTION","downloadLocation":"NOASSERTION","filesAnalyzed":false,"checksums":[{"algorithm":"SHA256","checksumValue":"d679e918eae1c9966e3727eed508ca89420243be3edc534237af408fa2bb9e46"}],"sourceInfo":"acquired package info from go module information: glow_2.1.0_Netbsd_i386/glow","licenseConcluded":"NOASSERTION","licenseDeclared":"NOASSERTION","copyrightText":"NOASSERTION","externalRefs":[{"referenceCategory":"SECURITY","referenceType":"cpe23Type","referenceLocator":"cpe:2.3:a:lucasb-eyer:go-colorful:v1.2.0:*:*:*:*:*:*:*"},{"referenceCategory":"SECURITY","referenceType":"cpe23Type","referenceLocator":"cpe:2.3:a:lucasb-eyer:go_colorful:v1.2.0:*:*:*:*:*:*:*"},{"referenceCategory":"SECURITY","referenceType":"cpe23Type","referenceLocator":"cpe:2.3:a:lucasb_eyer:go-colorful:v1.2.0:*:*:*:*:*:*:*"},{"referenceCategory":"SECURITY","referenceType":"cpe23Type","referenceLocator":"cpe:2.3:a:lucasb_eyer:go_colorful:v1.2.0:*:*:*:*:*:*:*"},{"referenceCategory":"SECURITY","referenceType":"cpe23Type","referenceLocator":"cpe:2.3:a:lucasb:go-colorful:v1.2.0:*:*:*:*:*:*:*"},{"referenceCategory":"SECURITY","referenceType":"cpe23Type","referenceLocator":"cpe:2.3:a:lucasb:go_colorful:v1.2.0:*:*:*:*:*:*:*"},{"referenceCategory":"PACKAGE-MANAGER","referenceType":"purl","referenceLocator":"pkg:golang/github.com/lucasb-eyer/go-colorful@v1.2.0"}]},{"name":"github.com/magiconair/properties","SPDXID":"SPDXRef-Package-go-module-github.com-magiconair-properties-053bff566be59938","versionInfo":"v1.8.7","supplier":"NOASSERTION","downloadLocation":"NOASSERTION","filesAnalyzed":false,"checksums":[{"algorithm":"SHA256","checksumValue":"21e4176408907292fd9a07007b536ee9c5fd2cbc3a1311072a337455076f3c36"}],"sourceInfo":"acquired package info from go module information: glow_2.1.0_Netbsd_i386/glow","licenseConcluded":"NOASSERTION","licenseDeclared":"NOASSERTION","copyrightText":"NOASSERTION","externalRefs":[{"referenceCategory":"SECURITY","referenceType":"cpe23Type","referenceLocator":"cpe:2.3:a:magiconair:properties:v1.8.7:*:*:*:*:*:*:*"},{"referenceCategory":"PACKAGE-MANAGER","referenceType":"purl","referenceLocator":"pkg:golang/github.com/magiconair/properties@v1.8.7"}]},{"name":"github.com/mattn/go-isatty","SPDXID":"SPDXRef-Package-go-module-github.com-mattn-go-isatty-38e54a7030715461","versionInfo":"v0.0.20","supplier":"NOASSERTION","downloadLocation":"NOASSERTION","filesAnalyzed":false,"checksums":[{"algorithm":"SHA256","checksumValue":"c5f0f4883b842a70e4974deae258a607ebc7f86c4b12d2ff8dbe315494965846"}],"sourceInfo":"acquired package info from go module information: glow_2.1.0_Netbsd_i386/glow","licenseConcluded":"NOASSERTION","licenseDeclared":"NOASSERTION","copyrightText":"NOASSERTION","externalRefs":[{"referenceCategory":"SECURITY","referenceType":"cpe23Type","referenceLocator":"cpe:2.3:a:mattn:go-isatty:v0.0.20:*:*:*:*:*:*:*"},{"referenceCategory":"SECURITY","referenceType":"cpe23Type","referenceLocator":"cpe:2.3:a:mattn:go_isatty:v0.0.20:*:*:*:*:*:*:*"},{"referenceCategory":"PACKAGE-MANAGER","referenceType":"purl","referenceLocator":"pkg:golang/github.com/mattn/go-isatty@v0.0.20"}]},{"name":"github.com/mattn/go-runewidth","SPDXID":"SPDXRef-Package-go-module-github.com-mattn-go-runewidth-453c59ead5c6c3c6","versionInfo":"v0.0.16","supplier":"NOASSERTION","downloadLocation":"NOASSERTION","filesAnalyzed":false,"checksums":[{"algorithm":"SHA256","checksumValue":"13949c34cb62c2f96f079a5a305770f69e24490cdb5c58a42794903ba4d42d07"}],"sourceInfo":"acquired package info from go module information: glow_2.1.0_Netbsd_i386/glow","licenseConcluded":"NOASSERTION","licenseDeclared":"NOASSERTION","copyrightText":"NOASSERTION","externalRefs":[{"referenceCategory":"SECURITY","referenceType":"cpe23Type","referenceLocator":"cpe:2.3:a:mattn:go-runewidth:v0.0.16:*:*:*:*:*:*:*"},{"referenceCategory":"SECURITY","referenceType":"cpe23Type","referenceLocator":"cpe:2.3:a:mattn:go_runewidth:v0.0.16:*:*:*:*:*:*:*"},{"referenceCategory":"PACKAGE-MANAGER","referenceType":"purl","referenceLocator":"pkg:golang/github.com/mattn/go-runewidth@v0.0.16"}]},{"name":"github.com/microcosm-cc/bluemonday","SPDXID":"SPDXRef-Package-go-module-github.com-microcosm-cc-bluemonday-35026355c77a8d04","versionInfo":"v1.0.27","supplier":"NOASSERTION","downloadLocation":"NOASSERTION","filesAnalyzed":false,"checksums":[{"algorithm":"SHA256","checksumValue":"329114a2d9259300922de1fe41dc7554980da8b969636297c1714cd3cca065f9"}],"sourceInfo":"acquired package info from go module information: glow_2.1.0_Netbsd_i386/glow","licenseConcluded":"NOASSERTION","licenseDeclared":"NOASSERTION","copyrightText":"NOASSERTION","externalRefs":[{"referenceCategory":"SECURITY","referenceType":"cpe23Type","referenceLocator":"cpe:2.3:a:microcosm-cc:bluemonday:v1.0.27:*:*:*:*:*:*:*"},{"referenceCategory":"SECURITY","referenceType":"cpe23Type","referenceLocator":"cpe:2.3:a:microcosm_cc:bluemonday:v1.0.27:*:*:*:*:*:*:*"},{"referenceCategory":"SECURITY","referenceType":"cpe23Type","referenceLocator":"cpe:2.3:a:microcosm:bluemonday:v1.0.27:*:*:*:*:*:*:*"},{"referenceCategory":"PACKAGE-MANAGER","referenceType":"purl","referenceLocator":"pkg:golang/github.com/microcosm-cc/bluemonday@v1.0.27"}]},{"name":"github.com/mitchellh/go-homedir","SPDXID":"SPDXRef-Package-go-module-github.com-mitchellh-go-homedir-7f7edee974881991","versionInfo":"v1.1.0","supplier":"NOASSERTION","downloadLocation":"NOASSERTION","filesAnalyzed":false,"checksums":[{"algorithm":"SHA256","checksumValue":"96e905f738971710c53e4035becaf9ce97355ee3c39ffc059edab9986fb81346"}],"sourceInfo":"acquired package info from go module information: glow_2.1.0_Netbsd_i386/glow","licenseConcluded":"NOASSERTION","licenseDeclared":"NOASSERTION","copyrightText":"NOASSERTION","externalRefs":[{"referenceCategory":"SECURITY","referenceType":"cpe23Type","referenceLocator":"cpe:2.3:a:mitchellh:go-homedir:v1.1.0:*:*:*:*:*:*:*"},{"referenceCategory":"SECURITY","referenceType":"cpe23Type","referenceLocator":"cpe:2.3:a:mitchellh:go_homedir:v1.1.0:*:*:*:*:*:*:*"},{"referenceCategory":"PACKAGE-MANAGER","referenceType":"purl","referenceLocator":"pkg:golang/github.com/mitchellh/go-homedir@v1.1.0"}]},{"name":"github.com/mitchellh/mapstructure","SPDXID":"SPDXRef-Package-go-module-github.com-mitchellh-mapstructure-990ac974a48fb935","versionInfo":"v1.5.0","supplier":"NOASSERTION","downloadLocation":"NOASSERTION","filesAnalyzed":false,"checksums":[{"algorithm":"SHA256","checksumValue":"8de32c648604ff4f6c58b6b3e373cbec6cba46e3230f6789572b9a73967685d6"}],"sourceInfo":"acquired package info from go module information: glow_2.1.0_Netbsd_i386/glow","licenseConcluded":"NOASSERTION","licenseDeclared":"NOASSERTION","copyrightText":"NOASSERTION","externalRefs":[{"referenceCategory":"SECURITY","referenceType":"cpe23Type","referenceLocator":"cpe:2.3:a:mitchellh:mapstructure:v1.5.0:*:*:*:*:*:*:*"},{"referenceCategory":"PACKAGE-MANAGER","referenceType":"purl","referenceLocator":"pkg:golang/github.com/mitchellh/mapstructure@v1.5.0"}]},{"name":"github.com/muesli/ansi","SPDXID":"SPDXRef-Package-go-module-github.com-muesli-ansi-31aa711510438cb5","versionInfo":"v0.0.0-20230316100256-276c6243b2f6","supplier":"NOASSERTION","downloadLocation":"NOASSERTION","filesAnalyzed":false,"checksums":[{"algorithm":"SHA256","checksumValue":"64af331ed4473a46c7cba326af90f6eb88b2a774e25f93a635c2397080118902"}],"sourceInfo":"acquired package info from go module information: glow_2.1.0_Netbsd_i386/glow","licenseConcluded":"NOASSERTION","licenseDeclared":"NOASSERTION","copyrightText":"NOASSERTION","externalRefs":[{"referenceCategory":"SECURITY","referenceType":"cpe23Type","referenceLocator":"cpe:2.3:a:muesli:ansi:v0.0.0-20230316100256-276c6243b2f6:*:*:*:*:*:*:*"},{"referenceCategory":"PACKAGE-MANAGER","referenceType":"purl","referenceLocator":"pkg:golang/github.com/muesli/ansi@v0.0.0-20230316100256-276c6243b2f6"}]},{"name":"github.com/muesli/cancelreader","SPDXID":"SPDXRef-Package-go-module-github.com-muesli-cancelreader-d4c9cffe16f1bc67","versionInfo":"v0.2.2","supplier":"NOASSERTION","downloadLocation":"NOASSERTION","filesAnalyzed":false,"checksums":[{"algorithm":"SHA256","checksumValue":"dc8e0ab780508ce479e0d6afaa70e8831fcc22858115ad12b4f03c10b5171e60"}],"sourceInfo":"acquired package info from go module information: glow_2.1.0_Netbsd_i386/glow","licenseConcluded":"NOASSERTION","licenseDeclared":"NOASSERTION","copyrightText":"NOASSERTION","externalRefs":[{"referenceCategory":"SECURITY","referenceType":"cpe23Type","referenceLocator":"cpe:2.3:a:muesli:cancelreader:v0.2.2:*:*:*:*:*:*:*"},{"referenceCategory":"PACKAGE-MANAGER","referenceType":"purl","referenceLocator":"pkg:golang/github.com/muesli/cancelreader@v0.2.2"}]},{"name":"github.com/muesli/gitcha","SPDXID":"SPDXRef-Package-go-module-github.com-muesli-gitcha-716b28087e25c7c5","versionInfo":"v0.3.0","supplier":"NOASSERTION","downloadLocation":"NOASSERTION","filesAnalyzed":false,"checksums":[{"algorithm":"SHA256","checksumValue":"f8f26454aac35d5074560467ff2571d82a925520c63127a9cefa21b02acf62d4"}],"sourceInfo":"acquired package info from go module information: glow_2.1.0_Netbsd_i386/glow","licenseConcluded":"NOASSERTION","licenseDeclared":"NOASSERTION","copyrightText":"NOASSERTION","externalRefs":[{"referenceCategory":"SECURITY","referenceType":"cpe23Type","referenceLocator":"cpe:2.3:a:muesli:gitcha:v0.3.0:*:*:*:*:*:*:*"},{"referenceCategory":"PACKAGE-MANAGER","referenceType":"purl","referenceLocator":"pkg:golang/github.com/muesli/gitcha@v0.3.0"}]},{"name":"github.com/muesli/go-app-paths","SPDXID":"SPDXRef-Package-go-module-github.com-muesli-go-app-paths-09b8b62d168b7f45","versionInfo":"v0.2.2","supplier":"NOASSERTION","downloadLocation":"NOASSERTION","filesAnalyzed":false,"checksums":[{"algorithm":"SHA256","checksumValue":"36a1b8104670348841abfa511207c19a00e6b778754a6af53236625dba595272"}],"sourceInfo":"acquired package info from go module information: glow_2.1.0_Netbsd_i386/glow","licenseConcluded":"NOASSERTION","licenseDeclared":"NOASSERTION","copyrightText":"NOASSERTION","externalRefs":[{"referenceCategory":"SECURITY","referenceType":"cpe23Type","referenceLocator":"cpe:2.3:a:muesli:go-app-paths:v0.2.2:*:*:*:*:*:*:*"},{"referenceCategory":"SECURITY","referenceType":"cpe23Type","referenceLocator":"cpe:2.3:a:muesli:go_app_paths:v0.2.2:*:*:*:*:*:*:*"},{"referenceCategory":"PACKAGE-MANAGER","referenceType":"purl","referenceLocator":"pkg:golang/github.com/muesli/go-app-paths@v0.2.2"}]},{"name":"github.com/muesli/mango","SPDXID":"SPDXRef-Package-go-module-github.com-muesli-mango-5358eeeb6647e100","versionInfo":"v0.1.0","supplier":"NOASSERTION","downloadLocation":"NOASSERTION","filesAnalyzed":false,"checksums":[{"algorithm":"SHA256","checksumValue":"0d940ae397768066ea9756abb18038bdf83877b23d1dfc79ad7fc60a6cec02f2"}],"sourceInfo":"acquired package info from go module information: glow_2.1.0_Netbsd_i386/glow","licenseConcluded":"NOASSERTION","licenseDeclared":"NOASSERTION","copyrightText":"NOASSERTION","externalRefs":[{"referenceCategory":"SECURITY","referenceType":"cpe23Type","referenceLocator":"cpe:2.3:a:muesli:mango:v0.1.0:*:*:*:*:*:*:*"},{"referenceCategory":"PACKAGE-MANAGER","referenceType":"purl","referenceLocator":"pkg:golang/github.com/muesli/mango@v0.1.0"}]},{"name":"github.com/muesli/mango-cobra","SPDXID":"SPDXRef-Package-go-module-github.com-muesli-mango-cobra-a7c141991c5af3ef","versionInfo":"v1.2.0","supplier":"NOASSERTION","downloadLocation":"NOASSERTION","filesAnalyzed":false,"checksums":[{"algorithm":"SHA256","checksumValue":"0d0be3cc03343cc66bf3922ff4b20c698212a533a588c120fae305b4d6d8bd68"}],"sourceInfo":"acquired package info from go module information: glow_2.1.0_Netbsd_i386/glow","licenseConcluded":"NOASSERTION","licenseDeclared":"NOASSERTION","copyrightText":"NOASSERTION","externalRefs":[{"referenceCategory":"SECURITY","referenceType":"cpe23Type","referenceLocator":"cpe:2.3:a:muesli:mango-cobra:v1.2.0:*:*:*:*:*:*:*"},{"referenceCategory":"SECURITY","referenceType":"cpe23Type","referenceLocator":"cpe:2.3:a:muesli:mango_cobra:v1.2.0:*:*:*:*:*:*:*"},{"referenceCategory":"PACKAGE-MANAGER","referenceType":"purl","referenceLocator":"pkg:golang/github.com/muesli/mango-cobra@v1.2.0"}]},{"name":"github.com/muesli/mango-pflag","SPDXID":"SPDXRef-Package-go-module-github.com-muesli-mango-pflag-27b024df84e6d087","versionInfo":"v0.1.0","supplier":"NOASSERTION","downloadLocation":"NOASSERTION","filesAnalyzed":false,"checksums":[{"algorithm":"SHA256","checksumValue":"5000ea6d88295324680636b783a2d42fedcb12b8e9b0ec1a0bdcb0bc159eed28"}],"sourceInfo":"acquired package info from go module information: glow_2.1.0_Netbsd_i386/glow","licenseConcluded":"NOASSERTION","licenseDeclared":"NOASSERTION","copyrightText":"NOASSERTION","externalRefs":[{"referenceCategory":"SECURITY","referenceType":"cpe23Type","referenceLocator":"cpe:2.3:a:muesli:mango-pflag:v0.1.0:*:*:*:*:*:*:*"},{"referenceCategory":"SECURITY","referenceType":"cpe23Type","referenceLocator":"cpe:2.3:a:muesli:mango_pflag:v0.1.0:*:*:*:*:*:*:*"},{"referenceCategory":"PACKAGE-MANAGER","referenceType":"purl","referenceLocator":"pkg:golang/github.com/muesli/mango-pflag@v0.1.0"}]},{"name":"github.com/muesli/reflow","SPDXID":"SPDXRef-Package-go-module-github.com-muesli-reflow-b4490bfc0cb6d7f3","versionInfo":"v0.3.0","supplier":"NOASSERTION","downloadLocation":"NOASSERTION","filesAnalyzed":false,"checksums":[{"algorithm":"SHA256","checksumValue":"205b0de8af4d7c6b637a08053feebc2387212d9576c882ac5c914d67e79687ab"}],"sourceInfo":"acquired package info from go module information: glow_2.1.0_Netbsd_i386/glow","licenseConcluded":"NOASSERTION","licenseDeclared":"NOASSERTION","copyrightText":"NOASSERTION","externalRefs":[{"referenceCategory":"SECURITY","referenceType":"cpe23Type","referenceLocator":"cpe:2.3:a:muesli:reflow:v0.3.0:*:*:*:*:*:*:*"},{"referenceCategory":"PACKAGE-MANAGER","referenceType":"purl","referenceLocator":"pkg:golang/github.com/muesli/reflow@v0.3.0"}]},{"name":"github.com/muesli/roff","SPDXID":"SPDXRef-Package-go-module-github.com-muesli-roff-b3d8efe393f2c8e1","versionInfo":"v0.1.0","supplier":"NOASSERTION","downloadLocation":"NOASSERTION","filesAnalyzed":false,"checksums":[{"algorithm":"SHA256","checksumValue":"603d256a50a8b6662e1791e166588a5a5231ec81218977927eaee136316a185f"}],"sourceInfo":"acquired package info from go module information: glow_2.1.0_Netbsd_i386/glow","licenseConcluded":"NOASSERTION","licenseDeclared":"NOASSERTION","copyrightText":"NOASSERTION","externalRefs":[{"referenceCategory":"SECURITY","referenceType":"cpe23Type","referenceLocator":"cpe:2.3:a:muesli:roff:v0.1.0:*:*:*:*:*:*:*"},{"referenceCategory":"PACKAGE-MANAGER","referenceType":"purl","referenceLocator":"pkg:golang/github.com/muesli/roff@v0.1.0"}]},{"name":"github.com/muesli/termenv","SPDXID":"SPDXRef-Package-go-module-github.com-muesli-termenv-51a4774e5058047a","versionInfo":"v0.16.0","supplier":"NOASSERTION","downloadLocation":"NOASSERTION","filesAnalyzed":false,"checksums":[{"algorithm":"SHA256","checksumValue":"4b902550df5d10d079eebb1b9e43f27dd1ae5889649b32636c57f44dfe455947"}],"sourceInfo":"acquired package info from go module information: glow_2.1.0_Netbsd_i386/glow","licenseConcluded":"NOASSERTION","licenseDeclared":"NOASSERTION","copyrightText":"NOASSERTION","externalRefs":[{"referenceCategory":"SECURITY","referenceType":"cpe23Type","referenceLocator":"cpe:2.3:a:muesli:termenv:v0.16.0:*:*:*:*:*:*:*"},{"referenceCategory":"PACKAGE-MANAGER","referenceType":"purl","referenceLocator":"pkg:golang/github.com/muesli/termenv@v0.16.0"}]},{"name":"github.com/pelletier/go-toml/v2","SPDXID":"SPDXRef-Package-go-module-github.com-pelletier-go-toml-v2-9c6d095d6ba281de","versionInfo":"v2.2.2","supplier":"NOASSERTION","downloadLocation":"NOASSERTION","filesAnalyzed":false,"checksums":[{"algorithm":"SHA256","checksumValue":"698522753ee4ef73dc97d9dbda049cbbb352aca0921c80c4f3d6f7fba5aaf8b3"}],"sourceInfo":"acquired package info from go module information: glow_2.1.0_Netbsd_i386/glow","licenseConcluded":"NOASSERTION","licenseDeclared":"NOASSERTION","copyrightText":"NOASSERTION","externalRefs":[{"referenceCategory":"SECURITY","referenceType":"cpe23Type","referenceLocator":"cpe:2.3:a:pelletier:go-toml\\/v2:v2.2.2:*:*:*:*:*:*:*"},{"referenceCategory":"SECURITY","referenceType":"cpe23Type","referenceLocator":"cpe:2.3:a:pelletier:go_toml\\/v2:v2.2.2:*:*:*:*:*:*:*"},{"referenceCategory":"PACKAGE-MANAGER","referenceType":"purl","referenceLocator":"pkg:golang/github.com/pelletier/go-toml@v2.2.2#v2"}]},{"name":"github.com/rivo/uniseg","SPDXID":"SPDXRef-Package-go-module-github.com-rivo-uniseg-7a7024a4f4b638e1","versionInfo":"v0.4.7","supplier":"NOASSERTION","downloadLocation":"NOASSERTION","filesAnalyzed":false,"checksums":[{"algorithm":"SHA256","checksumValue":"59476f916f2e121ad87cb0b8673769236cedc4fd48e7cdbee3d39ce4cabae154"}],"sourceInfo":"acquired package info from go module information: glow_2.1.0_Netbsd_i386/glow","licenseConcluded":"NOASSERTION","licenseDeclared":"NOASSERTION","copyrightText":"NOASSERTION","externalRefs":[{"referenceCategory":"SECURITY","referenceType":"cpe23Type","referenceLocator":"cpe:2.3:a:rivo:uniseg:v0.4.7:*:*:*:*:*:*:*"},{"referenceCategory":"PACKAGE-MANAGER","referenceType":"purl","referenceLocator":"pkg:golang/github.com/rivo/uniseg@v0.4.7"}]},{"name":"github.com/sabhiram/go-gitignore","SPDXID":"SPDXRef-Package-go-module-github.com-sabhiram-go-gitignore-e8383a6fd5f16b1b","versionInfo":"v0.0.0-20180611051255-d3107576ba94","supplier":"NOASSERTION","downloadLocation":"NOASSERTION","filesAnalyzed":false,"checksums":[{"algorithm":"SHA256","checksumValue":"1b4e1e4b42640085597da24b8e56bd74dc642423e2288199970f407ce873383d"}],"sourceInfo":"acquired package info from go module information: glow_2.1.0_Netbsd_i386/glow","licenseConcluded":"NOASSERTION","licenseDeclared":"NOASSERTION","copyrightText":"NOASSERTION","externalRefs":[{"referenceCategory":"SECURITY","referenceType":"cpe23Type","referenceLocator":"cpe:2.3:a:sabhiram:go-gitignore:v0.0.0-20180611051255-d3107576ba94:*:*:*:*:*:*:*"},{"referenceCategory":"SECURITY","referenceType":"cpe23Type","referenceLocator":"cpe:2.3:a:sabhiram:go_gitignore:v0.0.0-20180611051255-d3107576ba94:*:*:*:*:*:*:*"},{"referenceCategory":"PACKAGE-MANAGER","referenceType":"purl","referenceLocator":"pkg:golang/github.com/sabhiram/go-gitignore@v0.0.0-20180611051255-d3107576ba94"}]},{"name":"github.com/sagikazarmark/slog-shim","SPDXID":"SPDXRef-Package-go-module-github.com-sagikazarmark-slog-shim-21fd1af305db3b6d","versionInfo":"v0.1.0","supplier":"NOASSERTION","downloadLocation":"NOASSERTION","filesAnalyzed":false,"checksums":[{"algorithm":"SHA256","checksumValue":"7620c19d434af4dff7e783e0af1332c179c0c04af541970eafa82da3eba08d81"}],"sourceInfo":"acquired package info from go module information: glow_2.1.0_Netbsd_i386/glow","licenseConcluded":"NOASSERTION","licenseDeclared":"NOASSERTION","copyrightText":"NOASSERTION","externalRefs":[{"referenceCategory":"SECURITY","referenceType":"cpe23Type","referenceLocator":"cpe:2.3:a:sagikazarmark:slog-shim:v0.1.0:*:*:*:*:*:*:*"},{"referenceCategory":"SECURITY","referenceType":"cpe23Type","referenceLocator":"cpe:2.3:a:sagikazarmark:slog_shim:v0.1.0:*:*:*:*:*:*:*"},{"referenceCategory":"PACKAGE-MANAGER","referenceType":"purl","referenceLocator":"pkg:golang/github.com/sagikazarmark/slog-shim@v0.1.0"}]},{"name":"github.com/sahilm/fuzzy","SPDXID":"SPDXRef-Package-go-module-github.com-sahilm-fuzzy-6ac8ada91f3b1efa","versionInfo":"v0.1.1","supplier":"NOASSERTION","downloadLocation":"NOASSERTION","filesAnalyzed":false,"checksums":[{"algorithm":"SHA256","checksumValue":"71ebb944717c0c68288befdd4793ec1028c20c7d411371679a9a3b6955ce7510"}],"sourceInfo":"acquired package info from go module information: glow_2.1.0_Netbsd_i386/glow","licenseConcluded":"NOASSERTION","licenseDeclared":"NOASSERTION","copyrightText":"NOASSERTION","externalRefs":[{"referenceCategory":"SECURITY","referenceType":"cpe23Type","referenceLocator":"cpe:2.3:a:sahilm:fuzzy:v0.1.1:*:*:*:*:*:*:*"},{"referenceCategory":"PACKAGE-MANAGER","referenceType":"purl","referenceLocator":"pkg:golang/github.com/sahilm/fuzzy@v0.1.1"}]},{"name":"github.com/spf13/afero","SPDXID":"SPDXRef-Package-go-module-github.com-spf13-afero-268d30a697b8a890","versionInfo":"v1.11.0","supplier":"NOASSERTION","downloadLocation":"NOASSERTION","filesAnalyzed":false,"checksums":[{"algorithm":"SHA256","checksumValue":"58940a86da5d9b7bf6233a86f1532aaebe917f7518a44176dfd272f7035ea4cf"}],"sourceInfo":"acquired package info from go module information: glow_2.1.0_Netbsd_i386/glow","licenseConcluded":"NOASSERTION","licenseDeclared":"NOASSERTION","copyrightText":"NOASSERTION","externalRefs":[{"referenceCategory":"SECURITY","referenceType":"cpe23Type","referenceLocator":"cpe:2.3:a:spf13:afero:v1.11.0:*:*:*:*:*:*:*"},{"referenceCategory":"PACKAGE-MANAGER","referenceType":"purl","referenceLocator":"pkg:golang/github.com/spf13/afero@v1.11.0"}]},{"name":"github.com/spf13/cast","SPDXID":"SPDXRef-Package-go-module-github.com-spf13-cast-89d8da0ee86c0aa5","versionInfo":"v1.6.0","supplier":"NOASSERTION","downloadLocation":"NOASSERTION","filesAnalyzed":false,"checksums":[{"algorithm":"SHA256","checksumValue":"1848931c42c5faf691e5d873dd5a997c54b366361b81e283a41c50552e06609d"}],"sourceInfo":"acquired package info from go module information: glow_2.1.0_Netbsd_i386/glow","licenseConcluded":"NOASSERTION","licenseDeclared":"NOASSERTION","copyrightText":"NOASSERTION","externalRefs":[{"referenceCategory":"SECURITY","referenceType":"cpe23Type","referenceLocator":"cpe:2.3:a:spf13:cast:v1.6.0:*:*:*:*:*:*:*"},{"referenceCategory":"PACKAGE-MANAGER","referenceType":"purl","referenceLocator":"pkg:golang/github.com/spf13/cast@v1.6.0"}]},{"name":"github.com/spf13/cobra","SPDXID":"SPDXRef-Package-go-module-github.com-spf13-cobra-68a8b5f4c2b73705","versionInfo":"v1.9.1","supplier":"NOASSERTION","downloadLocation":"NOASSERTION","filesAnalyzed":false,"checksums":[{"algorithm":"SHA256","checksumValue":"09749a820ad775b1caf4217ef32c23f0099fecf05198f08e26e807f79e0d9e5a"}],"sourceInfo":"acquired package info from go module information: glow_2.1.0_Netbsd_i386/glow","licenseConcluded":"NOASSERTION","licenseDeclared":"NOASSERTION","copyrightText":"NOASSERTION","externalRefs":[{"referenceCategory":"SECURITY","referenceType":"cpe23Type","referenceLocator":"cpe:2.3:a:spf13:cobra:v1.9.1:*:*:*:*:*:*:*"},{"referenceCategory":"PACKAGE-MANAGER","referenceType":"purl","referenceLocator":"pkg:golang/github.com/spf13/cobra@v1.9.1"}]},{"name":"github.com/spf13/pflag","SPDXID":"SPDXRef-Package-go-module-github.com-spf13-pflag-6e85142e0087bfc6","versionInfo":"v1.0.6","supplier":"NOASSERTION","downloadLocation":"NOASSERTION","filesAnalyzed":false,"checksums":[{"algorithm":"SHA256","checksumValue":"8c5cc718b18095bdebbb12c1f0c85b23a03cf80417ff6796e2a7b23595cda76a"}],"sourceInfo":"acquired package info from go module information: glow_2.1.0_Netbsd_i386/glow","licenseConcluded":"NOASSERTION","licenseDeclared":"NOASSERTION","copyrightText":"NOASSERTION","externalRefs":[{"referenceCategory":"SECURITY","referenceType":"cpe23Type","referenceLocator":"cpe:2.3:a:spf13:pflag:v1.0.6:*:*:*:*:*:*:*"},{"referenceCategory":"PACKAGE-MANAGER","referenceType":"purl","referenceLocator":"pkg:golang/github.com/spf13/pflag@v1.0.6"}]},{"name":"github.com/spf13/viper","SPDXID":"SPDXRef-Package-go-module-github.com-spf13-viper-1ee8beef7567776a","versionInfo":"v1.19.0","supplier":"NOASSERTION","downloadLocation":"NOASSERTION","filesAnalyzed":false,"checksums":[{"algorithm":"SHA256","checksumValue":"456ab94848edf28db94913b2377cf63ab0c1f65ed13ddde5c13594f0470475c2"}],"sourceInfo":"acquired package info from go module information: glow_2.1.0_Netbsd_i386/glow","licenseConcluded":"NOASSERTION","licenseDeclared":"NOASSERTION","copyrightText":"NOASSERTION","externalRefs":[{"referenceCategory":"SECURITY","referenceType":"cpe23Type","referenceLocator":"cpe:2.3:a:spf13:viper:v1.19.0:*:*:*:*:*:*:*"},{"referenceCategory":"PACKAGE-MANAGER","referenceType":"purl","referenceLocator":"pkg:golang/github.com/spf13/viper@v1.19.0"}]},{"name":"github.com/subosito/gotenv","SPDXID":"SPDXRef-Package-go-module-github.com-subosito-gotenv-46a631b6978b10dc","versionInfo":"v1.6.0","supplier":"NOASSERTION","downloadLocation":"NOASSERTION","filesAnalyzed":false,"checksums":[{"algorithm":"SHA256","checksumValue":"f4d9530dcd454ece2abb40c3abb004b533cdc3a4959bbb8132c50252300121ff"}],"sourceInfo":"acquired package info from go module information: glow_2.1.0_Netbsd_i386/glow","licenseConcluded":"NOASSERTION","licenseDeclared":"NOASSERTION","copyrightText":"NOASSERTION","externalRefs":[{"referenceCategory":"SECURITY","referenceType":"cpe23Type","referenceLocator":"cpe:2.3:a:subosito:gotenv:v1.6.0:*:*:*:*:*:*:*"},{"referenceCategory":"PACKAGE-MANAGER","referenceType":"purl","referenceLocator":"pkg:golang/github.com/subosito/gotenv@v1.6.0"}]},{"name":"github.com/yuin/goldmark","SPDXID":"SPDXRef-Package-go-module-github.com-yuin-goldmark-f9b3cf319319e84c","versionInfo":"v1.7.4","supplier":"NOASSERTION","downloadLocation":"NOASSERTION","filesAnalyzed":false,"checksums":[{"algorithm":"SHA256","checksumValue":"0435ce1c4c6df80ee0c0f08980f208abb10dbdc791ef07bbace4bd4cda0b65e8"}],"sourceInfo":"acquired package info from go module information: glow_2.1.0_Netbsd_i386/glow","licenseConcluded":"NOASSERTION","licenseDeclared":"NOASSERTION","copyrightText":"NOASSERTION","externalRefs":[{"referenceCategory":"SECURITY","referenceType":"cpe23Type","referenceLocator":"cpe:2.3:a:yuin:goldmark:v1.7.4:*:*:*:*:*:*:*"},{"referenceCategory":"PACKAGE-MANAGER","referenceType":"purl","referenceLocator":"pkg:golang/github.com/yuin/goldmark@v1.7.4"}]},{"name":"github.com/yuin/goldmark-emoji","SPDXID":"SPDXRef-Package-go-module-github.com-yuin-goldmark-emoji-67642bcd39b2cc93","versionInfo":"v1.0.3","supplier":"NOASSERTION","downloadLocation":"NOASSERTION","filesAnalyzed":false,"checksums":[{"algorithm":"SHA256","checksumValue":"68b4642c73ae051d9ccc263847ca25c0c8c80feb4435f8721433024616c8418e"}],"sourceInfo":"acquired package info from go module information: glow_2.1.0_Netbsd_i386/glow","licenseConcluded":"NOASSERTION","licenseDeclared":"NOASSERTION","copyrightText":"NOASSERTION","externalRefs":[{"referenceCategory":"SECURITY","referenceType":"cpe23Type","referenceLocator":"cpe:2.3:a:yuin:goldmark-emoji:v1.0.3:*:*:*:*:*:*:*"},{"referenceCategory":"SECURITY","referenceType":"cpe23Type","referenceLocator":"cpe:2.3:a:yuin:goldmark_emoji:v1.0.3:*:*:*:*:*:*:*"},{"referenceCategory":"PACKAGE-MANAGER","referenceType":"purl","referenceLocator":"pkg:golang/github.com/yuin/goldmark-emoji@v1.0.3"}]},{"name":"golang.org/x/net","SPDXID":"SPDXRef-Package-go-module-golang.org-x-net-4fc0d033e9d53c88","versionInfo":"v0.27.0","supplier":"NOASSERTION","downloadLocation":"NOASSERTION","filesAnalyzed":false,"checksums":[{"algorithm":"SHA256","checksumValue":"e4adcd8dcc34ebf976cbdbe918249d73158e6073949377553460d737e16f032b"}],"sourceInfo":"acquired package info from go module information: glow_2.1.0_Netbsd_i386/glow","licenseConcluded":"NOASSERTION","licenseDeclared":"NOASSERTION","copyrightText":"NOASSERTION","externalRefs":[{"referenceCategory":"SECURITY","referenceType":"cpe23Type","referenceLocator":"cpe:2.3:a:golang:networking:v0.27.0:*:*:*:*:go:*:*"},{"referenceCategory":"PACKAGE-MANAGER","referenceType":"purl","referenceLocator":"pkg:golang/golang.org/x/net@v0.27.0"}]},{"name":"golang.org/x/sync","SPDXID":"SPDXRef-Package-go-module-golang.org-x-sync-dc32fa42620d121f","versionInfo":"v0.11.0","supplier":"NOASSERTION","downloadLocation":"NOASSERTION","filesAnalyzed":false,"checksums":[{"algorithm":"SHA256","checksumValue":"186cfcf9740fe05bd34eb8d93f334a4cc16d4971fcd110331bee608453e02bdc"}],"sourceInfo":"acquired package info from go module information: glow_2.1.0_Netbsd_i386/glow","licenseConcluded":"NOASSERTION","licenseDeclared":"NOASSERTION","copyrightText":"NOASSERTION","externalRefs":[{"referenceCategory":"SECURITY","referenceType":"cpe23Type","referenceLocator":"cpe:2.3:a:golang:x\\/sync:v0.11.0:*:*:*:*:*:*:*"},{"referenceCategory":"PACKAGE-MANAGER","referenceType":"purl","referenceLocator":"pkg:golang/golang.org/x/sync@v0.11.0"}]},{"name":"golang.org/x/sys","SPDXID":"SPDXRef-Package-go-module-golang.org-x-sys-cc2421bb67188c8e","versionInfo":"v0.30.0","supplier":"NOASSERTION","downloadLocation":"NOASSERTION","filesAnalyzed":false,"checksums":[{"algorithm":"SHA256","checksumValue":"423912c0fff7e9adb48c5616912b9ed58c17ccb9ac57919fabb122cbbd82d6e7"}],"sourceInfo":"acquired package info from go module information: glow_2.1.0_Netbsd_i386/glow","licenseConcluded":"NOASSERTION","licenseDeclared":"NOASSERTION","copyrightText":"NOASSERTION","externalRefs":[{"referenceCategory":"SECURITY","referenceType":"cpe23Type","referenceLocator":"cpe:2.3:a:golang:x\\/sys:v0.30.0:*:*:*:*:*:*:*"},{"referenceCategory":"PACKAGE-MANAGER","referenceType":"purl","referenceLocator":"pkg:golang/golang.org/x/sys@v0.30.0"}]},{"name":"golang.org/x/term","SPDXID":"SPDXRef-Package-go-module-golang.org-x-term-d51cd57025801dcb","versionInfo":"v0.29.0","supplier":"NOASSERTION","downloadLocation":"NOASSERTION","filesAnalyzed":false,"checksums":[{"algorithm":"SHA256","checksumValue":"2faa49a77ee871e7f0451b583ca496396cceb564b155a8efcf695d1ffc62de25"}],"sourceInfo":"acquired package info from go module information: glow_2.1.0_Netbsd_i386/glow","licenseConcluded":"NOASSERTION","licenseDeclared":"NOASSERTION","copyrightText":"NOASSERTION","externalRefs":[{"referenceCategory":"SECURITY","referenceType":"cpe23Type","referenceLocator":"cpe:2.3:a:golang:x\\/term:v0.29.0:*:*:*:*:*:*:*"},{"referenceCategory":"PACKAGE-MANAGER","referenceType":"purl","referenceLocator":"pkg:golang/golang.org/x/term@v0.29.0"}]},{"name":"golang.org/x/text","SPDXID":"SPDXRef-Package-go-module-golang.org-x-text-58a5035a3291d197","versionInfo":"v0.22.0","supplier":"NOASSERTION","downloadLocation":"NOASSERTION","filesAnalyzed":false,"checksums":[{"algorithm":"SHA256","checksumValue":"6e87eaee6dff1c016f6c5e758f3dd0f702e0de392f48fba266efe90f55f082d3"}],"sourceInfo":"acquired package info from go module information: glow_2.1.0_Netbsd_i386/glow","licenseConcluded":"NOASSERTION","licenseDeclared":"NOASSERTION","copyrightText":"NOASSERTION","externalRefs":[{"referenceCategory":"SECURITY","referenceType":"cpe23Type","referenceLocator":"cpe:2.3:a:golang:text:v0.22.0:*:*:*:*:*:*:*"},{"referenceCategory":"PACKAGE-MANAGER","referenceType":"purl","referenceLocator":"pkg:golang/golang.org/x/text@v0.22.0"}]},{"name":"gopkg.in/ini.v1","SPDXID":"SPDXRef-Package-go-module-gopkg.in-ini.v1-94abcf2cabcf1c9b","versionInfo":"v1.67.0","supplier":"NOASSERTION","downloadLocation":"NOASSERTION","filesAnalyzed":false,"checksums":[{"algorithm":"SHA256","checksumValue":"0e09f1fbafa77c4f887f38d410848d7b274f261f405cd36c59b18ff4acc2b0e0"}],"sourceInfo":"acquired package info from go module information: glow_2.1.0_Netbsd_i386/glow","licenseConcluded":"NOASSERTION","licenseDeclared":"NOASSERTION","copyrightText":"NOASSERTION","externalRefs":[{"referenceCategory":"PACKAGE-MANAGER","referenceType":"purl","referenceLocator":"pkg:golang/gopkg.in/ini.v1@v1.67.0"}]},{"name":"gopkg.in/yaml.v3","SPDXID":"SPDXRef-Package-go-module-gopkg.in-yaml.v3-ed5f6cca3b6b0e7c","versionInfo":"v3.0.1","supplier":"NOASSERTION","downloadLocation":"NOASSERTION","filesAnalyzed":false,"checksums":[{"algorithm":"SHA256","checksumValue":"7f1566fc6cc0cc45aa2c7baf72d23dd4a4bd8613669963a85aed174d8252ec20"}],"sourceInfo":"acquired package info from go module information: glow_2.1.0_Netbsd_i386/glow","licenseConcluded":"NOASSERTION","licenseDeclared":"NOASSERTION","copyrightText":"NOASSERTION","externalRefs":[{"referenceCategory":"SECURITY","referenceType":"cpe23Type","referenceLocator":"cpe:2.3:a:yaml_project:yaml:v3.0.1:*:*:*:*:go:*:*"},{"referenceCategory":"PACKAGE-MANAGER","referenceType":"purl","referenceLocator":"pkg:golang/gopkg.in/yaml.v3@v3.0.1"}]},{"name":"stdlib","SPDXID":"SPDXRef-Package-go-module-stdlib-3ae15a5f7ed3f66c","versionInfo":"go1.24.0","supplier":"NOASSERTION","downloadLocation":"NOASSERTION","filesAnalyzed":false,"sourceInfo":"acquired package info from go module information: glow_2.1.0_Netbsd_i386/glow","licenseConcluded":"NOASSERTION","licenseDeclared":"BSD-3-Clause","copyrightText":"NOASSERTION","externalRefs":[{"referenceCategory":"SECURITY","referenceType":"cpe23Type","referenceLocator":"cpe:2.3:a:golang:go:1.24.0:-:*:*:*:*:*:*"},{"referenceCategory":"PACKAGE-MANAGER","referenceType":"purl","referenceLocator":"pkg:golang/stdlib@1.24.0"}]},{"name":"glow_2.1.0_Netbsd_i386.tar.gz","SPDXID":"SPDXRef-DocumentRoot-File-glow-2.1.0-Netbsd-i386.tar.gz","versionInfo":"sha256:628466338891e5922431ee8a3804bb42a4fe84a8eff9d5d8c81418d26675eb88","supplier":"NOASSERTION","downloadLocation":"NOASSERTION","filesAnalyzed":false,"checksums":[{"algorithm":"SHA256","checksumValue":"628466338891e5922431ee8a3804bb42a4fe84a8eff9d5d8c81418d26675eb88"}],"licenseConcluded":"NOASSERTION","licenseDeclared":"NOASSERTION","copyrightText":"NOASSERTION","primaryPackagePurpose":"FILE"}],"files":[{"fileName":"glow_2.1.0_Netbsd_i386/glow","SPDXID":"SPDXRef-File-glow-2.1.0-Netbsd-i386-glow-2fec728534a8bcb5","fileTypes":["APPLICATION","BINARY"],"checksums":[{"algorithm":"SHA1","checksumValue":"c165efd3066759acd8213471bbeca2967a17c5c0"},{"algorithm":"SHA256","checksumValue":"a798188a9dae8ea95d9cb5435b61c655dea359ca9d24c2e687f23b9e380d6c57"}],"licenseConcluded":"NOASSERTION","licenseInfoInFiles":["NOASSERTION"],"copyrightText":"NOASSERTION"}],"relationships":[{"spdxElementId":"SPDXRef-Package-go-module-github.com-magiconair-properties-053bff566be59938","relatedSpdxElement":"SPDXRef-Package-go-module-github.com-charmbracelet-glow-v2-85e79f6cae6b506a","relationshipType":"DEPENDENCY_OF"},{"spdxElementId":"SPDXRef-Package-go-module-github.com-hashicorp-hcl-099c08db19875376","relatedSpdxElement":"SPDXRef-Package-go-module-github.com-charmbracelet-glow-v2-85e79f6cae6b506a","relationshipType":"DEPENDENCY_OF"},{"spdxElementId":"SPDXRef-Package-go-module-github.com-muesli-go-app-paths-09b8b62d168b7f45","relatedSpdxElement":"SPDXRef-Package-go-module-github.com-charmbracelet-glow-v2-85e79f6cae6b506a","relationshipType":"DEPENDENCY_OF"},{"spdxElementId":"SPDXRef-Package-go-module-github.com-charmbracelet-x-term-16a2ba76a05031c2","relatedSpdxElement":"SPDXRef-Package-go-module-github.com-charmbracelet-glow-v2-85e79f6cae6b506a","relationshipType":"DEPENDENCY_OF"},{"spdxElementId":"SPDXRef-Package-go-module-github.com-charmbracelet-glamour-18e9af157bad5146","relatedSpdxElement":"SPDXRef-Package-go-module-github.com-charmbracelet-glow-v2-85e79f6cae6b506a","relationshipType":"DEPENDENCY_OF"},{"spdxElementId":"SPDXRef-Package-go-module-github.com-spf13-viper-1ee8beef7567776a","relatedSpdxElement":"SPDXRef-Package-go-module-github.com-charmbracelet-glow-v2-85e79f6cae6b506a","relationshipType":"DEPENDENCY_OF"},{"spdxElementId":"SPDXRef-Package-go-module-github.com-sagikazarmark-slog-shim-21fd1af305db3b6d","relatedSpdxElement":"SPDXRef-Package-go-module-github.com-charmbracelet-glow-v2-85e79f6cae6b506a","relationshipType":"DEPENDENCY_OF"},{"spdxElementId":"SPDXRef-Package-go-module-github.com-spf13-afero-268d30a697b8a890","relatedSpdxElement":"SPDXRef-Package-go-module-github.com-charmbracelet-glow-v2-85e79f6cae6b506a","relationshipType":"DEPENDENCY_OF"},{"spdxElementId":"SPDXRef-Package-go-module-github.com-muesli-mango-pflag-27b024df84e6d087","relatedSpdxElement":"SPDXRef-Package-go-module-github.com-charmbracelet-glow-v2-85e79f6cae6b506a","relationshipType":"DEPENDENCY_OF"},{"spdxElementId":"SPDXRef-Package-go-module-github.com-muesli-ansi-31aa711510438cb5","relatedSpdxElement":"SPDXRef-Package-go-module-github.com-charmbracelet-glow-v2-85e79f6cae6b506a","relationshipType":"DEPENDENCY_OF"},{"spdxElementId":"SPDXRef-Package-go-module-github.com-microcosm-cc-bluemonday-35026355c77a8d04","relatedSpdxElement":"SPDXRef-Package-go-module-github.com-charmbracelet-glow-v2-85e79f6cae6b506a","relationshipType":"DEPENDENCY_OF"},{"spdxElementId":"SPDXRef-Package-go-module-github.com-mattn-go-isatty-38e54a7030715461","relatedSpdxElement":"SPDXRef-Package-go-module-github.com-charmbracelet-glow-v2-85e79f6cae6b506a","relationshipType":"DEPENDENCY_OF"},{"spdxElementId":"SPDXRef-Package-go-module-stdlib-3ae15a5f7ed3f66c","relatedSpdxElement":"SPDXRef-Package-go-module-github.com-charmbracelet-glow-v2-85e79f6cae6b506a","relationshipType":"DEPENDENCY_OF"},{"spdxElementId":"SPDXRef-Package-go-module-github.com-mattn-go-runewidth-453c59ead5c6c3c6","relatedSpdxElement":"SPDXRef-Package-go-module-github.com-charmbracelet-glow-v2-85e79f6cae6b506a","relationshipType":"DEPENDENCY_OF"},{"spdxElementId":"SPDXRef-Package-go-module-github.com-subosito-gotenv-46a631b6978b10dc","relatedSpdxElement":"SPDXRef-Package-go-module-github.com-charmbracelet-glow-v2-85e79f6cae6b506a","relationshipType":"DEPENDENCY_OF"},{"spdxElementId":"SPDXRef-Package-go-module-github.com-atotto-clipboard-4f4c44b15cce007b","relatedSpdxElement":"SPDXRef-Package-go-module-github.com-charmbracelet-glow-v2-85e79f6cae6b506a","relationshipType":"DEPENDENCY_OF"},{"spdxElementId":"SPDXRef-Package-go-module-golang.org-x-net-4fc0d033e9d53c88","relatedSpdxElement":"SPDXRef-Package-go-module-github.com-charmbracelet-glow-v2-85e79f6cae6b506a","relationshipType":"DEPENDENCY_OF"},{"spdxElementId":"SPDXRef-Package-go-module-github.com-alecthomas-chroma-v2-50d16175be56abec","relatedSpdxElement":"SPDXRef-Package-go-module-github.com-charmbracelet-glow-v2-85e79f6cae6b506a","relationshipType":"DEPENDENCY_OF"},{"spdxElementId":"SPDXRef-Package-go-module-github.com-muesli-termenv-51a4774e5058047a","relatedSpdxElement":"SPDXRef-Package-go-module-github.com-charmbracelet-glow-v2-85e79f6cae6b506a","relationshipType":"DEPENDENCY_OF"},{"spdxElementId":"SPDXRef-Package-go-module-github.com-muesli-mango-5358eeeb6647e100","relatedSpdxElement":"SPDXRef-Package-go-module-github.com-charmbracelet-glow-v2-85e79f6cae6b506a","relationshipType":"DEPENDENCY_OF"},{"spdxElementId":"SPDXRef-Package-go-module-golang.org-x-text-58a5035a3291d197","relatedSpdxElement":"SPDXRef-Package-go-module-github.com-charmbracelet-glow-v2-85e79f6cae6b506a","relationshipType":"DEPENDENCY_OF"},{"spdxElementId":"SPDXRef-Package-go-module-github.com-charmbracelet-x-editor-5cddda9c46e7c461","relatedSpdxElement":"SPDXRef-Package-go-module-github.com-charmbracelet-glow-v2-85e79f6cae6b506a","relationshipType":"DEPENDENCY_OF"},{"spdxElementId":"SPDXRef-Package-go-module-github.com-yuin-goldmark-emoji-67642bcd39b2cc93","relatedSpdxElement":"SPDXRef-Package-go-module-github.com-charmbracelet-glow-v2-85e79f6cae6b506a","relationshipType":"DEPENDENCY_OF"},{"spdxElementId":"SPDXRef-Package-go-module-github.com-spf13-cobra-68a8b5f4c2b73705","relatedSpdxElement":"SPDXRef-Package-go-module-github.com-charmbracelet-glow-v2-85e79f6cae6b506a","relationshipType":"DEPENDENCY_OF"},{"spdxElementId":"SPDXRef-Package-go-module-github.com-sahilm-fuzzy-6ac8ada91f3b1efa","relatedSpdxElement":"SPDXRef-Package-go-module-github.com-charmbracelet-glow-v2-85e79f6cae6b506a","relationshipType":"DEPENDENCY_OF"},{"spdxElementId":"SPDXRef-Package-go-module-github.com-spf13-pflag-6e85142e0087bfc6","relatedSpdxElement":"SPDXRef-Package-go-module-github.com-charmbracelet-glow-v2-85e79f6cae6b506a","relationshipType":"DEPENDENCY_OF"},{"spdxElementId":"SPDXRef-Package-go-module-github.com-muesli-gitcha-716b28087e25c7c5","relatedSpdxElement":"SPDXRef-Package-go-module-github.com-charmbracelet-glow-v2-85e79f6cae6b506a","relationshipType":"DEPENDENCY_OF"},{"spdxElementId":"SPDXRef-Package-go-module-github.com-charmbracelet-bubbles-7674e70f82a02fd9","relatedSpdxElement":"SPDXRef-Package-go-module-github.com-charmbracelet-glow-v2-85e79f6cae6b506a","relationshipType":"DEPENDENCY_OF"},{"spdxElementId":"SPDXRef-Package-go-module-github.com-rivo-uniseg-7a7024a4f4b638e1","relatedSpdxElement":"SPDXRef-Package-go-module-github.com-charmbracelet-glow-v2-85e79f6cae6b506a","relationshipType":"DEPENDENCY_OF"},{"spdxElementId":"SPDXRef-Package-go-module-github.com-aymerick-douceur-7a8b1d538e7dea61","relatedSpdxElement":"SPDXRef-Package-go-module-github.com-charmbracelet-glow-v2-85e79f6cae6b506a","relationshipType":"DEPENDENCY_OF"},{"spdxElementId":"SPDXRef-Package-go-module-github.com-charmbracelet-log-7aea00be89bdd406","relatedSpdxElement":"SPDXRef-Package-go-module-github.com-charmbracelet-glow-v2-85e79f6cae6b506a","relationshipType":"DEPENDENCY_OF"},{"spdxElementId":"SPDXRef-Package-go-module-github.com-mitchellh-go-homedir-7f7edee974881991","relatedSpdxElement":"SPDXRef-Package-go-module-github.com-charmbracelet-glow-v2-85e79f6cae6b506a","relationshipType":"DEPENDENCY_OF"},{"spdxElementId":"SPDXRef-Package-go-module-github.com-gorilla-css-89abd5fc9ab39f8a","relatedSpdxElement":"SPDXRef-Package-go-module-github.com-charmbracelet-glow-v2-85e79f6cae6b506a","relationshipType":"DEPENDENCY_OF"},{"spdxElementId":"SPDXRef-Package-go-module-github.com-spf13-cast-89d8da0ee86c0aa5","relatedSpdxElement":"SPDXRef-Package-go-module-github.com-charmbracelet-glow-v2-85e79f6cae6b506a","relationshipType":"DEPENDENCY_OF"},{"spdxElementId":"SPDXRef-Package-go-module-github.com-charmbracelet-lipgloss-946b712e605e9e90","relatedSpdxElement":"SPDXRef-Package-go-module-github.com-charmbracelet-glow-v2-85e79f6cae6b506a","relationshipType":"DEPENDENCY_OF"},{"spdxElementId":"SPDXRef-Package-go-module-gopkg.in-ini.v1-94abcf2cabcf1c9b","relatedSpdxElement":"SPDXRef-Package-go-module-github.com-charmbracelet-glow-v2-85e79f6cae6b506a","relationshipType":"DEPENDENCY_OF"},{"spdxElementId":"SPDXRef-Package-go-module-github.com-aymanbagabas-go-osc52-v2-972fa0fd7f07c102","relatedSpdxElement":"SPDXRef-Package-go-module-github.com-charmbracelet-glow-v2-85e79f6cae6b506a","relationshipType":"DEPENDENCY_OF"},{"spdxElementId":"SPDXRef-Package-go-module-github.com-mitchellh-mapstructure-990ac974a48fb935","relatedSpdxElement":"SPDXRef-Package-go-module-github.com-charmbracelet-glow-v2-85e79f6cae6b506a","relationshipType":"DEPENDENCY_OF"},{"spdxElementId":"SPDXRef-Package-go-module-github.com-charmbracelet-x-ansi-9a505ed24dd201cf","relatedSpdxElement":"SPDXRef-Package-go-module-github.com-charmbracelet-glow-v2-85e79f6cae6b506a","relationshipType":"DEPENDENCY_OF"},{"spdxElementId":"SPDXRef-Package-go-module-github.com-pelletier-go-toml-v2-9c6d095d6ba281de","relatedSpdxElement":"SPDXRef-Package-go-module-github.com-charmbracelet-glow-v2-85e79f6cae6b506a","relationshipType":"DEPENDENCY_OF"},{"spdxElementId":"SPDXRef-Package-go-module-github.com-lucasb-eyer-go-colorful-a039fa1ac99618d2","relatedSpdxElement":"SPDXRef-Package-go-module-github.com-charmbracelet-glow-v2-85e79f6cae6b506a","relationshipType":"DEPENDENCY_OF"},{"spdxElementId":"SPDXRef-Package-go-module-github.com-muesli-mango-cobra-a7c141991c5af3ef","relatedSpdxElement":"SPDXRef-Package-go-module-github.com-charmbracelet-glow-v2-85e79f6cae6b506a","relationshipType":"DEPENDENCY_OF"},{"spdxElementId":"SPDXRef-Package-go-module-github.com-dlclark-regexp2-a7dfe3deb9740693","relatedSpdxElement":"SPDXRef-Package-go-module-github.com-charmbracelet-glow-v2-85e79f6cae6b506a","relationshipType":"DEPENDENCY_OF"},{"spdxElementId":"SPDXRef-Package-go-module-github.com-caarlos0-env-v11-a9a05f11e1a62a54","relatedSpdxElement":"SPDXRef-Package-go-module-github.com-charmbracelet-glow-v2-85e79f6cae6b506a","relationshipType":"DEPENDENCY_OF"},{"spdxElementId":"SPDXRef-Package-go-module-github.com-go-logfmt-logfmt-b07e7be494758f3c","relatedSpdxElement":"SPDXRef-Package-go-module-github.com-charmbracelet-glow-v2-85e79f6cae6b506a","relationshipType":"DEPENDENCY_OF"},{"spdxElementId":"SPDXRef-Package-go-module-github.com-muesli-roff-b3d8efe393f2c8e1","relatedSpdxElement":"SPDXRef-Package-go-module-github.com-charmbracelet-glow-v2-85e79f6cae6b506a","relationshipType":"DEPENDENCY_OF"},{"spdxElementId":"SPDXRef-Package-go-module-github.com-muesli-reflow-b4490bfc0cb6d7f3","relatedSpdxElement":"SPDXRef-Package-go-module-github.com-charmbracelet-glow-v2-85e79f6cae6b506a","relationshipType":"DEPENDENCY_OF"},{"spdxElementId":"SPDXRef-Package-go-module-golang.org-x-sys-cc2421bb67188c8e","relatedSpdxElement":"SPDXRef-Package-go-module-github.com-charmbracelet-glow-v2-85e79f6cae6b506a","relationshipType":"DEPENDENCY_OF"},{"spdxElementId":"SPDXRef-Package-go-module-github.com-muesli-cancelreader-d4c9cffe16f1bc67","relatedSpdxElement":"SPDXRef-Package-go-module-github.com-charmbracelet-glow-v2-85e79f6cae6b506a","relationshipType":"DEPENDENCY_OF"},{"spdxElementId":"SPDXRef-Package-go-module-golang.org-x-term-d51cd57025801dcb","relatedSpdxElement":"SPDXRef-Package-go-module-github.com-charmbracelet-glow-v2-85e79f6cae6b506a","relationshipType":"DEPENDENCY_OF"},{"spdxElementId":"SPDXRef-Package-go-module-golang.org-x-sync-dc32fa42620d121f","relatedSpdxElement":"SPDXRef-Package-go-module-github.com-charmbracelet-glow-v2-85e79f6cae6b506a","relationshipType":"DEPENDENCY_OF"},{"spdxElementId":"SPDXRef-Package-go-module-github.com-sabhiram-go-gitignore-e8383a6fd5f16b1b","relatedSpdxElement":"SPDXRef-Package-go-module-github.com-charmbracelet-glow-v2-85e79f6cae6b506a","relationshipType":"DEPENDENCY_OF"},{"spdxElementId":"SPDXRef-Package-go-module-gopkg.in-yaml.v3-ed5f6cca3b6b0e7c","relatedSpdxElement":"SPDXRef-Package-go-module-github.com-charmbracelet-glow-v2-85e79f6cae6b506a","relationshipType":"DEPENDENCY_OF"},{"spdxElementId":"SPDXRef-Package-go-module-github.com-dustin-go-humanize-f2429d34e7d87cb8","relatedSpdxElement":"SPDXRef-Package-go-module-github.com-charmbracelet-glow-v2-85e79f6cae6b506a","relationshipType":"DEPENDENCY_OF"},{"spdxElementId":"SPDXRef-Package-go-module-github.com-charmbracelet-bubbletea-f58f9bd85ea4f08b","relatedSpdxElement":"SPDXRef-Package-go-module-github.com-charmbracelet-glow-v2-85e79f6cae6b506a","relationshipType":"DEPENDENCY_OF"},{"spdxElementId":"SPDXRef-Package-go-module-github.com-fsnotify-fsnotify-f60b9f84f2bc12a7","relatedSpdxElement":"SPDXRef-Package-go-module-github.com-charmbracelet-glow-v2-85e79f6cae6b506a","relationshipType":"DEPENDENCY_OF"},{"spdxElementId":"SPDXRef-Package-go-module-github.com-yuin-goldmark-f9b3cf319319e84c","relatedSpdxElement":"SPDXRef-Package-go-module-github.com-charmbracelet-glow-v2-85e79f6cae6b506a","relationshipType":"DEPENDENCY_OF"},{"spdxElementId":"SPDXRef-Package-go-module-github.com-magiconair-properties-053bff566be59938","relatedSpdxElement":"SPDXRef-File-glow-2.1.0-Netbsd-i386-glow-2fec728534a8bcb5","relationshipType":"OTHER","comment":"evident-by: indicates the package's existence is evident by the given file"},{"spdxElementId":"SPDXRef-Package-go-module-github.com-hashicorp-hcl-099c08db19875376","relatedSpdxElement":"SPDXRef-File-glow-2.1.0-Netbsd-i386-glow-2fec728534a8bcb5","relationshipType":"OTHER","comment":"evident-by: indicates the package's existence is evident by the given file"},{"spdxElementId":"SPDXRef-Package-go-module-github.com-muesli-go-app-paths-09b8b62d168b7f45","relatedSpdxElement":"SPDXRef-File-glow-2.1.0-Netbsd-i386-glow-2fec728534a8bcb5","relationshipType":"OTHER","comment":"evident-by: indicates the package's existence is evident by the given file"},{"spdxElementId":"SPDXRef-Package-go-module-github.com-charmbracelet-x-term-16a2ba76a05031c2","relatedSpdxElement":"SPDXRef-File-glow-2.1.0-Netbsd-i386-glow-2fec728534a8bcb5","relationshipType":"OTHER","comment":"evident-by: indicates the package's existence is evident by the given file"},{"spdxElementId":"SPDXRef-Package-go-module-github.com-charmbracelet-glamour-18e9af157bad5146","relatedSpdxElement":"SPDXRef-File-glow-2.1.0-Netbsd-i386-glow-2fec728534a8bcb5","relationshipType":"OTHER","comment":"evident-by: indicates the package's existence is evident by the given file"},{"spdxElementId":"SPDXRef-Package-go-module-github.com-spf13-viper-1ee8beef7567776a","relatedSpdxElement":"SPDXRef-File-glow-2.1.0-Netbsd-i386-glow-2fec728534a8bcb5","relationshipType":"OTHER","comment":"evident-by: indicates the package's existence is evident by the given file"},{"spdxElementId":"SPDXRef-Package-go-module-github.com-sagikazarmark-slog-shim-21fd1af305db3b6d","relatedSpdxElement":"SPDXRef-File-glow-2.1.0-Netbsd-i386-glow-2fec728534a8bcb5","relationshipType":"OTHER","comment":"evident-by: indicates the package's existence is evident by the given file"},{"spdxElementId":"SPDXRef-Package-go-module-github.com-spf13-afero-268d30a697b8a890","relatedSpdxElement":"SPDXRef-File-glow-2.1.0-Netbsd-i386-glow-2fec728534a8bcb5","relationshipType":"OTHER","comment":"evident-by: indicates the package's existence is evident by the given file"},{"spdxElementId":"SPDXRef-Package-go-module-github.com-muesli-mango-pflag-27b024df84e6d087","relatedSpdxElement":"SPDXRef-File-glow-2.1.0-Netbsd-i386-glow-2fec728534a8bcb5","relationshipType":"OTHER","comment":"evident-by: indicates the package's existence is evident by the given file"},{"spdxElementId":"SPDXRef-Package-go-module-github.com-muesli-ansi-31aa711510438cb5","relatedSpdxElement":"SPDXRef-File-glow-2.1.0-Netbsd-i386-glow-2fec728534a8bcb5","relationshipType":"OTHER","comment":"evident-by: indicates the package's existence is evident by the given file"},{"spdxElementId":"SPDXRef-Package-go-module-github.com-microcosm-cc-bluemonday-35026355c77a8d04","relatedSpdxElement":"SPDXRef-File-glow-2.1.0-Netbsd-i386-glow-2fec728534a8bcb5","relationshipType":"OTHER","comment":"evident-by: indicates the package's existence is evident by the given file"},{"spdxElementId":"SPDXRef-Package-go-module-github.com-mattn-go-isatty-38e54a7030715461","relatedSpdxElement":"SPDXRef-File-glow-2.1.0-Netbsd-i386-glow-2fec728534a8bcb5","relationshipType":"OTHER","comment":"evident-by: indicates the package's existence is evident by the given file"},{"spdxElementId":"SPDXRef-Package-go-module-stdlib-3ae15a5f7ed3f66c","relatedSpdxElement":"SPDXRef-File-glow-2.1.0-Netbsd-i386-glow-2fec728534a8bcb5","relationshipType":"OTHER","comment":"evident-by: indicates the package's existence is evident by the given file"},{"spdxElementId":"SPDXRef-Package-go-module-github.com-mattn-go-runewidth-453c59ead5c6c3c6","relatedSpdxElement":"SPDXRef-File-glow-2.1.0-Netbsd-i386-glow-2fec728534a8bcb5","relationshipType":"OTHER","comment":"evident-by: indicates the package's existence is evident by the given file"},{"spdxElementId":"SPDXRef-Package-go-module-github.com-subosito-gotenv-46a631b6978b10dc","relatedSpdxElement":"SPDXRef-File-glow-2.1.0-Netbsd-i386-glow-2fec728534a8bcb5","relationshipType":"OTHER","comment":"evident-by: indicates the package's existence is evident by the given file"},{"spdxElementId":"SPDXRef-Package-go-module-github.com-atotto-clipboard-4f4c44b15cce007b","relatedSpdxElement":"SPDXRef-File-glow-2.1.0-Netbsd-i386-glow-2fec728534a8bcb5","relationshipType":"OTHER","comment":"evident-by: indicates the package's existence is evident by the given file"},{"spdxElementId":"SPDXRef-Package-go-module-golang.org-x-net-4fc0d033e9d53c88","relatedSpdxElement":"SPDXRef-File-glow-2.1.0-Netbsd-i386-glow-2fec728534a8bcb5","relationshipType":"OTHER","comment":"evident-by: indicates the package's existence is evident by the given file"},{"spdxElementId":"SPDXRef-Package-go-module-github.com-alecthomas-chroma-v2-50d16175be56abec","relatedSpdxElement":"SPDXRef-File-glow-2.1.0-Netbsd-i386-glow-2fec728534a8bcb5","relationshipType":"OTHER","comment":"evident-by: indicates the package's existence is evident by the given file"},{"spdxElementId":"SPDXRef-Package-go-module-github.com-muesli-termenv-51a4774e5058047a","relatedSpdxElement":"SPDXRef-File-glow-2.1.0-Netbsd-i386-glow-2fec728534a8bcb5","relationshipType":"OTHER","comment":"evident-by: indicates the package's existence is evident by the given file"},{"spdxElementId":"SPDXRef-Package-go-module-github.com-muesli-mango-5358eeeb6647e100","relatedSpdxElement":"SPDXRef-File-glow-2.1.0-Netbsd-i386-glow-2fec728534a8bcb5","relationshipType":"OTHER","comment":"evident-by: indicates the package's existence is evident by the given file"},{"spdxElementId":"SPDXRef-Package-go-module-golang.org-x-text-58a5035a3291d197","relatedSpdxElement":"SPDXRef-File-glow-2.1.0-Netbsd-i386-glow-2fec728534a8bcb5","relationshipType":"OTHER","comment":"evident-by: indicates the package's existence is evident by the given file"},{"spdxElementId":"SPDXRef-Package-go-module-github.com-charmbracelet-x-editor-5cddda9c46e7c461","relatedSpdxElement":"SPDXRef-File-glow-2.1.0-Netbsd-i386-glow-2fec728534a8bcb5","relationshipType":"OTHER","comment":"evident-by: indicates the package's existence is evident by the given file"},{"spdxElementId":"SPDXRef-Package-go-module-github.com-yuin-goldmark-emoji-67642bcd39b2cc93","relatedSpdxElement":"SPDXRef-File-glow-2.1.0-Netbsd-i386-glow-2fec728534a8bcb5","relationshipType":"OTHER","comment":"evident-by: indicates the package's existence is evident by the given file"},{"spdxElementId":"SPDXRef-Package-go-module-github.com-spf13-cobra-68a8b5f4c2b73705","relatedSpdxElement":"SPDXRef-File-glow-2.1.0-Netbsd-i386-glow-2fec728534a8bcb5","relationshipType":"OTHER","comment":"evident-by: indicates the package's existence is evident by the given file"},{"spdxElementId":"SPDXRef-Package-go-module-github.com-sahilm-fuzzy-6ac8ada91f3b1efa","relatedSpdxElement":"SPDXRef-File-glow-2.1.0-Netbsd-i386-glow-2fec728534a8bcb5","relationshipType":"OTHER","comment":"evident-by: indicates the package's existence is evident by the given file"},{"spdxElementId":"SPDXRef-Package-go-module-github.com-spf13-pflag-6e85142e0087bfc6","relatedSpdxElement":"SPDXRef-File-glow-2.1.0-Netbsd-i386-glow-2fec728534a8bcb5","relationshipType":"OTHER","comment":"evident-by: indicates the package's existence is evident by the given file"},{"spdxElementId":"SPDXRef-Package-go-module-github.com-muesli-gitcha-716b28087e25c7c5","relatedSpdxElement":"SPDXRef-File-glow-2.1.0-Netbsd-i386-glow-2fec728534a8bcb5","relationshipType":"OTHER","comment":"evident-by: indicates the package's existence is evident by the given file"},{"spdxElementId":"SPDXRef-Package-go-module-github.com-charmbracelet-bubbles-7674e70f82a02fd9","relatedSpdxElement":"SPDXRef-File-glow-2.1.0-Netbsd-i386-glow-2fec728534a8bcb5","relationshipType":"OTHER","comment":"evident-by: indicates the package's existence is evident by the given file"},{"spdxElementId":"SPDXRef-Package-go-module-github.com-rivo-uniseg-7a7024a4f4b638e1","relatedSpdxElement":"SPDXRef-File-glow-2.1.0-Netbsd-i386-glow-2fec728534a8bcb5","relationshipType":"OTHER","comment":"evident-by: indicates the package's existence is evident by the given file"},{"spdxElementId":"SPDXRef-Package-go-module-github.com-aymerick-douceur-7a8b1d538e7dea61","relatedSpdxElement":"SPDXRef-File-glow-2.1.0-Netbsd-i386-glow-2fec728534a8bcb5","relationshipType":"OTHER","comment":"evident-by: indicates the package's existence is evident by the given file"},{"spdxElementId":"SPDXRef-Package-go-module-github.com-charmbracelet-log-7aea00be89bdd406","relatedSpdxElement":"SPDXRef-File-glow-2.1.0-Netbsd-i386-glow-2fec728534a8bcb5","relationshipType":"OTHER","comment":"evident-by: indicates the package's existence is evident by the given file"},{"spdxElementId":"SPDXRef-Package-go-module-github.com-mitchellh-go-homedir-7f7edee974881991","relatedSpdxElement":"SPDXRef-File-glow-2.1.0-Netbsd-i386-glow-2fec728534a8bcb5","relationshipType":"OTHER","comment":"evident-by: indicates the package's existence is evident by the given file"},{"spdxElementId":"SPDXRef-Package-go-module-github.com-charmbracelet-glow-v2-85e79f6cae6b506a","relatedSpdxElement":"SPDXRef-File-glow-2.1.0-Netbsd-i386-glow-2fec728534a8bcb5","relationshipType":"OTHER","comment":"evident-by: indicates the package's existence is evident by the given file"},{"spdxElementId":"SPDXRef-Package-go-module-github.com-gorilla-css-89abd5fc9ab39f8a","relatedSpdxElement":"SPDXRef-File-glow-2.1.0-Netbsd-i386-glow-2fec728534a8bcb5","relationshipType":"OTHER","comment":"evident-by: indicates the package's existence is evident by the given file"},{"spdxElementId":"SPDXRef-Package-go-module-github.com-spf13-cast-89d8da0ee86c0aa5","relatedSpdxElement":"SPDXRef-File-glow-2.1.0-Netbsd-i386-glow-2fec728534a8bcb5","relationshipType":"OTHER","comment":"evident-by: indicates the package's existence is evident by the given file"},{"spdxElementId":"SPDXRef-Package-go-module-github.com-charmbracelet-lipgloss-946b712e605e9e90","relatedSpdxElement":"SPDXRef-File-glow-2.1.0-Netbsd-i386-glow-2fec728534a8bcb5","relationshipType":"OTHER","comment":"evident-by: indicates the package's existence is evident by the given file"},{"spdxElementId":"SPDXRef-Package-go-module-gopkg.in-ini.v1-94abcf2cabcf1c9b","relatedSpdxElement":"SPDXRef-File-glow-2.1.0-Netbsd-i386-glow-2fec728534a8bcb5","relationshipType":"OTHER","comment":"evident-by: indicates the package's existence is evident by the given file"},{"spdxElementId":"SPDXRef-Package-go-module-github.com-aymanbagabas-go-osc52-v2-972fa0fd7f07c102","relatedSpdxElement":"SPDXRef-File-glow-2.1.0-Netbsd-i386-glow-2fec728534a8bcb5","relationshipType":"OTHER","comment":"evident-by: indicates the package's existence is evident by the given file"},{"spdxElementId":"SPDXRef-Package-go-module-github.com-mitchellh-mapstructure-990ac974a48fb935","relatedSpdxElement":"SPDXRef-File-glow-2.1.0-Netbsd-i386-glow-2fec728534a8bcb5","relationshipType":"OTHER","comment":"evident-by: indicates the package's existence is evident by the given file"},{"spdxElementId":"SPDXRef-Package-go-module-github.com-charmbracelet-x-ansi-9a505ed24dd201cf","relatedSpdxElement":"SPDXRef-File-glow-2.1.0-Netbsd-i386-glow-2fec728534a8bcb5","relationshipType":"OTHER","comment":"evident-by: indicates the package's existence is evident by the given file"},{"spdxElementId":"SPDXRef-Package-go-module-github.com-pelletier-go-toml-v2-9c6d095d6ba281de","relatedSpdxElement":"SPDXRef-File-glow-2.1.0-Netbsd-i386-glow-2fec728534a8bcb5","relationshipType":"OTHER","comment":"evident-by: indicates the package's existence is evident by the given file"},{"spdxElementId":"SPDXRef-Package-go-module-github.com-lucasb-eyer-go-colorful-a039fa1ac99618d2","relatedSpdxElement":"SPDXRef-File-glow-2.1.0-Netbsd-i386-glow-2fec728534a8bcb5","relationshipType":"OTHER","comment":"evident-by: indicates the package's existence is evident by the given file"},{"spdxElementId":"SPDXRef-Package-go-module-github.com-muesli-mango-cobra-a7c141991c5af3ef","relatedSpdxElement":"SPDXRef-File-glow-2.1.0-Netbsd-i386-glow-2fec728534a8bcb5","relationshipType":"OTHER","comment":"evident-by: indicates the package's existence is evident by the given file"},{"spdxElementId":"SPDXRef-Package-go-module-github.com-dlclark-regexp2-a7dfe3deb9740693","relatedSpdxElement":"SPDXRef-File-glow-2.1.0-Netbsd-i386-glow-2fec728534a8bcb5","relationshipType":"OTHER","comment":"evident-by: indicates the package's existence is evident by the given file"},{"spdxElementId":"SPDXRef-Package-go-module-github.com-caarlos0-env-v11-a9a05f11e1a62a54","relatedSpdxElement":"SPDXRef-File-glow-2.1.0-Netbsd-i386-glow-2fec728534a8bcb5","relationshipType":"OTHER","comment":"evident-by: indicates the package's existence is evident by the given file"},{"spdxElementId":"SPDXRef-Package-go-module-github.com-go-logfmt-logfmt-b07e7be494758f3c","relatedSpdxElement":"SPDXRef-File-glow-2.1.0-Netbsd-i386-glow-2fec728534a8bcb5","relationshipType":"OTHER","comment":"evident-by: indicates the package's existence is evident by the given file"},{"spdxElementId":"SPDXRef-Package-go-module-github.com-muesli-roff-b3d8efe393f2c8e1","relatedSpdxElement":"SPDXRef-File-glow-2.1.0-Netbsd-i386-glow-2fec728534a8bcb5","relationshipType":"OTHER","comment":"evident-by: indicates the package's existence is evident by the given file"},{"spdxElementId":"SPDXRef-Package-go-module-github.com-muesli-reflow-b4490bfc0cb6d7f3","relatedSpdxElement":"SPDXRef-File-glow-2.1.0-Netbsd-i386-glow-2fec728534a8bcb5","relationshipType":"OTHER","comment":"evident-by: indicates the package's existence is evident by the given file"},{"spdxElementId":"SPDXRef-Package-go-module-golang.org-x-sys-cc2421bb67188c8e","relatedSpdxElement":"SPDXRef-File-glow-2.1.0-Netbsd-i386-glow-2fec728534a8bcb5","relationshipType":"OTHER","comment":"evident-by: indicates the package's existence is evident by the given file"},{"spdxElementId":"SPDXRef-Package-go-module-github.com-muesli-cancelreader-d4c9cffe16f1bc67","relatedSpdxElement":"SPDXRef-File-glow-2.1.0-Netbsd-i386-glow-2fec728534a8bcb5","relationshipType":"OTHER","comment":"evident-by: indicates the package's existence is evident by the given file"},{"spdxElementId":"SPDXRef-Package-go-module-golang.org-x-term-d51cd57025801dcb","relatedSpdxElement":"SPDXRef-File-glow-2.1.0-Netbsd-i386-glow-2fec728534a8bcb5","relationshipType":"OTHER","comment":"evident-by: indicates the package's existence is evident by the given file"},{"spdxElementId":"SPDXRef-Package-go-module-golang.org-x-sync-dc32fa42620d121f","relatedSpdxElement":"SPDXRef-File-glow-2.1.0-Netbsd-i386-glow-2fec728534a8bcb5","relationshipType":"OTHER","comment":"evident-by: indicates the package's existence is evident by the given file"},{"spdxElementId":"SPDXRef-Package-go-module-github.com-sabhiram-go-gitignore-e8383a6fd5f16b1b","relatedSpdxElement":"SPDXRef-File-glow-2.1.0-Netbsd-i386-glow-2fec728534a8bcb5","relationshipType":"OTHER","comment":"evident-by: indicates the package's existence is evident by the given file"},{"spdxElementId":"SPDXRef-Package-go-module-gopkg.in-yaml.v3-ed5f6cca3b6b0e7c","relatedSpdxElement":"SPDXRef-File-glow-2.1.0-Netbsd-i386-glow-2fec728534a8bcb5","relationshipType":"OTHER","comment":"evident-by: indicates the package's existence is evident by the given file"},{"spdxElementId":"SPDXRef-Package-go-module-github.com-dustin-go-humanize-f2429d34e7d87cb8","relatedSpdxElement":"SPDXRef-File-glow-2.1.0-Netbsd-i386-glow-2fec728534a8bcb5","relationshipType":"OTHER","comment":"evident-by: indicates the package's existence is evident by the given file"},{"spdxElementId":"SPDXRef-Package-go-module-github.com-charmbracelet-bubbletea-f58f9bd85ea4f08b","relatedSpdxElement":"SPDXRef-File-glow-2.1.0-Netbsd-i386-glow-2fec728534a8bcb5","relationshipType":"OTHER","comment":"evident-by: indicates the package's existence is evident by the given file"},{"spdxElementId":"SPDXRef-Package-go-module-github.com-fsnotify-fsnotify-f60b9f84f2bc12a7","relatedSpdxElement":"SPDXRef-File-glow-2.1.0-Netbsd-i386-glow-2fec728534a8bcb5","relationshipType":"OTHER","comment":"evident-by: indicates the package's existence is evident by the given file"},{"spdxElementId":"SPDXRef-Package-go-module-github.com-yuin-goldmark-f9b3cf319319e84c","relatedSpdxElement":"SPDXRef-File-glow-2.1.0-Netbsd-i386-glow-2fec728534a8bcb5","relationshipType":"OTHER","comment":"evident-by: indicates the package's existence is evident by the given file"},{"spdxElementId":"SPDXRef-DocumentRoot-File-glow-2.1.0-Netbsd-i386.tar.gz","relatedSpdxElement":"SPDXRef-Package-go-module-github.com-alecthomas-chroma-v2-50d16175be56abec","relationshipType":"CONTAINS"},{"spdxElementId":"SPDXRef-DocumentRoot-File-glow-2.1.0-Netbsd-i386.tar.gz","relatedSpdxElement":"SPDXRef-Package-go-module-github.com-atotto-clipboard-4f4c44b15cce007b","relationshipType":"CONTAINS"},{"spdxElementId":"SPDXRef-DocumentRoot-File-glow-2.1.0-Netbsd-i386.tar.gz","relatedSpdxElement":"SPDXRef-Package-go-module-github.com-aymanbagabas-go-osc52-v2-972fa0fd7f07c102","relationshipType":"CONTAINS"},{"spdxElementId":"SPDXRef-DocumentRoot-File-glow-2.1.0-Netbsd-i386.tar.gz","relatedSpdxElement":"SPDXRef-Package-go-module-github.com-aymerick-douceur-7a8b1d538e7dea61","relationshipType":"CONTAINS"},{"spdxElementId":"SPDXRef-DocumentRoot-File-glow-2.1.0-Netbsd-i386.tar.gz","relatedSpdxElement":"SPDXRef-Package-go-module-github.com-caarlos0-env-v11-a9a05f11e1a62a54","relationshipType":"CONTAINS"},{"spdxElementId":"SPDXRef-DocumentRoot-File-glow-2.1.0-Netbsd-i386.tar.gz","relatedSpdxElement":"SPDXRef-Package-go-module-github.com-charmbracelet-bubbles-7674e70f82a02fd9","relationshipType":"CONTAINS"},{"spdxElementId":"SPDXRef-DocumentRoot-File-glow-2.1.0-Netbsd-i386.tar.gz","relatedSpdxElement":"SPDXRef-Package-go-module-github.com-charmbracelet-bubbletea-f58f9bd85ea4f08b","relationshipType":"CONTAINS"},{"spdxElementId":"SPDXRef-DocumentRoot-File-glow-2.1.0-Netbsd-i386.tar.gz","relatedSpdxElement":"SPDXRef-Package-go-module-github.com-charmbracelet-glamour-18e9af157bad5146","relationshipType":"CONTAINS"},{"spdxElementId":"SPDXRef-DocumentRoot-File-glow-2.1.0-Netbsd-i386.tar.gz","relatedSpdxElement":"SPDXRef-Package-go-module-github.com-charmbracelet-glow-v2-85e79f6cae6b506a","relationshipType":"CONTAINS"},{"spdxElementId":"SPDXRef-DocumentRoot-File-glow-2.1.0-Netbsd-i386.tar.gz","relatedSpdxElement":"SPDXRef-Package-go-module-github.com-charmbracelet-lipgloss-946b712e605e9e90","relationshipType":"CONTAINS"},{"spdxElementId":"SPDXRef-DocumentRoot-File-glow-2.1.0-Netbsd-i386.tar.gz","relatedSpdxElement":"SPDXRef-Package-go-module-github.com-charmbracelet-log-7aea00be89bdd406","relationshipType":"CONTAINS"},{"spdxElementId":"SPDXRef-DocumentRoot-File-glow-2.1.0-Netbsd-i386.tar.gz","relatedSpdxElement":"SPDXRef-Package-go-module-github.com-charmbracelet-x-ansi-9a505ed24dd201cf","relationshipType":"CONTAINS"},{"spdxElementId":"SPDXRef-DocumentRoot-File-glow-2.1.0-Netbsd-i386.tar.gz","relatedSpdxElement":"SPDXRef-Package-go-module-github.com-charmbracelet-x-editor-5cddda9c46e7c461","relationshipType":"CONTAINS"},{"spdxElementId":"SPDXRef-DocumentRoot-File-glow-2.1.0-Netbsd-i386.tar.gz","relatedSpdxElement":"SPDXRef-Package-go-module-github.com-charmbracelet-x-term-16a2ba76a05031c2","relationshipType":"CONTAINS"},{"spdxElementId":"SPDXRef-DocumentRoot-File-glow-2.1.0-Netbsd-i386.tar.gz","relatedSpdxElement":"SPDXRef-Package-go-module-github.com-dlclark-regexp2-a7dfe3deb9740693","relationshipType":"CONTAINS"},{"spdxElementId":"SPDXRef-DocumentRoot-File-glow-2.1.0-Netbsd-i386.tar.gz","relatedSpdxElement":"SPDXRef-Package-go-module-github.com-dustin-go-humanize-f2429d34e7d87cb8","relationshipType":"CONTAINS"},{"spdxElementId":"SPDXRef-DocumentRoot-File-glow-2.1.0-Netbsd-i386.tar.gz","relatedSpdxElement":"SPDXRef-Package-go-module-github.com-fsnotify-fsnotify-f60b9f84f2bc12a7","relationshipType":"CONTAINS"},{"spdxElementId":"SPDXRef-DocumentRoot-File-glow-2.1.0-Netbsd-i386.tar.gz","relatedSpdxElement":"SPDXRef-Package-go-module-github.com-go-logfmt-logfmt-b07e7be494758f3c","relationshipType":"CONTAINS"},{"spdxElementId":"SPDXRef-DocumentRoot-File-glow-2.1.0-Netbsd-i386.tar.gz","relatedSpdxElement":"SPDXRef-Package-go-module-github.com-gorilla-css-89abd5fc9ab39f8a","relationshipType":"CONTAINS"},{"spdxElementId":"SPDXRef-DocumentRoot-File-glow-2.1.0-Netbsd-i386.tar.gz","relatedSpdxElement":"SPDXRef-Package-go-module-github.com-hashicorp-hcl-099c08db19875376","relationshipType":"CONTAINS"},{"spdxElementId":"SPDXRef-DocumentRoot-File-glow-2.1.0-Netbsd-i386.tar.gz","relatedSpdxElement":"SPDXRef-Package-go-module-github.com-lucasb-eyer-go-colorful-a039fa1ac99618d2","relationshipType":"CONTAINS"},{"spdxElementId":"SPDXRef-DocumentRoot-File-glow-2.1.0-Netbsd-i386.tar.gz","relatedSpdxElement":"SPDXRef-Package-go-module-github.com-magiconair-properties-053bff566be59938","relationshipType":"CONTAINS"},{"spdxElementId":"SPDXRef-DocumentRoot-File-glow-2.1.0-Netbsd-i386.tar.gz","relatedSpdxElement":"SPDXRef-Package-go-module-github.com-mattn-go-isatty-38e54a7030715461","relationshipType":"CONTAINS"},{"spdxElementId":"SPDXRef-DocumentRoot-File-glow-2.1.0-Netbsd-i386.tar.gz","relatedSpdxElement":"SPDXRef-Package-go-module-github.com-mattn-go-runewidth-453c59ead5c6c3c6","relationshipType":"CONTAINS"},{"spdxElementId":"SPDXRef-DocumentRoot-File-glow-2.1.0-Netbsd-i386.tar.gz","relatedSpdxElement":"SPDXRef-Package-go-module-github.com-microcosm-cc-bluemonday-35026355c77a8d04","relationshipType":"CONTAINS"},{"spdxElementId":"SPDXRef-DocumentRoot-File-glow-2.1.0-Netbsd-i386.tar.gz","relatedSpdxElement":"SPDXRef-Package-go-module-github.com-mitchellh-go-homedir-7f7edee974881991","relationshipType":"CONTAINS"},{"spdxElementId":"SPDXRef-DocumentRoot-File-glow-2.1.0-Netbsd-i386.tar.gz","relatedSpdxElement":"SPDXRef-Package-go-module-github.com-mitchellh-mapstructure-990ac974a48fb935","relationshipType":"CONTAINS"},{"spdxElementId":"SPDXRef-DocumentRoot-File-glow-2.1.0-Netbsd-i386.tar.gz","relatedSpdxElement":"SPDXRef-Package-go-module-github.com-muesli-ansi-31aa711510438cb5","relationshipType":"CONTAINS"},{"spdxElementId":"SPDXRef-DocumentRoot-File-glow-2.1.0-Netbsd-i386.tar.gz","relatedSpdxElement":"SPDXRef-Package-go-module-github.com-muesli-cancelreader-d4c9cffe16f1bc67","relationshipType":"CONTAINS"},{"spdxElementId":"SPDXRef-DocumentRoot-File-glow-2.1.0-Netbsd-i386.tar.gz","relatedSpdxElement":"SPDXRef-Package-go-module-github.com-muesli-gitcha-716b28087e25c7c5","relationshipType":"CONTAINS"},{"spdxElementId":"SPDXRef-DocumentRoot-File-glow-2.1.0-Netbsd-i386.tar.gz","relatedSpdxElement":"SPDXRef-Package-go-module-github.com-muesli-go-app-paths-09b8b62d168b7f45","relationshipType":"CONTAINS"},{"spdxElementId":"SPDXRef-DocumentRoot-File-glow-2.1.0-Netbsd-i386.tar.gz","relatedSpdxElement":"SPDXRef-Package-go-module-github.com-muesli-mango-5358eeeb6647e100","relationshipType":"CONTAINS"},{"spdxElementId":"SPDXRef-DocumentRoot-File-glow-2.1.0-Netbsd-i386.tar.gz","relatedSpdxElement":"SPDXRef-Package-go-module-github.com-muesli-mango-cobra-a7c141991c5af3ef","relationshipType":"CONTAINS"},{"spdxElementId":"SPDXRef-DocumentRoot-File-glow-2.1.0-Netbsd-i386.tar.gz","relatedSpdxElement":"SPDXRef-Package-go-module-github.com-muesli-mango-pflag-27b024df84e6d087","relationshipType":"CONTAINS"},{"spdxElementId":"SPDXRef-DocumentRoot-File-glow-2.1.0-Netbsd-i386.tar.gz","relatedSpdxElement":"SPDXRef-Package-go-module-github.com-muesli-reflow-b4490bfc0cb6d7f3","relationshipType":"CONTAINS"},{"spdxElementId":"SPDXRef-DocumentRoot-File-glow-2.1.0-Netbsd-i386.tar.gz","relatedSpdxElement":"SPDXRef-Package-go-module-github.com-muesli-roff-b3d8efe393f2c8e1","relationshipType":"CONTAINS"},{"spdxElementId":"SPDXRef-DocumentRoot-File-glow-2.1.0-Netbsd-i386.tar.gz","relatedSpdxElement":"SPDXRef-Package-go-module-github.com-muesli-termenv-51a4774e5058047a","relationshipType":"CONTAINS"},{"spdxElementId":"SPDXRef-DocumentRoot-File-glow-2.1.0-Netbsd-i386.tar.gz","relatedSpdxElement":"SPDXRef-Package-go-module-github.com-pelletier-go-toml-v2-9c6d095d6ba281de","relationshipType":"CONTAINS"},{"spdxElementId":"SPDXRef-DocumentRoot-File-glow-2.1.0-Netbsd-i386.tar.gz","relatedSpdxElement":"SPDXRef-Package-go-module-github.com-rivo-uniseg-7a7024a4f4b638e1","relationshipType":"CONTAINS"},{"spdxElementId":"SPDXRef-DocumentRoot-File-glow-2.1.0-Netbsd-i386.tar.gz","relatedSpdxElement":"SPDXRef-Package-go-module-github.com-sabhiram-go-gitignore-e8383a6fd5f16b1b","relationshipType":"CONTAINS"},{"spdxElementId":"SPDXRef-DocumentRoot-File-glow-2.1.0-Netbsd-i386.tar.gz","relatedSpdxElement":"SPDXRef-Package-go-module-github.com-sagikazarmark-slog-shim-21fd1af305db3b6d","relationshipType":"CONTAINS"},{"spdxElementId":"SPDXRef-DocumentRoot-File-glow-2.1.0-Netbsd-i386.tar.gz","relatedSpdxElement":"SPDXRef-Package-go-module-github.com-sahilm-fuzzy-6ac8ada91f3b1efa","relationshipType":"CONTAINS"},{"spdxElementId":"SPDXRef-DocumentRoot-File-glow-2.1.0-Netbsd-i386.tar.gz","relatedSpdxElement":"SPDXRef-Package-go-module-github.com-spf13-afero-268d30a697b8a890","relationshipType":"CONTAINS"},{"spdxElementId":"SPDXRef-DocumentRoot-File-glow-2.1.0-Netbsd-i386.tar.gz","relatedSpdxElement":"SPDXRef-Package-go-module-github.com-spf13-cast-89d8da0ee86c0aa5","relationshipType":"CONTAINS"},{"spdxElementId":"SPDXRef-DocumentRoot-File-glow-2.1.0-Netbsd-i386.tar.gz","relatedSpdxElement":"SPDXRef-Package-go-module-github.com-spf13-cobra-68a8b5f4c2b73705","relationshipType":"CONTAINS"},{"spdxElementId":"SPDXRef-DocumentRoot-File-glow-2.1.0-Netbsd-i386.tar.gz","relatedSpdxElement":"SPDXRef-Package-go-module-github.com-spf13-pflag-6e85142e0087bfc6","relationshipType":"CONTAINS"},{"spdxElementId":"SPDXRef-DocumentRoot-File-glow-2.1.0-Netbsd-i386.tar.gz","relatedSpdxElement":"SPDXRef-Package-go-module-github.com-spf13-viper-1ee8beef7567776a","relationshipType":"CONTAINS"},{"spdxElementId":"SPDXRef-DocumentRoot-File-glow-2.1.0-Netbsd-i386.tar.gz","relatedSpdxElement":"SPDXRef-Package-go-module-github.com-subosito-gotenv-46a631b6978b10dc","relationshipType":"CONTAINS"},{"spdxElementId":"SPDXRef-DocumentRoot-File-glow-2.1.0-Netbsd-i386.tar.gz","relatedSpdxElement":"SPDXRef-Package-go-module-github.com-yuin-goldmark-f9b3cf319319e84c","relationshipType":"CONTAINS"},{"spdxElementId":"SPDXRef-DocumentRoot-File-glow-2.1.0-Netbsd-i386.tar.gz","relatedSpdxElement":"SPDXRef-Package-go-module-github.com-yuin-goldmark-emoji-67642bcd39b2cc93","relationshipType":"CONTAINS"},{"spdxElementId":"SPDXRef-DocumentRoot-File-glow-2.1.0-Netbsd-i386.tar.gz","relatedSpdxElement":"SPDXRef-Package-go-module-golang.org-x-net-4fc0d033e9d53c88","relationshipType":"CONTAINS"},{"spdxElementId":"SPDXRef-DocumentRoot-File-glow-2.1.0-Netbsd-i386.tar.gz","relatedSpdxElement":"SPDXRef-Package-go-module-golang.org-x-sync-dc32fa42620d121f","relationshipType":"CONTAINS"},{"spdxElementId":"SPDXRef-DocumentRoot-File-glow-2.1.0-Netbsd-i386.tar.gz","relatedSpdxElement":"SPDXRef-Package-go-module-golang.org-x-sys-cc2421bb67188c8e","relationshipType":"CONTAINS"},{"spdxElementId":"SPDXRef-DocumentRoot-File-glow-2.1.0-Netbsd-i386.tar.gz","relatedSpdxElement":"SPDXRef-Package-go-module-golang.org-x-term-d51cd57025801dcb","relationshipType":"CONTAINS"},{"spdxElementId":"SPDXRef-DocumentRoot-File-glow-2.1.0-Netbsd-i386.tar.gz","relatedSpdxElement":"SPDXRef-Package-go-module-golang.org-x-text-58a5035a3291d197","relationshipType":"CONTAINS"},{"spdxElementId":"SPDXRef-DocumentRoot-File-glow-2.1.0-Netbsd-i386.tar.gz","relatedSpdxElement":"SPDXRef-Package-go-module-gopkg.in-ini.v1-94abcf2cabcf1c9b","relationshipType":"CONTAINS"},{"spdxElementId":"SPDXRef-DocumentRoot-File-glow-2.1.0-Netbsd-i386.tar.gz","relatedSpdxElement":"SPDXRef-Package-go-module-gopkg.in-yaml.v3-ed5f6cca3b6b0e7c","relationshipType":"CONTAINS"},{"spdxElementId":"SPDXRef-DocumentRoot-File-glow-2.1.0-Netbsd-i386.tar.gz","relatedSpdxElement":"SPDXRef-Package-go-module-stdlib-3ae15a5f7ed3f66c","relationshipType":"CONTAINS"},{"spdxElementId":"SPDXRef-DOCUMENT","relatedSpdxElement":"SPDXRef-DocumentRoot-File-glow-2.1.0-Netbsd-i386.tar.gz","relationshipType":"DESCRIBES"}]}
