{"spdxVersion":"SPDX-2.3","dataLicense":"CC0-1.0","SPDXID":"SPDXRef-DOCUMENT","name":"glow_2.1.0_Openbsd_arm.tar.gz","documentNamespace":"https://anchore.com/syft/file/glow_2.1.0_Openbsd_arm.tar.gz-6223ecfd-81fc-4a46-ab08-b4ef9c08c747","creationInfo":{"licenseListVersion":"3.25","creators":["Organization: Anchore, Inc","Tool: syft-1.19.0"],"created":"2025-02-26T20:31:33Z"},"packages":[{"name":"github.com/alecthomas/chroma/v2","SPDXID":"SPDXRef-Package-go-module-github.com-alecthomas-chroma-v2-5d16d378da25b05c","versionInfo":"v2.14.0","supplier":"NOASSERTION","downloadLocation":"NOASSERTION","filesAnalyzed":false,"checksums":[{"algorithm":"SHA256","checksumValue":"477fb0ce99d402b19c433edf0844d00733b99fd20c362d77888b38e9a53857d1"}],"sourceInfo":"acquired package info from go module information: glow_2.1.0_Openbsd_arm/glow","licenseConcluded":"NOASSERTION","licenseDeclared":"NOASSERTION","copyrightText":"NOASSERTION","externalRefs":[{"referenceCategory":"SECURITY","referenceType":"cpe23Type","referenceLocator":"cpe:2.3:a:alecthomas:chroma\\/v2:v2.14.0:*:*:*:*:*:*:*"},{"referenceCategory":"PACKAGE-MANAGER","referenceType":"purl","referenceLocator":"pkg:golang/github.com/alecthomas/chroma@v2.14.0#v2"}]},{"name":"github.com/atotto/clipboard","SPDXID":"SPDXRef-Package-go-module-github.com-atotto-clipboard-25788fbcd011f6cb","versionInfo":"v0.1.4","supplier":"NOASSERTION","downloadLocation":"NOASSERTION","filesAnalyzed":false,"checksums":[{"algorithm":"SHA256","checksumValue":"107d334959de64f4ae151d7506547d629a504d50db879fb5e8099c262e20d73e"}],"sourceInfo":"acquired package info from go module information: glow_2.1.0_Openbsd_arm/glow","licenseConcluded":"NOASSERTION","licenseDeclared":"NOASSERTION","copyrightText":"NOASSERTION","externalRefs":[{"referenceCategory":"SECURITY","referenceType":"cpe23Type","referenceLocator":"cpe:2.3:a:atotto:clipboard:v0.1.4:*:*:*:*:*:*:*"},{"referenceCategory":"PACKAGE-MANAGER","referenceType":"purl","referenceLocator":"pkg:golang/github.com/atotto/clipboard@v0.1.4"}]},{"name":"github.com/aymanbagabas/go-osc52/v2","SPDXID":"SPDXRef-Package-go-module-github.com-aymanbagabas-go-osc52-v2-d7ee317bf20373de","versionInfo":"v2.0.1","supplier":"NOASSERTION","downloadLocation":"NOASSERTION","filesAnalyzed":false,"checksums":[{"algorithm":"SHA256","checksumValue":"1f0a511db14c7192c456be360f8a7b5c1aa3caec501f948c884ac34f85a42769"}],"sourceInfo":"acquired package info from go module information: glow_2.1.0_Openbsd_arm/glow","licenseConcluded":"NOASSERTION","licenseDeclared":"NOASSERTION","copyrightText":"NOASSERTION","externalRefs":[{"referenceCategory":"SECURITY","referenceType":"cpe23Type","referenceLocator":"cpe:2.3:a:aymanbagabas:go-osc52\\/v2:v2.0.1:*:*:*:*:*:*:*"},{"referenceCategory":"SECURITY","referenceType":"cpe23Type","referenceLocator":"cpe:2.3:a:aymanbagabas:go_osc52\\/v2:v2.0.1:*:*:*:*:*:*:*"},{"referenceCategory":"PACKAGE-MANAGER","referenceType":"purl","referenceLocator":"pkg:golang/github.com/aymanbagabas/go-osc52@v2.0.1#v2"}]},{"name":"github.com/aymerick/douceur","SPDXID":"SPDXRef-Package-go-module-github.com-aymerick-douceur-8aa476f7de3b97ec","versionInfo":"v0.2.0","supplier":"NOASSERTION","downloadLocation":"NOASSERTION","filesAnalyzed":false,"checksums":[{"algorithm":"SHA256","checksumValue":"32ffa601e1f543e9fd16bfa8c9a98e94091434f58f940f0f3c6474400698b8f9"}],"sourceInfo":"acquired package info from go module information: glow_2.1.0_Openbsd_arm/glow","licenseConcluded":"NOASSERTION","licenseDeclared":"NOASSERTION","copyrightText":"NOASSERTION","externalRefs":[{"referenceCategory":"SECURITY","referenceType":"cpe23Type","referenceLocator":"cpe:2.3:a:aymerick:douceur:v0.2.0:*:*:*:*:*:*:*"},{"referenceCategory":"PACKAGE-MANAGER","referenceType":"purl","referenceLocator":"pkg:golang/github.com/aymerick/douceur@v0.2.0"}]},{"name":"github.com/caarlos0/env/v11","SPDXID":"SPDXRef-Package-go-module-github.com-caarlos0-env-v11-de7e331875120952","versionInfo":"v11.3.1","supplier":"NOASSERTION","downloadLocation":"NOASSERTION","filesAnalyzed":false,"checksums":[{"algorithm":"SHA256","checksumValue":"700acf582d79856984b7e81693b6018bb9445d35c2be96927428991365f99820"}],"sourceInfo":"acquired package info from go module information: glow_2.1.0_Openbsd_arm/glow","licenseConcluded":"NOASSERTION","licenseDeclared":"NOASSERTION","copyrightText":"NOASSERTION","externalRefs":[{"referenceCategory":"SECURITY","referenceType":"cpe23Type","referenceLocator":"cpe:2.3:a:caarlos0:env\\/v11:v11.3.1:*:*:*:*:*:*:*"},{"referenceCategory":"PACKAGE-MANAGER","referenceType":"purl","referenceLocator":"pkg:golang/github.com/caarlos0/env@v11.3.1#v11"}]},{"name":"github.com/charmbracelet/bubbles","SPDXID":"SPDXRef-Package-go-module-github.com-charmbracelet-bubbles-83b68c8c408aa516","versionInfo":"v0.20.0","supplier":"NOASSERTION","downloadLocation":"NOASSERTION","filesAnalyzed":false,"checksums":[{"algorithm":"SHA256","checksumValue":"8d266eeaa0fc71143a93d38c7d1d5694cfabb8cf1f90f5a41ef4160fd2c8bad1"}],"sourceInfo":"acquired package info from go module information: glow_2.1.0_Openbsd_arm/glow","licenseConcluded":"NOASSERTION","licenseDeclared":"NOASSERTION","copyrightText":"NOASSERTION","externalRefs":[{"referenceCategory":"SECURITY","referenceType":"cpe23Type","referenceLocator":"cpe:2.3:a:charmbracelet:bubbles:v0.20.0:*:*:*:*:*:*:*"},{"referenceCategory":"PACKAGE-MANAGER","referenceType":"purl","referenceLocator":"pkg:golang/github.com/charmbracelet/bubbles@v0.20.0"}]},{"name":"github.com/charmbracelet/bubbletea","SPDXID":"SPDXRef-Package-go-module-github.com-charmbracelet-bubbletea-673247990c66f5b9","versionInfo":"v1.3.3","supplier":"NOASSERTION","downloadLocation":"NOASSERTION","filesAnalyzed":false,"checksums":[{"algorithm":"SHA256","checksumValue":"5a953a7c2634276bc358cdf37d2def2038bf50bab7498a61661900186be61146"}],"sourceInfo":"acquired package info from go module information: glow_2.1.0_Openbsd_arm/glow","licenseConcluded":"NOASSERTION","licenseDeclared":"NOASSERTION","copyrightText":"NOASSERTION","externalRefs":[{"referenceCategory":"SECURITY","referenceType":"cpe23Type","referenceLocator":"cpe:2.3:a:charmbracelet:bubbletea:v1.3.3:*:*:*:*:*:*:*"},{"referenceCategory":"PACKAGE-MANAGER","referenceType":"purl","referenceLocator":"pkg:golang/github.com/charmbracelet/bubbletea@v1.3.3"}]},{"name":"github.com/charmbracelet/glamour","SPDXID":"SPDXRef-Package-go-module-github.com-charmbracelet-glamour-f67f39dd3f3eea1e","versionInfo":"v0.8.0","supplier":"NOASSERTION","downloadLocation":"NOASSERTION","filesAnalyzed":false,"checksums":[{"algorithm":"SHA256","checksumValue":"b4fae32f76917106e7fbeeedd7cc0ea602f297cc2b3875040d2ec867af10b59b"}],"sourceInfo":"acquired package info from go module information: glow_2.1.0_Openbsd_arm/glow","licenseConcluded":"NOASSERTION","licenseDeclared":"NOASSERTION","copyrightText":"NOASSERTION","externalRefs":[{"referenceCategory":"SECURITY","referenceType":"cpe23Type","referenceLocator":"cpe:2.3:a:charmbracelet:glamour:v0.8.0:*:*:*:*:*:*:*"},{"referenceCategory":"PACKAGE-MANAGER","referenceType":"purl","referenceLocator":"pkg:golang/github.com/charmbracelet/glamour@v0.8.0"}]},{"name":"github.com/charmbracelet/glow/v2","SPDXID":"SPDXRef-Package-go-module-github.com-charmbracelet-glow-v2-44799ae5b8480bfd","versionInfo":"v2.1.0","supplier":"NOASSERTION","downloadLocation":"NOASSERTION","filesAnalyzed":false,"checksums":[{"algorithm":"SHA256","checksumValue":"4ccb0d4021e270ede25dafccdc3146aad936d921a739b020d4bcc3a6abf5ac22"}],"sourceInfo":"acquired package info from go module information: glow_2.1.0_Openbsd_arm/glow","licenseConcluded":"NOASSERTION","licenseDeclared":"NOASSERTION","copyrightText":"NOASSERTION","externalRefs":[{"referenceCategory":"SECURITY","referenceType":"cpe23Type","referenceLocator":"cpe:2.3:a:charmbracelet:glow\\/v2:v2.1.0:*:*:*:*:*:*:*"},{"referenceCategory":"PACKAGE-MANAGER","referenceType":"purl","referenceLocator":"pkg:golang/github.com/charmbracelet/glow@v2.1.0#v2"}]},{"name":"github.com/charmbracelet/lipgloss","SPDXID":"SPDXRef-Package-go-module-github.com-charmbracelet-lipgloss-6c2bdfdbd296c865","versionInfo":"v1.0.0","supplier":"NOASSERTION","downloadLocation":"NOASSERTION","filesAnalyzed":false,"checksums":[{"algorithm":"SHA256","checksumValue":"3bb564183bea11d1a2f775fe0deaac43b3ca1c382d41f17c8fcfcedaa14c40d8"}],"sourceInfo":"acquired package info from go module information: glow_2.1.0_Openbsd_arm/glow","licenseConcluded":"NOASSERTION","licenseDeclared":"NOASSERTION","copyrightText":"NOASSERTION","externalRefs":[{"referenceCategory":"SECURITY","referenceType":"cpe23Type","referenceLocator":"cpe:2.3:a:charmbracelet:lipgloss:v1.0.0:*:*:*:*:*:*:*"},{"referenceCategory":"PACKAGE-MANAGER","referenceType":"purl","referenceLocator":"pkg:golang/github.com/charmbracelet/lipgloss@v1.0.0"}]},{"name":"github.com/charmbracelet/log","SPDXID":"SPDXRef-Package-go-module-github.com-charmbracelet-log-65cd0dbcd6ff11d5","versionInfo":"v0.4.0","supplier":"NOASSERTION","downloadLocation":"NOASSERTION","filesAnalyzed":false,"checksums":[{"algorithm":"SHA256","checksumValue":"1bd6d001cc7cad60364f7a56bf1ed8b4f4cfc20aa993b0faf015f6d48456f193"}],"sourceInfo":"acquired package info from go module information: glow_2.1.0_Openbsd_arm/glow","licenseConcluded":"NOASSERTION","licenseDeclared":"NOASSERTION","copyrightText":"NOASSERTION","externalRefs":[{"referenceCategory":"SECURITY","referenceType":"cpe23Type","referenceLocator":"cpe:2.3:a:charmbracelet:log:v0.4.0:*:*:*:*:*:*:*"},{"referenceCategory":"PACKAGE-MANAGER","referenceType":"purl","referenceLocator":"pkg:golang/github.com/charmbracelet/log@v0.4.0"}]},{"name":"github.com/charmbracelet/x/ansi","SPDXID":"SPDXRef-Package-go-module-github.com-charmbracelet-x-ansi-85039324e43ecc09","versionInfo":"v0.8.0","supplier":"NOASSERTION","downloadLocation":"NOASSERTION","filesAnalyzed":false,"checksums":[{"algorithm":"SHA256","checksumValue":"f464eadf1abd71a256f19ac14ded0b21ed9fbdf2d1fdb617293c769655e7ef11"}],"sourceInfo":"acquired package info from go module information: glow_2.1.0_Openbsd_arm/glow","licenseConcluded":"NOASSERTION","licenseDeclared":"NOASSERTION","copyrightText":"NOASSERTION","externalRefs":[{"referenceCategory":"SECURITY","referenceType":"cpe23Type","referenceLocator":"cpe:2.3:a:charmbracelet:x\\/ansi:v0.8.0:*:*:*:*:*:*:*"},{"referenceCategory":"PACKAGE-MANAGER","referenceType":"purl","referenceLocator":"pkg:golang/github.com/charmbracelet/x@v0.8.0#ansi"}]},{"name":"github.com/charmbracelet/x/editor","SPDXID":"SPDXRef-Package-go-module-github.com-charmbracelet-x-editor-9d51ad9e8099e4a0","versionInfo":"v0.1.0","supplier":"NOASSERTION","downloadLocation":"NOASSERTION","filesAnalyzed":false,"checksums":[{"algorithm":"SHA256","checksumValue":"a7af7f769be5c114ecf6e6223de016aeec2c1ea4c5cc7853bd039dfd65525fdf"}],"sourceInfo":"acquired package info from go module information: glow_2.1.0_Openbsd_arm/glow","licenseConcluded":"NOASSERTION","licenseDeclared":"NOASSERTION","copyrightText":"NOASSERTION","externalRefs":[{"referenceCategory":"SECURITY","referenceType":"cpe23Type","referenceLocator":"cpe:2.3:a:charmbracelet:x\\/editor:v0.1.0:*:*:*:*:*:*:*"},{"referenceCategory":"PACKAGE-MANAGER","referenceType":"purl","referenceLocator":"pkg:golang/github.com/charmbracelet/x@v0.1.0#editor"}]},{"name":"github.com/charmbracelet/x/term","SPDXID":"SPDXRef-Package-go-module-github.com-charmbracelet-x-term-8094c025ff9697fb","versionInfo":"v0.2.1","supplier":"NOASSERTION","downloadLocation":"NOASSERTION","filesAnalyzed":false,"checksums":[{"algorithm":"SHA256","checksumValue":"01078778b6753aa49786b016a5852d6725f54f7cd5c5fa59b8440c2106862004"}],"sourceInfo":"acquired package info from go module information: glow_2.1.0_Openbsd_arm/glow","licenseConcluded":"NOASSERTION","licenseDeclared":"NOASSERTION","copyrightText":"NOASSERTION","externalRefs":[{"referenceCategory":"SECURITY","referenceType":"cpe23Type","referenceLocator":"cpe:2.3:a:charmbracelet:x\\/term:v0.2.1:*:*:*:*:*:*:*"},{"referenceCategory":"PACKAGE-MANAGER","referenceType":"purl","referenceLocator":"pkg:golang/github.com/charmbracelet/x@v0.2.1#term"}]},{"name":"github.com/dlclark/regexp2","SPDXID":"SPDXRef-Package-go-module-github.com-dlclark-regexp2-da004ebac786de68","versionInfo":"v1.11.0","supplier":"NOASSERTION","downloadLocation":"NOASSERTION","filesAnalyzed":false,"checksums":[{"algorithm":"SHA256","checksumValue":"1bf9eb72839aed95e5a686bff753775fb98cdebf1e22530104966fb33fe6c4a2"}],"sourceInfo":"acquired package info from go module information: glow_2.1.0_Openbsd_arm/glow","licenseConcluded":"NOASSERTION","licenseDeclared":"NOASSERTION","copyrightText":"NOASSERTION","externalRefs":[{"referenceCategory":"SECURITY","referenceType":"cpe23Type","referenceLocator":"cpe:2.3:a:dlclark:regexp2:v1.11.0:*:*:*:*:*:*:*"},{"referenceCategory":"PACKAGE-MANAGER","referenceType":"purl","referenceLocator":"pkg:golang/github.com/dlclark/regexp2@v1.11.0"}]},{"name":"github.com/dustin/go-humanize","SPDXID":"SPDXRef-Package-go-module-github.com-dustin-go-humanize-722ec89a73eb532a","versionInfo":"v1.0.1","supplier":"NOASSERTION","downloadLocation":"NOASSERTION","filesAnalyzed":false,"checksums":[{"algorithm":"SHA256","checksumValue":"1b392163b4f954d8449301f43d52608f3f9f5f5ae106b47ba514f79839297826"}],"sourceInfo":"acquired package info from go module information: glow_2.1.0_Openbsd_arm/glow","licenseConcluded":"NOASSERTION","licenseDeclared":"NOASSERTION","copyrightText":"NOASSERTION","externalRefs":[{"referenceCategory":"SECURITY","referenceType":"cpe23Type","referenceLocator":"cpe:2.3:a:dustin:go-humanize:v1.0.1:*:*:*:*:*:*:*"},{"referenceCategory":"SECURITY","referenceType":"cpe23Type","referenceLocator":"cpe:2.3:a:dustin:go_humanize:v1.0.1:*:*:*:*:*:*:*"},{"referenceCategory":"PACKAGE-MANAGER","referenceType":"purl","referenceLocator":"pkg:golang/github.com/dustin/go-humanize@v1.0.1"}]},{"name":"github.com/fsnotify/fsnotify","SPDXID":"SPDXRef-Package-go-module-github.com-fsnotify-fsnotify-3cab2a1c4933e373","versionInfo":"v1.8.0","supplier":"NOASSERTION","downloadLocation":"NOASSERTION","filesAnalyzed":false,"checksums":[{"algorithm":"SHA256","checksumValue":"740c2be900530592241bcae841a2631a87f4a69d04785fad355ed804fdc5ffc3"}],"sourceInfo":"acquired package info from go module information: glow_2.1.0_Openbsd_arm/glow","licenseConcluded":"NOASSERTION","licenseDeclared":"NOASSERTION","copyrightText":"NOASSERTION","externalRefs":[{"referenceCategory":"SECURITY","referenceType":"cpe23Type","referenceLocator":"cpe:2.3:a:fsnotify:fsnotify:v1.8.0:*:*:*:*:*:*:*"},{"referenceCategory":"PACKAGE-MANAGER","referenceType":"purl","referenceLocator":"pkg:golang/github.com/fsnotify/fsnotify@v1.8.0"}]},{"name":"github.com/go-logfmt/logfmt","SPDXID":"SPDXRef-Package-go-module-github.com-go-logfmt-logfmt-abaf606c23d73023","versionInfo":"v0.6.0","supplier":"NOASSERTION","downloadLocation":"NOASSERTION","filesAnalyzed":false,"checksums":[{"algorithm":"SHA256","checksumValue":"c06618bb7ba271876a5d582861bbe792b3d55e4b8b335a7589fba00cc11d462e"}],"sourceInfo":"acquired package info from go module information: glow_2.1.0_Openbsd_arm/glow","licenseConcluded":"NOASSERTION","licenseDeclared":"NOASSERTION","copyrightText":"NOASSERTION","externalRefs":[{"referenceCategory":"SECURITY","referenceType":"cpe23Type","referenceLocator":"cpe:2.3:a:go-logfmt:logfmt:v0.6.0:*:*:*:*:*:*:*"},{"referenceCategory":"SECURITY","referenceType":"cpe23Type","referenceLocator":"cpe:2.3:a:go_logfmt:logfmt:v0.6.0:*:*:*:*:*:*:*"},{"referenceCategory":"SECURITY","referenceType":"cpe23Type","referenceLocator":"cpe:2.3:a:go:logfmt:v0.6.0:*:*:*:*:*:*:*"},{"referenceCategory":"PACKAGE-MANAGER","referenceType":"purl","referenceLocator":"pkg:golang/github.com/go-logfmt/logfmt@v0.6.0"}]},{"name":"github.com/gorilla/css","SPDXID":"SPDXRef-Package-go-module-github.com-gorilla-css-37b25b66d8ff5575","versionInfo":"v1.0.1","supplier":"NOASSERTION","downloadLocation":"NOASSERTION","filesAnalyzed":false,"checksums":[{"algorithm":"SHA256","checksumValue":"9ed35a048821a7a266bd69f16d92803682f2b974cf678700325a3a4728656cef"}],"sourceInfo":"acquired package info from go module information: glow_2.1.0_Openbsd_arm/glow","licenseConcluded":"NOASSERTION","licenseDeclared":"NOASSERTION","copyrightText":"NOASSERTION","externalRefs":[{"referenceCategory":"SECURITY","referenceType":"cpe23Type","referenceLocator":"cpe:2.3:a:gorilla:css:v1.0.1:*:*:*:*:*:*:*"},{"referenceCategory":"PACKAGE-MANAGER","referenceType":"purl","referenceLocator":"pkg:golang/github.com/gorilla/css@v1.0.1"}]},{"name":"github.com/hashicorp/hcl","SPDXID":"SPDXRef-Package-go-module-github.com-hashicorp-hcl-03b481410423fe25","versionInfo":"v1.0.0","supplier":"NOASSERTION","downloadLocation":"NOASSERTION","filesAnalyzed":false,"checksums":[{"algorithm":"SHA256","checksumValue":"d009e5ce3a62e2f11ab1378d167da62c98134b0b74fbab1fb224c6f2a7161b1e"}],"sourceInfo":"acquired package info from go module information: glow_2.1.0_Openbsd_arm/glow","licenseConcluded":"NOASSERTION","licenseDeclared":"NOASSERTION","copyrightText":"NOASSERTION","externalRefs":[{"referenceCategory":"SECURITY","referenceType":"cpe23Type","referenceLocator":"cpe:2.3:a:hashicorp:hcl:v1.0.0:*:*:*:*:*:*:*"},{"referenceCategory":"PACKAGE-MANAGER","referenceType":"purl","referenceLocator":"pkg:golang/github.com/hashicorp/hcl@v1.0.0"}]},{"name":"github.com/lucasb-eyer/go-colorful","SPDXID":"SPDXRef-Package-go-module-github.com-lucasb-eyer-go-colorful-44cb0385aef2b795","versionInfo":"v1.2.0","supplier":"NOASSERTION","downloadLocation":"NOASSERTION","filesAnalyzed":false,"checksums":[{"algorithm":"SHA256","checksumValue":"d679e918eae1c9966e3727eed508ca89420243be3edc534237af408fa2bb9e46"}],"sourceInfo":"acquired package info from go module information: glow_2.1.0_Openbsd_arm/glow","licenseConcluded":"NOASSERTION","licenseDeclared":"NOASSERTION","copyrightText":"NOASSERTION","externalRefs":[{"referenceCategory":"SECURITY","referenceType":"cpe23Type","referenceLocator":"cpe:2.3:a:lucasb-eyer:go-colorful:v1.2.0:*:*:*:*:*:*:*"},{"referenceCategory":"SECURITY","referenceType":"cpe23Type","referenceLocator":"cpe:2.3:a:lucasb-eyer:go_colorful:v1.2.0:*:*:*:*:*:*:*"},{"referenceCategory":"SECURITY","referenceType":"cpe23Type","referenceLocator":"cpe:2.3:a:lucasb_eyer:go-colorful:v1.2.0:*:*:*:*:*:*:*"},{"referenceCategory":"SECURITY","referenceType":"cpe23Type","referenceLocator":"cpe:2.3:a:lucasb_eyer:go_colorful:v1.2.0:*:*:*:*:*:*:*"},{"referenceCategory":"SECURITY","referenceType":"cpe23Type","referenceLocator":"cpe:2.3:a:lucasb:go-colorful:v1.2.0:*:*:*:*:*:*:*"},{"referenceCategory":"SECURITY","referenceType":"cpe23Type","referenceLocator":"cpe:2.3:a:lucasb:go_colorful:v1.2.0:*:*:*:*:*:*:*"},{"referenceCategory":"PACKAGE-MANAGER","referenceType":"purl","referenceLocator":"pkg:golang/github.com/lucasb-eyer/go-colorful@v1.2.0"}]},{"name":"github.com/magiconair/properties","SPDXID":"SPDXRef-Package-go-module-github.com-magiconair-properties-b0c84b594680ccde","versionInfo":"v1.8.7","supplier":"NOASSERTION","downloadLocation":"NOASSERTION","filesAnalyzed":false,"checksums":[{"algorithm":"SHA256","checksumValue":"21e4176408907292fd9a07007b536ee9c5fd2cbc3a1311072a337455076f3c36"}],"sourceInfo":"acquired package info from go module information: glow_2.1.0_Openbsd_arm/glow","licenseConcluded":"NOASSERTION","licenseDeclared":"NOASSERTION","copyrightText":"NOASSERTION","externalRefs":[{"referenceCategory":"SECURITY","referenceType":"cpe23Type","referenceLocator":"cpe:2.3:a:magiconair:properties:v1.8.7:*:*:*:*:*:*:*"},{"referenceCategory":"PACKAGE-MANAGER","referenceType":"purl","referenceLocator":"pkg:golang/github.com/magiconair/properties@v1.8.7"}]},{"name":"github.com/mattn/go-isatty","SPDXID":"SPDXRef-Package-go-module-github.com-mattn-go-isatty-12b9e0cd70050be3","versionInfo":"v0.0.20","supplier":"NOASSERTION","downloadLocation":"NOASSERTION","filesAnalyzed":false,"checksums":[{"algorithm":"SHA256","checksumValue":"c5f0f4883b842a70e4974deae258a607ebc7f86c4b12d2ff8dbe315494965846"}],"sourceInfo":"acquired package info from go module information: glow_2.1.0_Openbsd_arm/glow","licenseConcluded":"NOASSERTION","licenseDeclared":"NOASSERTION","copyrightText":"NOASSERTION","externalRefs":[{"referenceCategory":"SECURITY","referenceType":"cpe23Type","referenceLocator":"cpe:2.3:a:mattn:go-isatty:v0.0.20:*:*:*:*:*:*:*"},{"referenceCategory":"SECURITY","referenceType":"cpe23Type","referenceLocator":"cpe:2.3:a:mattn:go_isatty:v0.0.20:*:*:*:*:*:*:*"},{"referenceCategory":"PACKAGE-MANAGER","referenceType":"purl","referenceLocator":"pkg:golang/github.com/mattn/go-isatty@v0.0.20"}]},{"name":"github.com/mattn/go-runewidth","SPDXID":"SPDXRef-Package-go-module-github.com-mattn-go-runewidth-01217dd5c125f977","versionInfo":"v0.0.16","supplier":"NOASSERTION","downloadLocation":"NOASSERTION","filesAnalyzed":false,"checksums":[{"algorithm":"SHA256","checksumValue":"13949c34cb62c2f96f079a5a305770f69e24490cdb5c58a42794903ba4d42d07"}],"sourceInfo":"acquired package info from go module information: glow_2.1.0_Openbsd_arm/glow","licenseConcluded":"NOASSERTION","licenseDeclared":"NOASSERTION","copyrightText":"NOASSERTION","externalRefs":[{"referenceCategory":"SECURITY","referenceType":"cpe23Type","referenceLocator":"cpe:2.3:a:mattn:go-runewidth:v0.0.16:*:*:*:*:*:*:*"},{"referenceCategory":"SECURITY","referenceType":"cpe23Type","referenceLocator":"cpe:2.3:a:mattn:go_runewidth:v0.0.16:*:*:*:*:*:*:*"},{"referenceCategory":"PACKAGE-MANAGER","referenceType":"purl","referenceLocator":"pkg:golang/github.com/mattn/go-runewidth@v0.0.16"}]},{"name":"github.com/microcosm-cc/bluemonday","SPDXID":"SPDXRef-Package-go-module-github.com-microcosm-cc-bluemonday-2ed54d973a49f5ca","versionInfo":"v1.0.27","supplier":"NOASSERTION","downloadLocation":"NOASSERTION","filesAnalyzed":false,"checksums":[{"algorithm":"SHA256","checksumValue":"329114a2d9259300922de1fe41dc7554980da8b969636297c1714cd3cca065f9"}],"sourceInfo":"acquired package info from go module information: glow_2.1.0_Openbsd_arm/glow","licenseConcluded":"NOASSERTION","licenseDeclared":"NOASSERTION","copyrightText":"NOASSERTION","externalRefs":[{"referenceCategory":"SECURITY","referenceType":"cpe23Type","referenceLocator":"cpe:2.3:a:microcosm-cc:bluemonday:v1.0.27:*:*:*:*:*:*:*"},{"referenceCategory":"SECURITY","referenceType":"cpe23Type","referenceLocator":"cpe:2.3:a:microcosm_cc:bluemonday:v1.0.27:*:*:*:*:*:*:*"},{"referenceCategory":"SECURITY","referenceType":"cpe23Type","referenceLocator":"cpe:2.3:a:microcosm:bluemonday:v1.0.27:*:*:*:*:*:*:*"},{"referenceCategory":"PACKAGE-MANAGER","referenceType":"purl","referenceLocator":"pkg:golang/github.com/microcosm-cc/bluemonday@v1.0.27"}]},{"name":"github.com/mitchellh/go-homedir","SPDXID":"SPDXRef-Package-go-module-github.com-mitchellh-go-homedir-acdf6ae00d1c13c6","versionInfo":"v1.1.0","supplier":"NOASSERTION","downloadLocation":"NOASSERTION","filesAnalyzed":false,"checksums":[{"algorithm":"SHA256","checksumValue":"96e905f738971710c53e4035becaf9ce97355ee3c39ffc059edab9986fb81346"}],"sourceInfo":"acquired package info from go module information: glow_2.1.0_Openbsd_arm/glow","licenseConcluded":"NOASSERTION","licenseDeclared":"NOASSERTION","copyrightText":"NOASSERTION","externalRefs":[{"referenceCategory":"SECURITY","referenceType":"cpe23Type","referenceLocator":"cpe:2.3:a:mitchellh:go-homedir:v1.1.0:*:*:*:*:*:*:*"},{"referenceCategory":"SECURITY","referenceType":"cpe23Type","referenceLocator":"cpe:2.3:a:mitchellh:go_homedir:v1.1.0:*:*:*:*:*:*:*"},{"referenceCategory":"PACKAGE-MANAGER","referenceType":"purl","referenceLocator":"pkg:golang/github.com/mitchellh/go-homedir@v1.1.0"}]},{"name":"github.com/mitchellh/mapstructure","SPDXID":"SPDXRef-Package-go-module-github.com-mitchellh-mapstructure-03e1b3cff96ba7e7","versionInfo":"v1.5.0","supplier":"NOASSERTION","downloadLocation":"NOASSERTION","filesAnalyzed":false,"checksums":[{"algorithm":"SHA256","checksumValue":"8de32c648604ff4f6c58b6b3e373cbec6cba46e3230f6789572b9a73967685d6"}],"sourceInfo":"acquired package info from go module information: glow_2.1.0_Openbsd_arm/glow","licenseConcluded":"NOASSERTION","licenseDeclared":"NOASSERTION","copyrightText":"NOASSERTION","externalRefs":[{"referenceCategory":"SECURITY","referenceType":"cpe23Type","referenceLocator":"cpe:2.3:a:mitchellh:mapstructure:v1.5.0:*:*:*:*:*:*:*"},{"referenceCategory":"PACKAGE-MANAGER","referenceType":"purl","referenceLocator":"pkg:golang/github.com/mitchellh/mapstructure@v1.5.0"}]},{"name":"github.com/muesli/ansi","SPDXID":"SPDXRef-Package-go-module-github.com-muesli-ansi-aecec6c848c787e9","versionInfo":"v0.0.0-20230316100256-276c6243b2f6","supplier":"NOASSERTION","downloadLocation":"NOASSERTION","filesAnalyzed":false,"checksums":[{"algorithm":"SHA256","checksumValue":"64af331ed4473a46c7cba326af90f6eb88b2a774e25f93a635c2397080118902"}],"sourceInfo":"acquired package info from go module information: glow_2.1.0_Openbsd_arm/glow","licenseConcluded":"NOASSERTION","licenseDeclared":"NOASSERTION","copyrightText":"NOASSERTION","externalRefs":[{"referenceCategory":"SECURITY","referenceType":"cpe23Type","referenceLocator":"cpe:2.3:a:muesli:ansi:v0.0.0-20230316100256-276c6243b2f6:*:*:*:*:*:*:*"},{"referenceCategory":"PACKAGE-MANAGER","referenceType":"purl","referenceLocator":"pkg:golang/github.com/muesli/ansi@v0.0.0-20230316100256-276c6243b2f6"}]},{"name":"github.com/muesli/cancelreader","SPDXID":"SPDXRef-Package-go-module-github.com-muesli-cancelreader-00fdaebc69db12fe","versionInfo":"v0.2.2","supplier":"NOASSERTION","downloadLocation":"NOASSERTION","filesAnalyzed":false,"checksums":[{"algorithm":"SHA256","checksumValue":"dc8e0ab780508ce479e0d6afaa70e8831fcc22858115ad12b4f03c10b5171e60"}],"sourceInfo":"acquired package info from go module information: glow_2.1.0_Openbsd_arm/glow","licenseConcluded":"NOASSERTION","licenseDeclared":"NOASSERTION","copyrightText":"NOASSERTION","externalRefs":[{"referenceCategory":"SECURITY","referenceType":"cpe23Type","referenceLocator":"cpe:2.3:a:muesli:cancelreader:v0.2.2:*:*:*:*:*:*:*"},{"referenceCategory":"PACKAGE-MANAGER","referenceType":"purl","referenceLocator":"pkg:golang/github.com/muesli/cancelreader@v0.2.2"}]},{"name":"github.com/muesli/gitcha","SPDXID":"SPDXRef-Package-go-module-github.com-muesli-gitcha-156cd8f72a6569dd","versionInfo":"v0.3.0","supplier":"NOASSERTION","downloadLocation":"NOASSERTION","filesAnalyzed":false,"checksums":[{"algorithm":"SHA256","checksumValue":"f8f26454aac35d5074560467ff2571d82a925520c63127a9cefa21b02acf62d4"}],"sourceInfo":"acquired package info from go module information: glow_2.1.0_Openbsd_arm/glow","licenseConcluded":"NOASSERTION","licenseDeclared":"NOASSERTION","copyrightText":"NOASSERTION","externalRefs":[{"referenceCategory":"SECURITY","referenceType":"cpe23Type","referenceLocator":"cpe:2.3:a:muesli:gitcha:v0.3.0:*:*:*:*:*:*:*"},{"referenceCategory":"PACKAGE-MANAGER","referenceType":"purl","referenceLocator":"pkg:golang/github.com/muesli/gitcha@v0.3.0"}]},{"name":"github.com/muesli/go-app-paths","SPDXID":"SPDXRef-Package-go-module-github.com-muesli-go-app-paths-a73c6a38af8ab3c0","versionInfo":"v0.2.2","supplier":"NOASSERTION","downloadLocation":"NOASSERTION","filesAnalyzed":false,"checksums":[{"algorithm":"SHA256","checksumValue":"36a1b8104670348841abfa511207c19a00e6b778754a6af53236625dba595272"}],"sourceInfo":"acquired package info from go module information: glow_2.1.0_Openbsd_arm/glow","licenseConcluded":"NOASSERTION","licenseDeclared":"NOASSERTION","copyrightText":"NOASSERTION","externalRefs":[{"referenceCategory":"SECURITY","referenceType":"cpe23Type","referenceLocator":"cpe:2.3:a:muesli:go-app-paths:v0.2.2:*:*:*:*:*:*:*"},{"referenceCategory":"SECURITY","referenceType":"cpe23Type","referenceLocator":"cpe:2.3:a:muesli:go_app_paths:v0.2.2:*:*:*:*:*:*:*"},{"referenceCategory":"PACKAGE-MANAGER","referenceType":"purl","referenceLocator":"pkg:golang/github.com/muesli/go-app-paths@v0.2.2"}]},{"name":"github.com/muesli/mango","SPDXID":"SPDXRef-Package-go-module-github.com-muesli-mango-e65a15cfe54b1295","versionInfo":"v0.1.0","supplier":"NOASSERTION","downloadLocation":"NOASSERTION","filesAnalyzed":false,"checksums":[{"algorithm":"SHA256","checksumValue":"0d940ae397768066ea9756abb18038bdf83877b23d1dfc79ad7fc60a6cec02f2"}],"sourceInfo":"acquired package info from go module information: glow_2.1.0_Openbsd_arm/glow","licenseConcluded":"NOASSERTION","licenseDeclared":"NOASSERTION","copyrightText":"NOASSERTION","externalRefs":[{"referenceCategory":"SECURITY","referenceType":"cpe23Type","referenceLocator":"cpe:2.3:a:muesli:mango:v0.1.0:*:*:*:*:*:*:*"},{"referenceCategory":"PACKAGE-MANAGER","referenceType":"purl","referenceLocator":"pkg:golang/github.com/muesli/mango@v0.1.0"}]},{"name":"github.com/muesli/mango-cobra","SPDXID":"SPDXRef-Package-go-module-github.com-muesli-mango-cobra-3ed282ba57e329e1","versionInfo":"v1.2.0","supplier":"NOASSERTION","downloadLocation":"NOASSERTION","filesAnalyzed":false,"checksums":[{"algorithm":"SHA256","checksumValue":"0d0be3cc03343cc66bf3922ff4b20c698212a533a588c120fae305b4d6d8bd68"}],"sourceInfo":"acquired package info from go module information: glow_2.1.0_Openbsd_arm/glow","licenseConcluded":"NOASSERTION","licenseDeclared":"NOASSERTION","copyrightText":"NOASSERTION","externalRefs":[{"referenceCategory":"SECURITY","referenceType":"cpe23Type","referenceLocator":"cpe:2.3:a:muesli:mango-cobra:v1.2.0:*:*:*:*:*:*:*"},{"referenceCategory":"SECURITY","referenceType":"cpe23Type","referenceLocator":"cpe:2.3:a:muesli:mango_cobra:v1.2.0:*:*:*:*:*:*:*"},{"referenceCategory":"PACKAGE-MANAGER","referenceType":"purl","referenceLocator":"pkg:golang/github.com/muesli/mango-cobra@v1.2.0"}]},{"name":"github.com/muesli/mango-pflag","SPDXID":"SPDXRef-Package-go-module-github.com-muesli-mango-pflag-67edb7db1c189da9","versionInfo":"v0.1.0","supplier":"NOASSERTION","downloadLocation":"NOASSERTION","filesAnalyzed":false,"checksums":[{"algorithm":"SHA256","checksumValue":"5000ea6d88295324680636b783a2d42fedcb12b8e9b0ec1a0bdcb0bc159eed28"}],"sourceInfo":"acquired package info from go module information: glow_2.1.0_Openbsd_arm/glow","licenseConcluded":"NOASSERTION","licenseDeclared":"NOASSERTION","copyrightText":"NOASSERTION","externalRefs":[{"referenceCategory":"SECURITY","referenceType":"cpe23Type","referenceLocator":"cpe:2.3:a:muesli:mango-pflag:v0.1.0:*:*:*:*:*:*:*"},{"referenceCategory":"SECURITY","referenceType":"cpe23Type","referenceLocator":"cpe:2.3:a:muesli:mango_pflag:v0.1.0:*:*:*:*:*:*:*"},{"referenceCategory":"PACKAGE-MANAGER","referenceType":"purl","referenceLocator":"pkg:golang/github.com/muesli/mango-pflag@v0.1.0"}]},{"name":"github.com/muesli/reflow","SPDXID":"SPDXRef-Package-go-module-github.com-muesli-reflow-618256a5f4200033","versionInfo":"v0.3.0","supplier":"NOASSERTION","downloadLocation":"NOASSERTION","filesAnalyzed":false,"checksums":[{"algorithm":"SHA256","checksumValue":"205b0de8af4d7c6b637a08053feebc2387212d9576c882ac5c914d67e79687ab"}],"sourceInfo":"acquired package info from go module information: glow_2.1.0_Openbsd_arm/glow","licenseConcluded":"NOASSERTION","licenseDeclared":"NOASSERTION","copyrightText":"NOASSERTION","externalRefs":[{"referenceCategory":"SECURITY","referenceType":"cpe23Type","referenceLocator":"cpe:2.3:a:muesli:reflow:v0.3.0:*:*:*:*:*:*:*"},{"referenceCategory":"PACKAGE-MANAGER","referenceType":"purl","referenceLocator":"pkg:golang/github.com/muesli/reflow@v0.3.0"}]},{"name":"github.com/muesli/roff","SPDXID":"SPDXRef-Package-go-module-github.com-muesli-roff-53725e054235f024","versionInfo":"v0.1.0","supplier":"NOASSERTION","downloadLocation":"NOASSERTION","filesAnalyzed":false,"checksums":[{"algorithm":"SHA256","checksumValue":"603d256a50a8b6662e1791e166588a5a5231ec81218977927eaee136316a185f"}],"sourceInfo":"acquired package info from go module information: glow_2.1.0_Openbsd_arm/glow","licenseConcluded":"NOASSERTION","licenseDeclared":"NOASSERTION","copyrightText":"NOASSERTION","externalRefs":[{"referenceCategory":"SECURITY","referenceType":"cpe23Type","referenceLocator":"cpe:2.3:a:muesli:roff:v0.1.0:*:*:*:*:*:*:*"},{"referenceCategory":"PACKAGE-MANAGER","referenceType":"purl","referenceLocator":"pkg:golang/github.com/muesli/roff@v0.1.0"}]},{"name":"github.com/muesli/termenv","SPDXID":"SPDXRef-Package-go-module-github.com-muesli-termenv-6209fdca23478e41","versionInfo":"v0.16.0","supplier":"NOASSERTION","downloadLocation":"NOASSERTION","filesAnalyzed":false,"checksums":[{"algorithm":"SHA256","checksumValue":"4b902550df5d10d079eebb1b9e43f27dd1ae5889649b32636c57f44dfe455947"}],"sourceInfo":"acquired package info from go module information: glow_2.1.0_Openbsd_arm/glow","licenseConcluded":"NOASSERTION","licenseDeclared":"NOASSERTION","copyrightText":"NOASSERTION","externalRefs":[{"referenceCategory":"SECURITY","referenceType":"cpe23Type","referenceLocator":"cpe:2.3:a:muesli:termenv:v0.16.0:*:*:*:*:*:*:*"},{"referenceCategory":"PACKAGE-MANAGER","referenceType":"purl","referenceLocator":"pkg:golang/github.com/muesli/termenv@v0.16.0"}]},{"name":"github.com/pelletier/go-toml/v2","SPDXID":"SPDXRef-Package-go-module-github.com-pelletier-go-toml-v2-4103b83ca3aae11c","versionInfo":"v2.2.2","supplier":"NOASSERTION","downloadLocation":"NOASSERTION","filesAnalyzed":false,"checksums":[{"algorithm":"SHA256","checksumValue":"698522753ee4ef73dc97d9dbda049cbbb352aca0921c80c4f3d6f7fba5aaf8b3"}],"sourceInfo":"acquired package info from go module information: glow_2.1.0_Openbsd_arm/glow","licenseConcluded":"NOASSERTION","licenseDeclared":"NOASSERTION","copyrightText":"NOASSERTION","externalRefs":[{"referenceCategory":"SECURITY","referenceType":"cpe23Type","referenceLocator":"cpe:2.3:a:pelletier:go-toml\\/v2:v2.2.2:*:*:*:*:*:*:*"},{"referenceCategory":"SECURITY","referenceType":"cpe23Type","referenceLocator":"cpe:2.3:a:pelletier:go_toml\\/v2:v2.2.2:*:*:*:*:*:*:*"},{"referenceCategory":"PACKAGE-MANAGER","referenceType":"purl","referenceLocator":"pkg:golang/github.com/pelletier/go-toml@v2.2.2#v2"}]},{"name":"github.com/rivo/uniseg","SPDXID":"SPDXRef-Package-go-module-github.com-rivo-uniseg-e4a885ea96a4fce5","versionInfo":"v0.4.7","supplier":"NOASSERTION","downloadLocation":"NOASSERTION","filesAnalyzed":false,"checksums":[{"algorithm":"SHA256","checksumValue":"59476f916f2e121ad87cb0b8673769236cedc4fd48e7cdbee3d39ce4cabae154"}],"sourceInfo":"acquired package info from go module information: glow_2.1.0_Openbsd_arm/glow","licenseConcluded":"NOASSERTION","licenseDeclared":"NOASSERTION","copyrightText":"NOASSERTION","externalRefs":[{"referenceCategory":"SECURITY","referenceType":"cpe23Type","referenceLocator":"cpe:2.3:a:rivo:uniseg:v0.4.7:*:*:*:*:*:*:*"},{"referenceCategory":"PACKAGE-MANAGER","referenceType":"purl","referenceLocator":"pkg:golang/github.com/rivo/uniseg@v0.4.7"}]},{"name":"github.com/sabhiram/go-gitignore","SPDXID":"SPDXRef-Package-go-module-github.com-sabhiram-go-gitignore-2f65d21c36566b6e","versionInfo":"v0.0.0-20180611051255-d3107576ba94","supplier":"NOASSERTION","downloadLocation":"NOASSERTION","filesAnalyzed":false,"checksums":[{"algorithm":"SHA256","checksumValue":"1b4e1e4b42640085597da24b8e56bd74dc642423e2288199970f407ce873383d"}],"sourceInfo":"acquired package info from go module information: glow_2.1.0_Openbsd_arm/glow","licenseConcluded":"NOASSERTION","licenseDeclared":"NOASSERTION","copyrightText":"NOASSERTION","externalRefs":[{"referenceCategory":"SECURITY","referenceType":"cpe23Type","referenceLocator":"cpe:2.3:a:sabhiram:go-gitignore:v0.0.0-20180611051255-d3107576ba94:*:*:*:*:*:*:*"},{"referenceCategory":"SECURITY","referenceType":"cpe23Type","referenceLocator":"cpe:2.3:a:sabhiram:go_gitignore:v0.0.0-20180611051255-d3107576ba94:*:*:*:*:*:*:*"},{"referenceCategory":"PACKAGE-MANAGER","referenceType":"purl","referenceLocator":"pkg:golang/github.com/sabhiram/go-gitignore@v0.0.0-20180611051255-d3107576ba94"}]},{"name":"github.com/sagikazarmark/slog-shim","SPDXID":"SPDXRef-Package-go-module-github.com-sagikazarmark-slog-shim-2c5bac05fa8f45bb","versionInfo":"v0.1.0","supplier":"NOASSERTION","downloadLocation":"NOASSERTION","filesAnalyzed":false,"checksums":[{"algorithm":"SHA256","checksumValue":"7620c19d434af4dff7e783e0af1332c179c0c04af541970eafa82da3eba08d81"}],"sourceInfo":"acquired package info from go module information: glow_2.1.0_Openbsd_arm/glow","licenseConcluded":"NOASSERTION","licenseDeclared":"NOASSERTION","copyrightText":"NOASSERTION","externalRefs":[{"referenceCategory":"SECURITY","referenceType":"cpe23Type","referenceLocator":"cpe:2.3:a:sagikazarmark:slog-shim:v0.1.0:*:*:*:*:*:*:*"},{"referenceCategory":"SECURITY","referenceType":"cpe23Type","referenceLocator":"cpe:2.3:a:sagikazarmark:slog_shim:v0.1.0:*:*:*:*:*:*:*"},{"referenceCategory":"PACKAGE-MANAGER","referenceType":"purl","referenceLocator":"pkg:golang/github.com/sagikazarmark/slog-shim@v0.1.0"}]},{"name":"github.com/sahilm/fuzzy","SPDXID":"SPDXRef-Package-go-module-github.com-sahilm-fuzzy-3856140535c185bd","versionInfo":"v0.1.1","supplier":"NOASSERTION","downloadLocation":"NOASSERTION","filesAnalyzed":false,"checksums":[{"algorithm":"SHA256","checksumValue":"71ebb944717c0c68288befdd4793ec1028c20c7d411371679a9a3b6955ce7510"}],"sourceInfo":"acquired package info from go module information: glow_2.1.0_Openbsd_arm/glow","licenseConcluded":"NOASSERTION","licenseDeclared":"NOASSERTION","copyrightText":"NOASSERTION","externalRefs":[{"referenceCategory":"SECURITY","referenceType":"cpe23Type","referenceLocator":"cpe:2.3:a:sahilm:fuzzy:v0.1.1:*:*:*:*:*:*:*"},{"referenceCategory":"PACKAGE-MANAGER","referenceType":"purl","referenceLocator":"pkg:golang/github.com/sahilm/fuzzy@v0.1.1"}]},{"name":"github.com/spf13/afero","SPDXID":"SPDXRef-Package-go-module-github.com-spf13-afero-a93a2db0b36d1404","versionInfo":"v1.11.0","supplier":"NOASSERTION","downloadLocation":"NOASSERTION","filesAnalyzed":false,"checksums":[{"algorithm":"SHA256","checksumValue":"58940a86da5d9b7bf6233a86f1532aaebe917f7518a44176dfd272f7035ea4cf"}],"sourceInfo":"acquired package info from go module information: glow_2.1.0_Openbsd_arm/glow","licenseConcluded":"NOASSERTION","licenseDeclared":"NOASSERTION","copyrightText":"NOASSERTION","externalRefs":[{"referenceCategory":"SECURITY","referenceType":"cpe23Type","referenceLocator":"cpe:2.3:a:spf13:afero:v1.11.0:*:*:*:*:*:*:*"},{"referenceCategory":"PACKAGE-MANAGER","referenceType":"purl","referenceLocator":"pkg:golang/github.com/spf13/afero@v1.11.0"}]},{"name":"github.com/spf13/cast","SPDXID":"SPDXRef-Package-go-module-github.com-spf13-cast-fcecf681daf5abbe","versionInfo":"v1.6.0","supplier":"NOASSERTION","downloadLocation":"NOASSERTION","filesAnalyzed":false,"checksums":[{"algorithm":"SHA256","checksumValue":"1848931c42c5faf691e5d873dd5a997c54b366361b81e283a41c50552e06609d"}],"sourceInfo":"acquired package info from go module information: glow_2.1.0_Openbsd_arm/glow","licenseConcluded":"NOASSERTION","licenseDeclared":"NOASSERTION","copyrightText":"NOASSERTION","externalRefs":[{"referenceCategory":"SECURITY","referenceType":"cpe23Type","referenceLocator":"cpe:2.3:a:spf13:cast:v1.6.0:*:*:*:*:*:*:*"},{"referenceCategory":"PACKAGE-MANAGER","referenceType":"purl","referenceLocator":"pkg:golang/github.com/spf13/cast@v1.6.0"}]},{"name":"github.com/spf13/cobra","SPDXID":"SPDXRef-Package-go-module-github.com-spf13-cobra-c55c45e438c5c8be","versionInfo":"v1.9.1","supplier":"NOASSERTION","downloadLocation":"NOASSERTION","filesAnalyzed":false,"checksums":[{"algorithm":"SHA256","checksumValue":"09749a820ad775b1caf4217ef32c23f0099fecf05198f08e26e807f79e0d9e5a"}],"sourceInfo":"acquired package info from go module information: glow_2.1.0_Openbsd_arm/glow","licenseConcluded":"NOASSERTION","licenseDeclared":"NOASSERTION","copyrightText":"NOASSERTION","externalRefs":[{"referenceCategory":"SECURITY","referenceType":"cpe23Type","referenceLocator":"cpe:2.3:a:spf13:cobra:v1.9.1:*:*:*:*:*:*:*"},{"referenceCategory":"PACKAGE-MANAGER","referenceType":"purl","referenceLocator":"pkg:golang/github.com/spf13/cobra@v1.9.1"}]},{"name":"github.com/spf13/pflag","SPDXID":"SPDXRef-Package-go-module-github.com-spf13-pflag-007b380b7860d268","versionInfo":"v1.0.6","supplier":"NOASSERTION","downloadLocation":"NOASSERTION","filesAnalyzed":false,"checksums":[{"algorithm":"SHA256","checksumValue":"8c5cc718b18095bdebbb12c1f0c85b23a03cf80417ff6796e2a7b23595cda76a"}],"sourceInfo":"acquired package info from go module information: glow_2.1.0_Openbsd_arm/glow","licenseConcluded":"NOASSERTION","licenseDeclared":"NOASSERTION","copyrightText":"NOASSERTION","externalRefs":[{"referenceCategory":"SECURITY","referenceType":"cpe23Type","referenceLocator":"cpe:2.3:a:spf13:pflag:v1.0.6:*:*:*:*:*:*:*"},{"referenceCategory":"PACKAGE-MANAGER","referenceType":"purl","referenceLocator":"pkg:golang/github.com/spf13/pflag@v1.0.6"}]},{"name":"github.com/spf13/viper","SPDXID":"SPDXRef-Package-go-module-github.com-spf13-viper-f3a9b79b24ba9bbd","versionInfo":"v1.19.0","supplier":"NOASSERTION","downloadLocation":"NOASSERTION","filesAnalyzed":false,"checksums":[{"algorithm":"SHA256","checksumValue":"456ab94848edf28db94913b2377cf63ab0c1f65ed13ddde5c13594f0470475c2"}],"sourceInfo":"acquired package info from go module information: glow_2.1.0_Openbsd_arm/glow","licenseConcluded":"NOASSERTION","licenseDeclared":"NOASSERTION","copyrightText":"NOASSERTION","externalRefs":[{"referenceCategory":"SECURITY","referenceType":"cpe23Type","referenceLocator":"cpe:2.3:a:spf13:viper:v1.19.0:*:*:*:*:*:*:*"},{"referenceCategory":"PACKAGE-MANAGER","referenceType":"purl","referenceLocator":"pkg:golang/github.com/spf13/viper@v1.19.0"}]},{"name":"github.com/subosito/gotenv","SPDXID":"SPDXRef-Package-go-module-github.com-subosito-gotenv-12e2ab83ab92a795","versionInfo":"v1.6.0","supplier":"NOASSERTION","downloadLocation":"NOASSERTION","filesAnalyzed":false,"checksums":[{"algorithm":"SHA256","checksumValue":"f4d9530dcd454ece2abb40c3abb004b533cdc3a4959bbb8132c50252300121ff"}],"sourceInfo":"acquired package info from go module information: glow_2.1.0_Openbsd_arm/glow","licenseConcluded":"NOASSERTION","licenseDeclared":"NOASSERTION","copyrightText":"NOASSERTION","externalRefs":[{"referenceCategory":"SECURITY","referenceType":"cpe23Type","referenceLocator":"cpe:2.3:a:subosito:gotenv:v1.6.0:*:*:*:*:*:*:*"},{"referenceCategory":"PACKAGE-MANAGER","referenceType":"purl","referenceLocator":"pkg:golang/github.com/subosito/gotenv@v1.6.0"}]},{"name":"github.com/yuin/goldmark","SPDXID":"SPDXRef-Package-go-module-github.com-yuin-goldmark-234de611189e86c0","versionInfo":"v1.7.4","supplier":"NOASSERTION","downloadLocation":"NOASSERTION","filesAnalyzed":false,"checksums":[{"algorithm":"SHA256","checksumValue":"0435ce1c4c6df80ee0c0f08980f208abb10dbdc791ef07bbace4bd4cda0b65e8"}],"sourceInfo":"acquired package info from go module information: glow_2.1.0_Openbsd_arm/glow","licenseConcluded":"NOASSERTION","licenseDeclared":"NOASSERTION","copyrightText":"NOASSERTION","externalRefs":[{"referenceCategory":"SECURITY","referenceType":"cpe23Type","referenceLocator":"cpe:2.3:a:yuin:goldmark:v1.7.4:*:*:*:*:*:*:*"},{"referenceCategory":"PACKAGE-MANAGER","referenceType":"purl","referenceLocator":"pkg:golang/github.com/yuin/goldmark@v1.7.4"}]},{"name":"github.com/yuin/goldmark-emoji","SPDXID":"SPDXRef-Package-go-module-github.com-yuin-goldmark-emoji-ea7b1ff82a2c0179","versionInfo":"v1.0.3","supplier":"NOASSERTION","downloadLocation":"NOASSERTION","filesAnalyzed":false,"checksums":[{"algorithm":"SHA256","checksumValue":"68b4642c73ae051d9ccc263847ca25c0c8c80feb4435f8721433024616c8418e"}],"sourceInfo":"acquired package info from go module information: glow_2.1.0_Openbsd_arm/glow","licenseConcluded":"NOASSERTION","licenseDeclared":"NOASSERTION","copyrightText":"NOASSERTION","externalRefs":[{"referenceCategory":"SECURITY","referenceType":"cpe23Type","referenceLocator":"cpe:2.3:a:yuin:goldmark-emoji:v1.0.3:*:*:*:*:*:*:*"},{"referenceCategory":"SECURITY","referenceType":"cpe23Type","referenceLocator":"cpe:2.3:a:yuin:goldmark_emoji:v1.0.3:*:*:*:*:*:*:*"},{"referenceCategory":"PACKAGE-MANAGER","referenceType":"purl","referenceLocator":"pkg:golang/github.com/yuin/goldmark-emoji@v1.0.3"}]},{"name":"golang.org/x/net","SPDXID":"SPDXRef-Package-go-module-golang.org-x-net-a40db5355cf20861","versionInfo":"v0.27.0","supplier":"NOASSERTION","downloadLocation":"NOASSERTION","filesAnalyzed":false,"checksums":[{"algorithm":"SHA256","checksumValue":"e4adcd8dcc34ebf976cbdbe918249d73158e6073949377553460d737e16f032b"}],"sourceInfo":"acquired package info from go module information: glow_2.1.0_Openbsd_arm/glow","licenseConcluded":"NOASSERTION","licenseDeclared":"NOASSERTION","copyrightText":"NOASSERTION","externalRefs":[{"referenceCategory":"SECURITY","referenceType":"cpe23Type","referenceLocator":"cpe:2.3:a:golang:networking:v0.27.0:*:*:*:*:go:*:*"},{"referenceCategory":"PACKAGE-MANAGER","referenceType":"purl","referenceLocator":"pkg:golang/golang.org/x/net@v0.27.0"}]},{"name":"golang.org/x/sync","SPDXID":"SPDXRef-Package-go-module-golang.org-x-sync-1d07b0bbdc9df535","versionInfo":"v0.11.0","supplier":"NOASSERTION","downloadLocation":"NOASSERTION","filesAnalyzed":false,"checksums":[{"algorithm":"SHA256","checksumValue":"186cfcf9740fe05bd34eb8d93f334a4cc16d4971fcd110331bee608453e02bdc"}],"sourceInfo":"acquired package info from go module information: glow_2.1.0_Openbsd_arm/glow","licenseConcluded":"NOASSERTION","licenseDeclared":"NOASSERTION","copyrightText":"NOASSERTION","externalRefs":[{"referenceCategory":"SECURITY","referenceType":"cpe23Type","referenceLocator":"cpe:2.3:a:golang:x\\/sync:v0.11.0:*:*:*:*:*:*:*"},{"referenceCategory":"PACKAGE-MANAGER","referenceType":"purl","referenceLocator":"pkg:golang/golang.org/x/sync@v0.11.0"}]},{"name":"golang.org/x/sys","SPDXID":"SPDXRef-Package-go-module-golang.org-x-sys-5e7ce77bccbbf51e","versionInfo":"v0.30.0","supplier":"NOASSERTION","downloadLocation":"NOASSERTION","filesAnalyzed":false,"checksums":[{"algorithm":"SHA256","checksumValue":"423912c0fff7e9adb48c5616912b9ed58c17ccb9ac57919fabb122cbbd82d6e7"}],"sourceInfo":"acquired package info from go module information: glow_2.1.0_Openbsd_arm/glow","licenseConcluded":"NOASSERTION","licenseDeclared":"NOASSERTION","copyrightText":"NOASSERTION","externalRefs":[{"referenceCategory":"SECURITY","referenceType":"cpe23Type","referenceLocator":"cpe:2.3:a:golang:x\\/sys:v0.30.0:*:*:*:*:*:*:*"},{"referenceCategory":"PACKAGE-MANAGER","referenceType":"purl","referenceLocator":"pkg:golang/golang.org/x/sys@v0.30.0"}]},{"name":"golang.org/x/term","SPDXID":"SPDXRef-Package-go-module-golang.org-x-term-58189f7a21133fe4","versionInfo":"v0.29.0","supplier":"NOASSERTION","downloadLocation":"NOASSERTION","filesAnalyzed":false,"checksums":[{"algorithm":"SHA256","checksumValue":"2faa49a77ee871e7f0451b583ca496396cceb564b155a8efcf695d1ffc62de25"}],"sourceInfo":"acquired package info from go module information: glow_2.1.0_Openbsd_arm/glow","licenseConcluded":"NOASSERTION","licenseDeclared":"NOASSERTION","copyrightText":"NOASSERTION","externalRefs":[{"referenceCategory":"SECURITY","referenceType":"cpe23Type","referenceLocator":"cpe:2.3:a:golang:x\\/term:v0.29.0:*:*:*:*:*:*:*"},{"referenceCategory":"PACKAGE-MANAGER","referenceType":"purl","referenceLocator":"pkg:golang/golang.org/x/term@v0.29.0"}]},{"name":"golang.org/x/text","SPDXID":"SPDXRef-Package-go-module-golang.org-x-text-2b0f7a6edd790a71","versionInfo":"v0.22.0","supplier":"NOASSERTION","downloadLocation":"NOASSERTION","filesAnalyzed":false,"checksums":[{"algorithm":"SHA256","checksumValue":"6e87eaee6dff1c016f6c5e758f3dd0f702e0de392f48fba266efe90f55f082d3"}],"sourceInfo":"acquired package info from go module information: glow_2.1.0_Openbsd_arm/glow","licenseConcluded":"NOASSERTION","licenseDeclared":"NOASSERTION","copyrightText":"NOASSERTION","externalRefs":[{"referenceCategory":"SECURITY","referenceType":"cpe23Type","referenceLocator":"cpe:2.3:a:golang:text:v0.22.0:*:*:*:*:*:*:*"},{"referenceCategory":"PACKAGE-MANAGER","referenceType":"purl","referenceLocator":"pkg:golang/golang.org/x/text@v0.22.0"}]},{"name":"gopkg.in/ini.v1","SPDXID":"SPDXRef-Package-go-module-gopkg.in-ini.v1-56832d67e02e3d67","versionInfo":"v1.67.0","supplier":"NOASSERTION","downloadLocation":"NOASSERTION","filesAnalyzed":false,"checksums":[{"algorithm":"SHA256","checksumValue":"0e09f1fbafa77c4f887f38d410848d7b274f261f405cd36c59b18ff4acc2b0e0"}],"sourceInfo":"acquired package info from go module information: glow_2.1.0_Openbsd_arm/glow","licenseConcluded":"NOASSERTION","licenseDeclared":"NOASSERTION","copyrightText":"NOASSERTION","externalRefs":[{"referenceCategory":"PACKAGE-MANAGER","referenceType":"purl","referenceLocator":"pkg:golang/gopkg.in/ini.v1@v1.67.0"}]},{"name":"gopkg.in/yaml.v3","SPDXID":"SPDXRef-Package-go-module-gopkg.in-yaml.v3-58fa7c0259a1e8b2","versionInfo":"v3.0.1","supplier":"NOASSERTION","downloadLocation":"NOASSERTION","filesAnalyzed":false,"checksums":[{"algorithm":"SHA256","checksumValue":"7f1566fc6cc0cc45aa2c7baf72d23dd4a4bd8613669963a85aed174d8252ec20"}],"sourceInfo":"acquired package info from go module information: glow_2.1.0_Openbsd_arm/glow","licenseConcluded":"NOASSERTION","licenseDeclared":"NOASSERTION","copyrightText":"NOASSERTION","externalRefs":[{"referenceCategory":"SECURITY","referenceType":"cpe23Type","referenceLocator":"cpe:2.3:a:yaml_project:yaml:v3.0.1:*:*:*:*:go:*:*"},{"referenceCategory":"PACKAGE-MANAGER","referenceType":"purl","referenceLocator":"pkg:golang/gopkg.in/yaml.v3@v3.0.1"}]},{"name":"stdlib","SPDXID":"SPDXRef-Package-go-module-stdlib-83332d67d886d33e","versionInfo":"go1.24.0","supplier":"NOASSERTION","downloadLocation":"NOASSERTION","filesAnalyzed":false,"sourceInfo":"acquired package info from go module information: glow_2.1.0_Openbsd_arm/glow","licenseConcluded":"NOASSERTION","licenseDeclared":"BSD-3-Clause","copyrightText":"NOASSERTION","externalRefs":[{"referenceCategory":"SECURITY","referenceType":"cpe23Type","referenceLocator":"cpe:2.3:a:golang:go:1.24.0:-:*:*:*:*:*:*"},{"referenceCategory":"PACKAGE-MANAGER","referenceType":"purl","referenceLocator":"pkg:golang/stdlib@1.24.0"}]},{"name":"glow_2.1.0_Openbsd_arm.tar.gz","SPDXID":"SPDXRef-DocumentRoot-File-glow-2.1.0-Openbsd-arm.tar.gz","versionInfo":"sha256:2a197924b091fe9df529dd0b24a61475dee2138f8e094baee6801f4ede2dfa31","supplier":"NOASSERTION","downloadLocation":"NOASSERTION","filesAnalyzed":false,"checksums":[{"algorithm":"SHA256","checksumValue":"2a197924b091fe9df529dd0b24a61475dee2138f8e094baee6801f4ede2dfa31"}],"licenseConcluded":"NOASSERTION","licenseDeclared":"NOASSERTION","copyrightText":"NOASSERTION","primaryPackagePurpose":"FILE"}],"files":[{"fileName":"glow_2.1.0_Openbsd_arm/glow","SPDXID":"SPDXRef-File-glow-2.1.0-Openbsd-arm-glow-4134da189fb77c9e","fileTypes":["APPLICATION","BINARY"],"checksums":[{"algorithm":"SHA1","checksumValue":"0926014e728d8367af9bc1e2097cee4bece626e6"},{"algorithm":"SHA256","checksumValue":"088d907ff1557914c84c5e67b981cf2df03aa6c7f721ff24da8ef0c138a42064"}],"licenseConcluded":"NOASSERTION","licenseInfoInFiles":["NOASSERTION"],"copyrightText":"NOASSERTION"}],"relationships":[{"spdxElementId":"SPDXRef-Package-go-module-github.com-spf13-pflag-007b380b7860d268","relatedSpdxElement":"SPDXRef-Package-go-module-github.com-charmbracelet-glow-v2-44799ae5b8480bfd","relationshipType":"DEPENDENCY_OF"},{"spdxElementId":"SPDXRef-Package-go-module-github.com-muesli-cancelreader-00fdaebc69db12fe","relatedSpdxElement":"SPDXRef-Package-go-module-github.com-charmbracelet-glow-v2-44799ae5b8480bfd","relationshipType":"DEPENDENCY_OF"},{"spdxElementId":"SPDXRef-Package-go-module-github.com-mattn-go-runewidth-01217dd5c125f977","relatedSpdxElement":"SPDXRef-Package-go-module-github.com-charmbracelet-glow-v2-44799ae5b8480bfd","relationshipType":"DEPENDENCY_OF"},{"spdxElementId":"SPDXRef-Package-go-module-github.com-hashicorp-hcl-03b481410423fe25","relatedSpdxElement":"SPDXRef-Package-go-module-github.com-charmbracelet-glow-v2-44799ae5b8480bfd","relationshipType":"DEPENDENCY_OF"},{"spdxElementId":"SPDXRef-Package-go-module-github.com-mitchellh-mapstructure-03e1b3cff96ba7e7","relatedSpdxElement":"SPDXRef-Package-go-module-github.com-charmbracelet-glow-v2-44799ae5b8480bfd","relationshipType":"DEPENDENCY_OF"},{"spdxElementId":"SPDXRef-Package-go-module-github.com-mattn-go-isatty-12b9e0cd70050be3","relatedSpdxElement":"SPDXRef-Package-go-module-github.com-charmbracelet-glow-v2-44799ae5b8480bfd","relationshipType":"DEPENDENCY_OF"},{"spdxElementId":"SPDXRef-Package-go-module-github.com-subosito-gotenv-12e2ab83ab92a795","relatedSpdxElement":"SPDXRef-Package-go-module-github.com-charmbracelet-glow-v2-44799ae5b8480bfd","relationshipType":"DEPENDENCY_OF"},{"spdxElementId":"SPDXRef-Package-go-module-github.com-muesli-gitcha-156cd8f72a6569dd","relatedSpdxElement":"SPDXRef-Package-go-module-github.com-charmbracelet-glow-v2-44799ae5b8480bfd","relationshipType":"DEPENDENCY_OF"},{"spdxElementId":"SPDXRef-Package-go-module-golang.org-x-sync-1d07b0bbdc9df535","relatedSpdxElement":"SPDXRef-Package-go-module-github.com-charmbracelet-glow-v2-44799ae5b8480bfd","relationshipType":"DEPENDENCY_OF"},{"spdxElementId":"SPDXRef-Package-go-module-github.com-yuin-goldmark-234de611189e86c0","relatedSpdxElement":"SPDXRef-Package-go-module-github.com-charmbracelet-glow-v2-44799ae5b8480bfd","relationshipType":"DEPENDENCY_OF"},{"spdxElementId":"SPDXRef-Package-go-module-github.com-atotto-clipboard-25788fbcd011f6cb","relatedSpdxElement":"SPDXRef-Package-go-module-github.com-charmbracelet-glow-v2-44799ae5b8480bfd","relationshipType":"DEPENDENCY_OF"},{"spdxElementId":"SPDXRef-Package-go-module-golang.org-x-text-2b0f7a6edd790a71","relatedSpdxElement":"SPDXRef-Package-go-module-github.com-charmbracelet-glow-v2-44799ae5b8480bfd","relationshipType":"DEPENDENCY_OF"},{"spdxElementId":"SPDXRef-Package-go-module-github.com-sagikazarmark-slog-shim-2c5bac05fa8f45bb","relatedSpdxElement":"SPDXRef-Package-go-module-github.com-charmbracelet-glow-v2-44799ae5b8480bfd","relationshipType":"DEPENDENCY_OF"},{"spdxElementId":"SPDXRef-Package-go-module-github.com-microcosm-cc-bluemonday-2ed54d973a49f5ca","relatedSpdxElement":"SPDXRef-Package-go-module-github.com-charmbracelet-glow-v2-44799ae5b8480bfd","relationshipType":"DEPENDENCY_OF"},{"spdxElementId":"SPDXRef-Package-go-module-github.com-sabhiram-go-gitignore-2f65d21c36566b6e","relatedSpdxElement":"SPDXRef-Package-go-module-github.com-charmbracelet-glow-v2-44799ae5b8480bfd","relationshipType":"DEPENDENCY_OF"},{"spdxElementId":"SPDXRef-Package-go-module-github.com-gorilla-css-37b25b66d8ff5575","relatedSpdxElement":"SPDXRef-Package-go-module-github.com-charmbracelet-glow-v2-44799ae5b8480bfd","relationshipType":"DEPENDENCY_OF"},{"spdxElementId":"SPDXRef-Package-go-module-github.com-sahilm-fuzzy-3856140535c185bd","relatedSpdxElement":"SPDXRef-Package-go-module-github.com-charmbracelet-glow-v2-44799ae5b8480bfd","relationshipType":"DEPENDENCY_OF"},{"spdxElementId":"SPDXRef-Package-go-module-github.com-fsnotify-fsnotify-3cab2a1c4933e373","relatedSpdxElement":"SPDXRef-Package-go-module-github.com-charmbracelet-glow-v2-44799ae5b8480bfd","relationshipType":"DEPENDENCY_OF"},{"spdxElementId":"SPDXRef-Package-go-module-github.com-muesli-mango-cobra-3ed282ba57e329e1","relatedSpdxElement":"SPDXRef-Package-go-module-github.com-charmbracelet-glow-v2-44799ae5b8480bfd","relationshipType":"DEPENDENCY_OF"},{"spdxElementId":"SPDXRef-Package-go-module-github.com-pelletier-go-toml-v2-4103b83ca3aae11c","relatedSpdxElement":"SPDXRef-Package-go-module-github.com-charmbracelet-glow-v2-44799ae5b8480bfd","relationshipType":"DEPENDENCY_OF"},{"spdxElementId":"SPDXRef-Package-go-module-github.com-lucasb-eyer-go-colorful-44cb0385aef2b795","relatedSpdxElement":"SPDXRef-Package-go-module-github.com-charmbracelet-glow-v2-44799ae5b8480bfd","relationshipType":"DEPENDENCY_OF"},{"spdxElementId":"SPDXRef-Package-go-module-github.com-muesli-roff-53725e054235f024","relatedSpdxElement":"SPDXRef-Package-go-module-github.com-charmbracelet-glow-v2-44799ae5b8480bfd","relationshipType":"DEPENDENCY_OF"},{"spdxElementId":"SPDXRef-Package-go-module-gopkg.in-ini.v1-56832d67e02e3d67","relatedSpdxElement":"SPDXRef-Package-go-module-github.com-charmbracelet-glow-v2-44799ae5b8480bfd","relationshipType":"DEPENDENCY_OF"},{"spdxElementId":"SPDXRef-Package-go-module-golang.org-x-term-58189f7a21133fe4","relatedSpdxElement":"SPDXRef-Package-go-module-github.com-charmbracelet-glow-v2-44799ae5b8480bfd","relationshipType":"DEPENDENCY_OF"},{"spdxElementId":"SPDXRef-Package-go-module-gopkg.in-yaml.v3-58fa7c0259a1e8b2","relatedSpdxElement":"SPDXRef-Package-go-module-github.com-charmbracelet-glow-v2-44799ae5b8480bfd","relationshipType":"DEPENDENCY_OF"},{"spdxElementId":"SPDXRef-Package-go-module-github.com-alecthomas-chroma-v2-5d16d378da25b05c","relatedSpdxElement":"SPDXRef-Package-go-module-github.com-charmbracelet-glow-v2-44799ae5b8480bfd","relationshipType":"DEPENDENCY_OF"},{"spdxElementId":"SPDXRef-Package-go-module-golang.org-x-sys-5e7ce77bccbbf51e","relatedSpdxElement":"SPDXRef-Package-go-module-github.com-charmbracelet-glow-v2-44799ae5b8480bfd","relationshipType":"DEPENDENCY_OF"},{"spdxElementId":"SPDXRef-Package-go-module-github.com-muesli-reflow-618256a5f4200033","relatedSpdxElement":"SPDXRef-Package-go-module-github.com-charmbracelet-glow-v2-44799ae5b8480bfd","relationshipType":"DEPENDENCY_OF"},{"spdxElementId":"SPDXRef-Package-go-module-github.com-muesli-termenv-6209fdca23478e41","relatedSpdxElement":"SPDXRef-Package-go-module-github.com-charmbracelet-glow-v2-44799ae5b8480bfd","relationshipType":"DEPENDENCY_OF"},{"spdxElementId":"SPDXRef-Package-go-module-github.com-charmbracelet-log-65cd0dbcd6ff11d5","relatedSpdxElement":"SPDXRef-Package-go-module-github.com-charmbracelet-glow-v2-44799ae5b8480bfd","relationshipType":"DEPENDENCY_OF"},{"spdxElementId":"SPDXRef-Package-go-module-github.com-charmbracelet-bubbletea-673247990c66f5b9","relatedSpdxElement":"SPDXRef-Package-go-module-github.com-charmbracelet-glow-v2-44799ae5b8480bfd","relationshipType":"DEPENDENCY_OF"},{"spdxElementId":"SPDXRef-Package-go-module-github.com-muesli-mango-pflag-67edb7db1c189da9","relatedSpdxElement":"SPDXRef-Package-go-module-github.com-charmbracelet-glow-v2-44799ae5b8480bfd","relationshipType":"DEPENDENCY_OF"},{"spdxElementId":"SPDXRef-Package-go-module-github.com-charmbracelet-lipgloss-6c2bdfdbd296c865","relatedSpdxElement":"SPDXRef-Package-go-module-github.com-charmbracelet-glow-v2-44799ae5b8480bfd","relationshipType":"DEPENDENCY_OF"},{"spdxElementId":"SPDXRef-Package-go-module-github.com-dustin-go-humanize-722ec89a73eb532a","relatedSpdxElement":"SPDXRef-Package-go-module-github.com-charmbracelet-glow-v2-44799ae5b8480bfd","relationshipType":"DEPENDENCY_OF"},{"spdxElementId":"SPDXRef-Package-go-module-github.com-charmbracelet-x-term-8094c025ff9697fb","relatedSpdxElement":"SPDXRef-Package-go-module-github.com-charmbracelet-glow-v2-44799ae5b8480bfd","relationshipType":"DEPENDENCY_OF"},{"spdxElementId":"SPDXRef-Package-go-module-stdlib-83332d67d886d33e","relatedSpdxElement":"SPDXRef-Package-go-module-github.com-charmbracelet-glow-v2-44799ae5b8480bfd","relationshipType":"DEPENDENCY_OF"},{"spdxElementId":"SPDXRef-Package-go-module-github.com-charmbracelet-bubbles-83b68c8c408aa516","relatedSpdxElement":"SPDXRef-Package-go-module-github.com-charmbracelet-glow-v2-44799ae5b8480bfd","relationshipType":"DEPENDENCY_OF"},{"spdxElementId":"SPDXRef-Package-go-module-github.com-charmbracelet-x-ansi-85039324e43ecc09","relatedSpdxElement":"SPDXRef-Package-go-module-github.com-charmbracelet-glow-v2-44799ae5b8480bfd","relationshipType":"DEPENDENCY_OF"},{"spdxElementId":"SPDXRef-Package-go-module-github.com-aymerick-douceur-8aa476f7de3b97ec","relatedSpdxElement":"SPDXRef-Package-go-module-github.com-charmbracelet-glow-v2-44799ae5b8480bfd","relationshipType":"DEPENDENCY_OF"},{"spdxElementId":"SPDXRef-Package-go-module-github.com-charmbracelet-x-editor-9d51ad9e8099e4a0","relatedSpdxElement":"SPDXRef-Package-go-module-github.com-charmbracelet-glow-v2-44799ae5b8480bfd","relationshipType":"DEPENDENCY_OF"},{"spdxElementId":"SPDXRef-Package-go-module-golang.org-x-net-a40db5355cf20861","relatedSpdxElement":"SPDXRef-Package-go-module-github.com-charmbracelet-glow-v2-44799ae5b8480bfd","relationshipType":"DEPENDENCY_OF"},{"spdxElementId":"SPDXRef-Package-go-module-github.com-muesli-go-app-paths-a73c6a38af8ab3c0","relatedSpdxElement":"SPDXRef-Package-go-module-github.com-charmbracelet-glow-v2-44799ae5b8480bfd","relationshipType":"DEPENDENCY_OF"},{"spdxElementId":"SPDXRef-Package-go-module-github.com-spf13-afero-a93a2db0b36d1404","relatedSpdxElement":"SPDXRef-Package-go-module-github.com-charmbracelet-glow-v2-44799ae5b8480bfd","relationshipType":"DEPENDENCY_OF"},{"spdxElementId":"SPDXRef-Package-go-module-github.com-go-logfmt-logfmt-abaf606c23d73023","relatedSpdxElement":"SPDXRef-Package-go-module-github.com-charmbracelet-glow-v2-44799ae5b8480bfd","relationshipType":"DEPENDENCY_OF"},{"spdxElementId":"SPDXRef-Package-go-module-github.com-mitchellh-go-homedir-acdf6ae00d1c13c6","relatedSpdxElement":"SPDXRef-Package-go-module-github.com-charmbracelet-glow-v2-44799ae5b8480bfd","relationshipType":"DEPENDENCY_OF"},{"spdxElementId":"SPDXRef-Package-go-module-github.com-muesli-ansi-aecec6c848c787e9","relatedSpdxElement":"SPDXRef-Package-go-module-github.com-charmbracelet-glow-v2-44799ae5b8480bfd","relationshipType":"DEPENDENCY_OF"},{"spdxElementId":"SPDXRef-Package-go-module-github.com-magiconair-properties-b0c84b594680ccde","relatedSpdxElement":"SPDXRef-Package-go-module-github.com-charmbracelet-glow-v2-44799ae5b8480bfd","relationshipType":"DEPENDENCY_OF"},{"spdxElementId":"SPDXRef-Package-go-module-github.com-spf13-cobra-c55c45e438c5c8be","relatedSpdxElement":"SPDXRef-Package-go-module-github.com-charmbracelet-glow-v2-44799ae5b8480bfd","relationshipType":"DEPENDENCY_OF"},{"spdxElementId":"SPDXRef-Package-go-module-github.com-aymanbagabas-go-osc52-v2-d7ee317bf20373de","relatedSpdxElement":"SPDXRef-Package-go-module-github.com-charmbracelet-glow-v2-44799ae5b8480bfd","relationshipType":"DEPENDENCY_OF"},{"spdxElementId":"SPDXRef-Package-go-module-github.com-dlclark-regexp2-da004ebac786de68","relatedSpdxElement":"SPDXRef-Package-go-module-github.com-charmbracelet-glow-v2-44799ae5b8480bfd","relationshipType":"DEPENDENCY_OF"},{"spdxElementId":"SPDXRef-Package-go-module-github.com-caarlos0-env-v11-de7e331875120952","relatedSpdxElement":"SPDXRef-Package-go-module-github.com-charmbracelet-glow-v2-44799ae5b8480bfd","relationshipType":"DEPENDENCY_OF"},{"spdxElementId":"SPDXRef-Package-go-module-github.com-rivo-uniseg-e4a885ea96a4fce5","relatedSpdxElement":"SPDXRef-Package-go-module-github.com-charmbracelet-glow-v2-44799ae5b8480bfd","relationshipType":"DEPENDENCY_OF"},{"spdxElementId":"SPDXRef-Package-go-module-github.com-muesli-mango-e65a15cfe54b1295","relatedSpdxElement":"SPDXRef-Package-go-module-github.com-charmbracelet-glow-v2-44799ae5b8480bfd","relationshipType":"DEPENDENCY_OF"},{"spdxElementId":"SPDXRef-Package-go-module-github.com-yuin-goldmark-emoji-ea7b1ff82a2c0179","relatedSpdxElement":"SPDXRef-Package-go-module-github.com-charmbracelet-glow-v2-44799ae5b8480bfd","relationshipType":"DEPENDENCY_OF"},{"spdxElementId":"SPDXRef-Package-go-module-github.com-spf13-viper-f3a9b79b24ba9bbd","relatedSpdxElement":"SPDXRef-Package-go-module-github.com-charmbracelet-glow-v2-44799ae5b8480bfd","relationshipType":"DEPENDENCY_OF"},{"spdxElementId":"SPDXRef-Package-go-module-github.com-charmbracelet-glamour-f67f39dd3f3eea1e","relatedSpdxElement":"SPDXRef-Package-go-module-github.com-charmbracelet-glow-v2-44799ae5b8480bfd","relationshipType":"DEPENDENCY_OF"},{"spdxElementId":"SPDXRef-Package-go-module-github.com-spf13-cast-fcecf681daf5abbe","relatedSpdxElement":"SPDXRef-Package-go-module-github.com-charmbracelet-glow-v2-44799ae5b8480bfd","relationshipType":"DEPENDENCY_OF"},{"spdxElementId":"SPDXRef-Package-go-module-github.com-spf13-pflag-007b380b7860d268","relatedSpdxElement":"SPDXRef-File-glow-2.1.0-Openbsd-arm-glow-4134da189fb77c9e","relationshipType":"OTHER","comment":"evident-by: indicates the package's existence is evident by the given file"},{"spdxElementId":"SPDXRef-Package-go-module-github.com-muesli-cancelreader-00fdaebc69db12fe","relatedSpdxElement":"SPDXRef-File-glow-2.1.0-Openbsd-arm-glow-4134da189fb77c9e","relationshipType":"OTHER","comment":"evident-by: indicates the package's existence is evident by the given file"},{"spdxElementId":"SPDXRef-Package-go-module-github.com-mattn-go-runewidth-01217dd5c125f977","relatedSpdxElement":"SPDXRef-File-glow-2.1.0-Openbsd-arm-glow-4134da189fb77c9e","relationshipType":"OTHER","comment":"evident-by: indicates the package's existence is evident by the given file"},{"spdxElementId":"SPDXRef-Package-go-module-github.com-hashicorp-hcl-03b481410423fe25","relatedSpdxElement":"SPDXRef-File-glow-2.1.0-Openbsd-arm-glow-4134da189fb77c9e","relationshipType":"OTHER","comment":"evident-by: indicates the package's existence is evident by the given file"},{"spdxElementId":"SPDXRef-Package-go-module-github.com-mitchellh-mapstructure-03e1b3cff96ba7e7","relatedSpdxElement":"SPDXRef-File-glow-2.1.0-Openbsd-arm-glow-4134da189fb77c9e","relationshipType":"OTHER","comment":"evident-by: indicates the package's existence is evident by the given file"},{"spdxElementId":"SPDXRef-Package-go-module-github.com-mattn-go-isatty-12b9e0cd70050be3","relatedSpdxElement":"SPDXRef-File-glow-2.1.0-Openbsd-arm-glow-4134da189fb77c9e","relationshipType":"OTHER","comment":"evident-by: indicates the package's existence is evident by the given file"},{"spdxElementId":"SPDXRef-Package-go-module-github.com-subosito-gotenv-12e2ab83ab92a795","relatedSpdxElement":"SPDXRef-File-glow-2.1.0-Openbsd-arm-glow-4134da189fb77c9e","relationshipType":"OTHER","comment":"evident-by: indicates the package's existence is evident by the given file"},{"spdxElementId":"SPDXRef-Package-go-module-github.com-muesli-gitcha-156cd8f72a6569dd","relatedSpdxElement":"SPDXRef-File-glow-2.1.0-Openbsd-arm-glow-4134da189fb77c9e","relationshipType":"OTHER","comment":"evident-by: indicates the package's existence is evident by the given file"},{"spdxElementId":"SPDXRef-Package-go-module-golang.org-x-sync-1d07b0bbdc9df535","relatedSpdxElement":"SPDXRef-File-glow-2.1.0-Openbsd-arm-glow-4134da189fb77c9e","relationshipType":"OTHER","comment":"evident-by: indicates the package's existence is evident by the given file"},{"spdxElementId":"SPDXRef-Package-go-module-github.com-yuin-goldmark-234de611189e86c0","relatedSpdxElement":"SPDXRef-File-glow-2.1.0-Openbsd-arm-glow-4134da189fb77c9e","relationshipType":"OTHER","comment":"evident-by: indicates the package's existence is evident by the given file"},{"spdxElementId":"SPDXRef-Package-go-module-github.com-atotto-clipboard-25788fbcd011f6cb","relatedSpdxElement":"SPDXRef-File-glow-2.1.0-Openbsd-arm-glow-4134da189fb77c9e","relationshipType":"OTHER","comment":"evident-by: indicates the package's existence is evident by the given file"},{"spdxElementId":"SPDXRef-Package-go-module-golang.org-x-text-2b0f7a6edd790a71","relatedSpdxElement":"SPDXRef-File-glow-2.1.0-Openbsd-arm-glow-4134da189fb77c9e","relationshipType":"OTHER","comment":"evident-by: indicates the package's existence is evident by the given file"},{"spdxElementId":"SPDXRef-Package-go-module-github.com-sagikazarmark-slog-shim-2c5bac05fa8f45bb","relatedSpdxElement":"SPDXRef-File-glow-2.1.0-Openbsd-arm-glow-4134da189fb77c9e","relationshipType":"OTHER","comment":"evident-by: indicates the package's existence is evident by the given file"},{"spdxElementId":"SPDXRef-Package-go-module-github.com-microcosm-cc-bluemonday-2ed54d973a49f5ca","relatedSpdxElement":"SPDXRef-File-glow-2.1.0-Openbsd-arm-glow-4134da189fb77c9e","relationshipType":"OTHER","comment":"evident-by: indicates the package's existence is evident by the given file"},{"spdxElementId":"SPDXRef-Package-go-module-github.com-sabhiram-go-gitignore-2f65d21c36566b6e","relatedSpdxElement":"SPDXRef-File-glow-2.1.0-Openbsd-arm-glow-4134da189fb77c9e","relationshipType":"OTHER","comment":"evident-by: indicates the package's existence is evident by the given file"},{"spdxElementId":"SPDXRef-Package-go-module-github.com-gorilla-css-37b25b66d8ff5575","relatedSpdxElement":"SPDXRef-File-glow-2.1.0-Openbsd-arm-glow-4134da189fb77c9e","relationshipType":"OTHER","comment":"evident-by: indicates the package's existence is evident by the given file"},{"spdxElementId":"SPDXRef-Package-go-module-github.com-sahilm-fuzzy-3856140535c185bd","relatedSpdxElement":"SPDXRef-File-glow-2.1.0-Openbsd-arm-glow-4134da189fb77c9e","relationshipType":"OTHER","comment":"evident-by: indicates the package's existence is evident by the given file"},{"spdxElementId":"SPDXRef-Package-go-module-github.com-fsnotify-fsnotify-3cab2a1c4933e373","relatedSpdxElement":"SPDXRef-File-glow-2.1.0-Openbsd-arm-glow-4134da189fb77c9e","relationshipType":"OTHER","comment":"evident-by: indicates the package's existence is evident by the given file"},{"spdxElementId":"SPDXRef-Package-go-module-github.com-muesli-mango-cobra-3ed282ba57e329e1","relatedSpdxElement":"SPDXRef-File-glow-2.1.0-Openbsd-arm-glow-4134da189fb77c9e","relationshipType":"OTHER","comment":"evident-by: indicates the package's existence is evident by the given file"},{"spdxElementId":"SPDXRef-Package-go-module-github.com-pelletier-go-toml-v2-4103b83ca3aae11c","relatedSpdxElement":"SPDXRef-File-glow-2.1.0-Openbsd-arm-glow-4134da189fb77c9e","relationshipType":"OTHER","comment":"evident-by: indicates the package's existence is evident by the given file"},{"spdxElementId":"SPDXRef-Package-go-module-github.com-charmbracelet-glow-v2-44799ae5b8480bfd","relatedSpdxElement":"SPDXRef-File-glow-2.1.0-Openbsd-arm-glow-4134da189fb77c9e","relationshipType":"OTHER","comment":"evident-by: indicates the package's existence is evident by the given file"},{"spdxElementId":"SPDXRef-Package-go-module-github.com-lucasb-eyer-go-colorful-44cb0385aef2b795","relatedSpdxElement":"SPDXRef-File-glow-2.1.0-Openbsd-arm-glow-4134da189fb77c9e","relationshipType":"OTHER","comment":"evident-by: indicates the package's existence is evident by the given file"},{"spdxElementId":"SPDXRef-Package-go-module-github.com-muesli-roff-53725e054235f024","relatedSpdxElement":"SPDXRef-File-glow-2.1.0-Openbsd-arm-glow-4134da189fb77c9e","relationshipType":"OTHER","comment":"evident-by: indicates the package's existence is evident by the given file"},{"spdxElementId":"SPDXRef-Package-go-module-gopkg.in-ini.v1-56832d67e02e3d67","relatedSpdxElement":"SPDXRef-File-glow-2.1.0-Openbsd-arm-glow-4134da189fb77c9e","relationshipType":"OTHER","comment":"evident-by: indicates the package's existence is evident by the given file"},{"spdxElementId":"SPDXRef-Package-go-module-golang.org-x-term-58189f7a21133fe4","relatedSpdxElement":"SPDXRef-File-glow-2.1.0-Openbsd-arm-glow-4134da189fb77c9e","relationshipType":"OTHER","comment":"evident-by: indicates the package's existence is evident by the given file"},{"spdxElementId":"SPDXRef-Package-go-module-gopkg.in-yaml.v3-58fa7c0259a1e8b2","relatedSpdxElement":"SPDXRef-File-glow-2.1.0-Openbsd-arm-glow-4134da189fb77c9e","relationshipType":"OTHER","comment":"evident-by: indicates the package's existence is evident by the given file"},{"spdxElementId":"SPDXRef-Package-go-module-github.com-alecthomas-chroma-v2-5d16d378da25b05c","relatedSpdxElement":"SPDXRef-File-glow-2.1.0-Openbsd-arm-glow-4134da189fb77c9e","relationshipType":"OTHER","comment":"evident-by: indicates the package's existence is evident by the given file"},{"spdxElementId":"SPDXRef-Package-go-module-golang.org-x-sys-5e7ce77bccbbf51e","relatedSpdxElement":"SPDXRef-File-glow-2.1.0-Openbsd-arm-glow-4134da189fb77c9e","relationshipType":"OTHER","comment":"evident-by: indicates the package's existence is evident by the given file"},{"spdxElementId":"SPDXRef-Package-go-module-github.com-muesli-reflow-618256a5f4200033","relatedSpdxElement":"SPDXRef-File-glow-2.1.0-Openbsd-arm-glow-4134da189fb77c9e","relationshipType":"OTHER","comment":"evident-by: indicates the package's existence is evident by the given file"},{"spdxElementId":"SPDXRef-Package-go-module-github.com-muesli-termenv-6209fdca23478e41","relatedSpdxElement":"SPDXRef-File-glow-2.1.0-Openbsd-arm-glow-4134da189fb77c9e","relationshipType":"OTHER","comment":"evident-by: indicates the package's existence is evident by the given file"},{"spdxElementId":"SPDXRef-Package-go-module-github.com-charmbracelet-log-65cd0dbcd6ff11d5","relatedSpdxElement":"SPDXRef-File-glow-2.1.0-Openbsd-arm-glow-4134da189fb77c9e","relationshipType":"OTHER","comment":"evident-by: indicates the package's existence is evident by the given file"},{"spdxElementId":"SPDXRef-Package-go-module-github.com-charmbracelet-bubbletea-673247990c66f5b9","relatedSpdxElement":"SPDXRef-File-glow-2.1.0-Openbsd-arm-glow-4134da189fb77c9e","relationshipType":"OTHER","comment":"evident-by: indicates the package's existence is evident by the given file"},{"spdxElementId":"SPDXRef-Package-go-module-github.com-muesli-mango-pflag-67edb7db1c189da9","relatedSpdxElement":"SPDXRef-File-glow-2.1.0-Openbsd-arm-glow-4134da189fb77c9e","relationshipType":"OTHER","comment":"evident-by: indicates the package's existence is evident by the given file"},{"spdxElementId":"SPDXRef-Package-go-module-github.com-charmbracelet-lipgloss-6c2bdfdbd296c865","relatedSpdxElement":"SPDXRef-File-glow-2.1.0-Openbsd-arm-glow-4134da189fb77c9e","relationshipType":"OTHER","comment":"evident-by: indicates the package's existence is evident by the given file"},{"spdxElementId":"SPDXRef-Package-go-module-github.com-dustin-go-humanize-722ec89a73eb532a","relatedSpdxElement":"SPDXRef-File-glow-2.1.0-Openbsd-arm-glow-4134da189fb77c9e","relationshipType":"OTHER","comment":"evident-by: indicates the package's existence is evident by the given file"},{"spdxElementId":"SPDXRef-Package-go-module-github.com-charmbracelet-x-term-8094c025ff9697fb","relatedSpdxElement":"SPDXRef-File-glow-2.1.0-Openbsd-arm-glow-4134da189fb77c9e","relationshipType":"OTHER","comment":"evident-by: indicates the package's existence is evident by the given file"},{"spdxElementId":"SPDXRef-Package-go-module-stdlib-83332d67d886d33e","relatedSpdxElement":"SPDXRef-File-glow-2.1.0-Openbsd-arm-glow-4134da189fb77c9e","relationshipType":"OTHER","comment":"evident-by: indicates the package's existence is evident by the given file"},{"spdxElementId":"SPDXRef-Package-go-module-github.com-charmbracelet-bubbles-83b68c8c408aa516","relatedSpdxElement":"SPDXRef-File-glow-2.1.0-Openbsd-arm-glow-4134da189fb77c9e","relationshipType":"OTHER","comment":"evident-by: indicates the package's existence is evident by the given file"},{"spdxElementId":"SPDXRef-Package-go-module-github.com-charmbracelet-x-ansi-85039324e43ecc09","relatedSpdxElement":"SPDXRef-File-glow-2.1.0-Openbsd-arm-glow-4134da189fb77c9e","relationshipType":"OTHER","comment":"evident-by: indicates the package's existence is evident by the given file"},{"spdxElementId":"SPDXRef-Package-go-module-github.com-aymerick-douceur-8aa476f7de3b97ec","relatedSpdxElement":"SPDXRef-File-glow-2.1.0-Openbsd-arm-glow-4134da189fb77c9e","relationshipType":"OTHER","comment":"evident-by: indicates the package's existence is evident by the given file"},{"spdxElementId":"SPDXRef-Package-go-module-github.com-charmbracelet-x-editor-9d51ad9e8099e4a0","relatedSpdxElement":"SPDXRef-File-glow-2.1.0-Openbsd-arm-glow-4134da189fb77c9e","relationshipType":"OTHER","comment":"evident-by: indicates the package's existence is evident by the given file"},{"spdxElementId":"SPDXRef-Package-go-module-golang.org-x-net-a40db5355cf20861","relatedSpdxElement":"SPDXRef-File-glow-2.1.0-Openbsd-arm-glow-4134da189fb77c9e","relationshipType":"OTHER","comment":"evident-by: indicates the package's existence is evident by the given file"},{"spdxElementId":"SPDXRef-Package-go-module-github.com-muesli-go-app-paths-a73c6a38af8ab3c0","relatedSpdxElement":"SPDXRef-File-glow-2.1.0-Openbsd-arm-glow-4134da189fb77c9e","relationshipType":"OTHER","comment":"evident-by: indicates the package's existence is evident by the given file"},{"spdxElementId":"SPDXRef-Package-go-module-github.com-spf13-afero-a93a2db0b36d1404","relatedSpdxElement":"SPDXRef-File-glow-2.1.0-Openbsd-arm-glow-4134da189fb77c9e","relationshipType":"OTHER","comment":"evident-by: indicates the package's existence is evident by the given file"},{"spdxElementId":"SPDXRef-Package-go-module-github.com-go-logfmt-logfmt-abaf606c23d73023","relatedSpdxElement":"SPDXRef-File-glow-2.1.0-Openbsd-arm-glow-4134da189fb77c9e","relationshipType":"OTHER","comment":"evident-by: indicates the package's existence is evident by the given file"},{"spdxElementId":"SPDXRef-Package-go-module-github.com-mitchellh-go-homedir-acdf6ae00d1c13c6","relatedSpdxElement":"SPDXRef-File-glow-2.1.0-Openbsd-arm-glow-4134da189fb77c9e","relationshipType":"OTHER","comment":"evident-by: indicates the package's existence is evident by the given file"},{"spdxElementId":"SPDXRef-Package-go-module-github.com-muesli-ansi-aecec6c848c787e9","relatedSpdxElement":"SPDXRef-File-glow-2.1.0-Openbsd-arm-glow-4134da189fb77c9e","relationshipType":"OTHER","comment":"evident-by: indicates the package's existence is evident by the given file"},{"spdxElementId":"SPDXRef-Package-go-module-github.com-magiconair-properties-b0c84b594680ccde","relatedSpdxElement":"SPDXRef-File-glow-2.1.0-Openbsd-arm-glow-4134da189fb77c9e","relationshipType":"OTHER","comment":"evident-by: indicates the package's existence is evident by the given file"},{"spdxElementId":"SPDXRef-Package-go-module-github.com-spf13-cobra-c55c45e438c5c8be","relatedSpdxElement":"SPDXRef-File-glow-2.1.0-Openbsd-arm-glow-4134da189fb77c9e","relationshipType":"OTHER","comment":"evident-by: indicates the package's existence is evident by the given file"},{"spdxElementId":"SPDXRef-Package-go-module-github.com-aymanbagabas-go-osc52-v2-d7ee317bf20373de","relatedSpdxElement":"SPDXRef-File-glow-2.1.0-Openbsd-arm-glow-4134da189fb77c9e","relationshipType":"OTHER","comment":"evident-by: indicates the package's existence is evident by the given file"},{"spdxElementId":"SPDXRef-Package-go-module-github.com-dlclark-regexp2-da004ebac786de68","relatedSpdxElement":"SPDXRef-File-glow-2.1.0-Openbsd-arm-glow-4134da189fb77c9e","relationshipType":"OTHER","comment":"evident-by: indicates the package's existence is evident by the given file"},{"spdxElementId":"SPDXRef-Package-go-module-github.com-caarlos0-env-v11-de7e331875120952","relatedSpdxElement":"SPDXRef-File-glow-2.1.0-Openbsd-arm-glow-4134da189fb77c9e","relationshipType":"OTHER","comment":"evident-by: indicates the package's existence is evident by the given file"},{"spdxElementId":"SPDXRef-Package-go-module-github.com-rivo-uniseg-e4a885ea96a4fce5","relatedSpdxElement":"SPDXRef-File-glow-2.1.0-Openbsd-arm-glow-4134da189fb77c9e","relationshipType":"OTHER","comment":"evident-by: indicates the package's existence is evident by the given file"},{"spdxElementId":"SPDXRef-Package-go-module-github.com-muesli-mango-e65a15cfe54b1295","relatedSpdxElement":"SPDXRef-File-glow-2.1.0-Openbsd-arm-glow-4134da189fb77c9e","relationshipType":"OTHER","comment":"evident-by: indicates the package's existence is evident by the given file"},{"spdxElementId":"SPDXRef-Package-go-module-github.com-yuin-goldmark-emoji-ea7b1ff82a2c0179","relatedSpdxElement":"SPDXRef-File-glow-2.1.0-Openbsd-arm-glow-4134da189fb77c9e","relationshipType":"OTHER","comment":"evident-by: indicates the package's existence is evident by the given file"},{"spdxElementId":"SPDXRef-Package-go-module-github.com-spf13-viper-f3a9b79b24ba9bbd","relatedSpdxElement":"SPDXRef-File-glow-2.1.0-Openbsd-arm-glow-4134da189fb77c9e","relationshipType":"OTHER","comment":"evident-by: indicates the package's existence is evident by the given file"},{"spdxElementId":"SPDXRef-Package-go-module-github.com-charmbracelet-glamour-f67f39dd3f3eea1e","relatedSpdxElement":"SPDXRef-File-glow-2.1.0-Openbsd-arm-glow-4134da189fb77c9e","relationshipType":"OTHER","comment":"evident-by: indicates the package's existence is evident by the given file"},{"spdxElementId":"SPDXRef-Package-go-module-github.com-spf13-cast-fcecf681daf5abbe","relatedSpdxElement":"SPDXRef-File-glow-2.1.0-Openbsd-arm-glow-4134da189fb77c9e","relationshipType":"OTHER","comment":"evident-by: indicates the package's existence is evident by the given file"},{"spdxElementId":"SPDXRef-DocumentRoot-File-glow-2.1.0-Openbsd-arm.tar.gz","relatedSpdxElement":"SPDXRef-Package-go-module-github.com-alecthomas-chroma-v2-5d16d378da25b05c","relationshipType":"CONTAINS"},{"spdxElementId":"SPDXRef-DocumentRoot-File-glow-2.1.0-Openbsd-arm.tar.gz","relatedSpdxElement":"SPDXRef-Package-go-module-github.com-atotto-clipboard-25788fbcd011f6cb","relationshipType":"CONTAINS"},{"spdxElementId":"SPDXRef-DocumentRoot-File-glow-2.1.0-Openbsd-arm.tar.gz","relatedSpdxElement":"SPDXRef-Package-go-module-github.com-aymanbagabas-go-osc52-v2-d7ee317bf20373de","relationshipType":"CONTAINS"},{"spdxElementId":"SPDXRef-DocumentRoot-File-glow-2.1.0-Openbsd-arm.tar.gz","relatedSpdxElement":"SPDXRef-Package-go-module-github.com-aymerick-douceur-8aa476f7de3b97ec","relationshipType":"CONTAINS"},{"spdxElementId":"SPDXRef-DocumentRoot-File-glow-2.1.0-Openbsd-arm.tar.gz","relatedSpdxElement":"SPDXRef-Package-go-module-github.com-caarlos0-env-v11-de7e331875120952","relationshipType":"CONTAINS"},{"spdxElementId":"SPDXRef-DocumentRoot-File-glow-2.1.0-Openbsd-arm.tar.gz","relatedSpdxElement":"SPDXRef-Package-go-module-github.com-charmbracelet-bubbles-83b68c8c408aa516","relationshipType":"CONTAINS"},{"spdxElementId":"SPDXRef-DocumentRoot-File-glow-2.1.0-Openbsd-arm.tar.gz","relatedSpdxElement":"SPDXRef-Package-go-module-github.com-charmbracelet-bubbletea-673247990c66f5b9","relationshipType":"CONTAINS"},{"spdxElementId":"SPDXRef-DocumentRoot-File-glow-2.1.0-Openbsd-arm.tar.gz","relatedSpdxElement":"SPDXRef-Package-go-module-github.com-charmbracelet-glamour-f67f39dd3f3eea1e","relationshipType":"CONTAINS"},{"spdxElementId":"SPDXRef-DocumentRoot-File-glow-2.1.0-Openbsd-arm.tar.gz","relatedSpdxElement":"SPDXRef-Package-go-module-github.com-charmbracelet-glow-v2-44799ae5b8480bfd","relationshipType":"CONTAINS"},{"spdxElementId":"SPDXRef-DocumentRoot-File-glow-2.1.0-Openbsd-arm.tar.gz","relatedSpdxElement":"SPDXRef-Package-go-module-github.com-charmbracelet-lipgloss-6c2bdfdbd296c865","relationshipType":"CONTAINS"},{"spdxElementId":"SPDXRef-DocumentRoot-File-glow-2.1.0-Openbsd-arm.tar.gz","relatedSpdxElement":"SPDXRef-Package-go-module-github.com-charmbracelet-log-65cd0dbcd6ff11d5","relationshipType":"CONTAINS"},{"spdxElementId":"SPDXRef-DocumentRoot-File-glow-2.1.0-Openbsd-arm.tar.gz","relatedSpdxElement":"SPDXRef-Package-go-module-github.com-charmbracelet-x-ansi-85039324e43ecc09","relationshipType":"CONTAINS"},{"spdxElementId":"SPDXRef-DocumentRoot-File-glow-2.1.0-Openbsd-arm.tar.gz","relatedSpdxElement":"SPDXRef-Package-go-module-github.com-charmbracelet-x-editor-9d51ad9e8099e4a0","relationshipType":"CONTAINS"},{"spdxElementId":"SPDXRef-DocumentRoot-File-glow-2.1.0-Openbsd-arm.tar.gz","relatedSpdxElement":"SPDXRef-Package-go-module-github.com-charmbracelet-x-term-8094c025ff9697fb","relationshipType":"CONTAINS"},{"spdxElementId":"SPDXRef-DocumentRoot-File-glow-2.1.0-Openbsd-arm.tar.gz","relatedSpdxElement":"SPDXRef-Package-go-module-github.com-dlclark-regexp2-da004ebac786de68","relationshipType":"CONTAINS"},{"spdxElementId":"SPDXRef-DocumentRoot-File-glow-2.1.0-Openbsd-arm.tar.gz","relatedSpdxElement":"SPDXRef-Package-go-module-github.com-dustin-go-humanize-722ec89a73eb532a","relationshipType":"CONTAINS"},{"spdxElementId":"SPDXRef-DocumentRoot-File-glow-2.1.0-Openbsd-arm.tar.gz","relatedSpdxElement":"SPDXRef-Package-go-module-github.com-fsnotify-fsnotify-3cab2a1c4933e373","relationshipType":"CONTAINS"},{"spdxElementId":"SPDXRef-DocumentRoot-File-glow-2.1.0-Openbsd-arm.tar.gz","relatedSpdxElement":"SPDXRef-Package-go-module-github.com-go-logfmt-logfmt-abaf606c23d73023","relationshipType":"CONTAINS"},{"spdxElementId":"SPDXRef-DocumentRoot-File-glow-2.1.0-Openbsd-arm.tar.gz","relatedSpdxElement":"SPDXRef-Package-go-module-github.com-gorilla-css-37b25b66d8ff5575","relationshipType":"CONTAINS"},{"spdxElementId":"SPDXRef-DocumentRoot-File-glow-2.1.0-Openbsd-arm.tar.gz","relatedSpdxElement":"SPDXRef-Package-go-module-github.com-hashicorp-hcl-03b481410423fe25","relationshipType":"CONTAINS"},{"spdxElementId":"SPDXRef-DocumentRoot-File-glow-2.1.0-Openbsd-arm.tar.gz","relatedSpdxElement":"SPDXRef-Package-go-module-github.com-lucasb-eyer-go-colorful-44cb0385aef2b795","relationshipType":"CONTAINS"},{"spdxElementId":"SPDXRef-DocumentRoot-File-glow-2.1.0-Openbsd-arm.tar.gz","relatedSpdxElement":"SPDXRef-Package-go-module-github.com-magiconair-properties-b0c84b594680ccde","relationshipType":"CONTAINS"},{"spdxElementId":"SPDXRef-DocumentRoot-File-glow-2.1.0-Openbsd-arm.tar.gz","relatedSpdxElement":"SPDXRef-Package-go-module-github.com-mattn-go-isatty-12b9e0cd70050be3","relationshipType":"CONTAINS"},{"spdxElementId":"SPDXRef-DocumentRoot-File-glow-2.1.0-Openbsd-arm.tar.gz","relatedSpdxElement":"SPDXRef-Package-go-module-github.com-mattn-go-runewidth-01217dd5c125f977","relationshipType":"CONTAINS"},{"spdxElementId":"SPDXRef-DocumentRoot-File-glow-2.1.0-Openbsd-arm.tar.gz","relatedSpdxElement":"SPDXRef-Package-go-module-github.com-microcosm-cc-bluemonday-2ed54d973a49f5ca","relationshipType":"CONTAINS"},{"spdxElementId":"SPDXRef-DocumentRoot-File-glow-2.1.0-Openbsd-arm.tar.gz","relatedSpdxElement":"SPDXRef-Package-go-module-github.com-mitchellh-go-homedir-acdf6ae00d1c13c6","relationshipType":"CONTAINS"},{"spdxElementId":"SPDXRef-DocumentRoot-File-glow-2.1.0-Openbsd-arm.tar.gz","relatedSpdxElement":"SPDXRef-Package-go-module-github.com-mitchellh-mapstructure-03e1b3cff96ba7e7","relationshipType":"CONTAINS"},{"spdxElementId":"SPDXRef-DocumentRoot-File-glow-2.1.0-Openbsd-arm.tar.gz","relatedSpdxElement":"SPDXRef-Package-go-module-github.com-muesli-ansi-aecec6c848c787e9","relationshipType":"CONTAINS"},{"spdxElementId":"SPDXRef-DocumentRoot-File-glow-2.1.0-Openbsd-arm.tar.gz","relatedSpdxElement":"SPDXRef-Package-go-module-github.com-muesli-cancelreader-00fdaebc69db12fe","relationshipType":"CONTAINS"},{"spdxElementId":"SPDXRef-DocumentRoot-File-glow-2.1.0-Openbsd-arm.tar.gz","relatedSpdxElement":"SPDXRef-Package-go-module-github.com-muesli-gitcha-156cd8f72a6569dd","relationshipType":"CONTAINS"},{"spdxElementId":"SPDXRef-DocumentRoot-File-glow-2.1.0-Openbsd-arm.tar.gz","relatedSpdxElement":"SPDXRef-Package-go-module-github.com-muesli-go-app-paths-a73c6a38af8ab3c0","relationshipType":"CONTAINS"},{"spdxElementId":"SPDXRef-DocumentRoot-File-glow-2.1.0-Openbsd-arm.tar.gz","relatedSpdxElement":"SPDXRef-Package-go-module-github.com-muesli-mango-e65a15cfe54b1295","relationshipType":"CONTAINS"},{"spdxElementId":"SPDXRef-DocumentRoot-File-glow-2.1.0-Openbsd-arm.tar.gz","relatedSpdxElement":"SPDXRef-Package-go-module-github.com-muesli-mango-cobra-3ed282ba57e329e1","relationshipType":"CONTAINS"},{"spdxElementId":"SPDXRef-DocumentRoot-File-glow-2.1.0-Openbsd-arm.tar.gz","relatedSpdxElement":"SPDXRef-Package-go-module-github.com-muesli-mango-pflag-67edb7db1c189da9","relationshipType":"CONTAINS"},{"spdxElementId":"SPDXRef-DocumentRoot-File-glow-2.1.0-Openbsd-arm.tar.gz","relatedSpdxElement":"SPDXRef-Package-go-module-github.com-muesli-reflow-618256a5f4200033","relationshipType":"CONTAINS"},{"spdxElementId":"SPDXRef-DocumentRoot-File-glow-2.1.0-Openbsd-arm.tar.gz","relatedSpdxElement":"SPDXRef-Package-go-module-github.com-muesli-roff-53725e054235f024","relationshipType":"CONTAINS"},{"spdxElementId":"SPDXRef-DocumentRoot-File-glow-2.1.0-Openbsd-arm.tar.gz","relatedSpdxElement":"SPDXRef-Package-go-module-github.com-muesli-termenv-6209fdca23478e41","relationshipType":"CONTAINS"},{"spdxElementId":"SPDXRef-DocumentRoot-File-glow-2.1.0-Openbsd-arm.tar.gz","relatedSpdxElement":"SPDXRef-Package-go-module-github.com-pelletier-go-toml-v2-4103b83ca3aae11c","relationshipType":"CONTAINS"},{"spdxElementId":"SPDXRef-DocumentRoot-File-glow-2.1.0-Openbsd-arm.tar.gz","relatedSpdxElement":"SPDXRef-Package-go-module-github.com-rivo-uniseg-e4a885ea96a4fce5","relationshipType":"CONTAINS"},{"spdxElementId":"SPDXRef-DocumentRoot-File-glow-2.1.0-Openbsd-arm.tar.gz","relatedSpdxElement":"SPDXRef-Package-go-module-github.com-sabhiram-go-gitignore-2f65d21c36566b6e","relationshipType":"CONTAINS"},{"spdxElementId":"SPDXRef-DocumentRoot-File-glow-2.1.0-Openbsd-arm.tar.gz","relatedSpdxElement":"SPDXRef-Package-go-module-github.com-sagikazarmark-slog-shim-2c5bac05fa8f45bb","relationshipType":"CONTAINS"},{"spdxElementId":"SPDXRef-DocumentRoot-File-glow-2.1.0-Openbsd-arm.tar.gz","relatedSpdxElement":"SPDXRef-Package-go-module-github.com-sahilm-fuzzy-3856140535c185bd","relationshipType":"CONTAINS"},{"spdxElementId":"SPDXRef-DocumentRoot-File-glow-2.1.0-Openbsd-arm.tar.gz","relatedSpdxElement":"SPDXRef-Package-go-module-github.com-spf13-afero-a93a2db0b36d1404","relationshipType":"CONTAINS"},{"spdxElementId":"SPDXRef-DocumentRoot-File-glow-2.1.0-Openbsd-arm.tar.gz","relatedSpdxElement":"SPDXRef-Package-go-module-github.com-spf13-cast-fcecf681daf5abbe","relationshipType":"CONTAINS"},{"spdxElementId":"SPDXRef-DocumentRoot-File-glow-2.1.0-Openbsd-arm.tar.gz","relatedSpdxElement":"SPDXRef-Package-go-module-github.com-spf13-cobra-c55c45e438c5c8be","relationshipType":"CONTAINS"},{"spdxElementId":"SPDXRef-DocumentRoot-File-glow-2.1.0-Openbsd-arm.tar.gz","relatedSpdxElement":"SPDXRef-Package-go-module-github.com-spf13-pflag-007b380b7860d268","relationshipType":"CONTAINS"},{"spdxElementId":"SPDXRef-DocumentRoot-File-glow-2.1.0-Openbsd-arm.tar.gz","relatedSpdxElement":"SPDXRef-Package-go-module-github.com-spf13-viper-f3a9b79b24ba9bbd","relationshipType":"CONTAINS"},{"spdxElementId":"SPDXRef-DocumentRoot-File-glow-2.1.0-Openbsd-arm.tar.gz","relatedSpdxElement":"SPDXRef-Package-go-module-github.com-subosito-gotenv-12e2ab83ab92a795","relationshipType":"CONTAINS"},{"spdxElementId":"SPDXRef-DocumentRoot-File-glow-2.1.0-Openbsd-arm.tar.gz","relatedSpdxElement":"SPDXRef-Package-go-module-github.com-yuin-goldmark-234de611189e86c0","relationshipType":"CONTAINS"},{"spdxElementId":"SPDXRef-DocumentRoot-File-glow-2.1.0-Openbsd-arm.tar.gz","relatedSpdxElement":"SPDXRef-Package-go-module-github.com-yuin-goldmark-emoji-ea7b1ff82a2c0179","relationshipType":"CONTAINS"},{"spdxElementId":"SPDXRef-DocumentRoot-File-glow-2.1.0-Openbsd-arm.tar.gz","relatedSpdxElement":"SPDXRef-Package-go-module-golang.org-x-net-a40db5355cf20861","relationshipType":"CONTAINS"},{"spdxElementId":"SPDXRef-DocumentRoot-File-glow-2.1.0-Openbsd-arm.tar.gz","relatedSpdxElement":"SPDXRef-Package-go-module-golang.org-x-sync-1d07b0bbdc9df535","relationshipType":"CONTAINS"},{"spdxElementId":"SPDXRef-DocumentRoot-File-glow-2.1.0-Openbsd-arm.tar.gz","relatedSpdxElement":"SPDXRef-Package-go-module-golang.org-x-sys-5e7ce77bccbbf51e","relationshipType":"CONTAINS"},{"spdxElementId":"SPDXRef-DocumentRoot-File-glow-2.1.0-Openbsd-arm.tar.gz","relatedSpdxElement":"SPDXRef-Package-go-module-golang.org-x-term-58189f7a21133fe4","relationshipType":"CONTAINS"},{"spdxElementId":"SPDXRef-DocumentRoot-File-glow-2.1.0-Openbsd-arm.tar.gz","relatedSpdxElement":"SPDXRef-Package-go-module-golang.org-x-text-2b0f7a6edd790a71","relationshipType":"CONTAINS"},{"spdxElementId":"SPDXRef-DocumentRoot-File-glow-2.1.0-Openbsd-arm.tar.gz","relatedSpdxElement":"SPDXRef-Package-go-module-gopkg.in-ini.v1-56832d67e02e3d67","relationshipType":"CONTAINS"},{"spdxElementId":"SPDXRef-DocumentRoot-File-glow-2.1.0-Openbsd-arm.tar.gz","relatedSpdxElement":"SPDXRef-Package-go-module-gopkg.in-yaml.v3-58fa7c0259a1e8b2","relationshipType":"CONTAINS"},{"spdxElementId":"SPDXRef-DocumentRoot-File-glow-2.1.0-Openbsd-arm.tar.gz","relatedSpdxElement":"SPDXRef-Package-go-module-stdlib-83332d67d886d33e","relationshipType":"CONTAINS"},{"spdxElementId":"SPDXRef-DOCUMENT","relatedSpdxElement":"SPDXRef-DocumentRoot-File-glow-2.1.0-Openbsd-arm.tar.gz","relationshipType":"DESCRIBES"}]}
