{
  "SPDXID": "SPDXRef-DOCUMENT",
  "spdxVersion": "SPDX-2.3",
  "name": "SBOM-SPDX-sapling-0.2.20241203-120811+a2174689",
  "creationInfo": {
    "created": "2024-12-03T20:41:32Z",
    "creators": [
      "Tool: https://github.com/Homebrew/brew"
    ]
  },
  "dataLicense": "CC0-1.0",
  "documentNamespace": "https://formulae.brew.sh/spdx/sapling-0.2.20241203-120811+a2174689.json",
  "documentDescribes": [
    "SPDXRef-Archive-sapling-src"
  ],
  "files": [

  ],
  "packages": [
    {
      "SPDXID": "SPDXRef-Archive-sapling-src",
      "name": "sapling",
      "versionInfo": "0.2.20241203-120811+a2174689",
      "filesAnalyzed": false,
      "licenseDeclared": "NOASSERTION",
      "builtDate": "2024-12-03 20:41:32 UTC",
      "licenseConcluded": "GPL-2.0-or-later",
      "downloadLocation": "file:///Users/runner/work/sapling/sapling/sapling.tar.gz",
      "copyrightText": "NOASSERTION",
      "externalRefs": [

      ],
      "checksums": [
        {
          "algorithm": "SHA256",
          "checksumValue": "e362394c1272862b6cfd2b45003bf0c365e7bc93060a822b8de0cd8a2901628a"
        }
      ]
    }
  ],
  "relationships": [
    {
      "spdxElementId": "SPDXRef-File-sapling",
      "relationshipType": "PACKAGE_OF",
      "relatedSpdxElement": "SPDXRef-Archive-sapling-src"
    }
  ]
}