{"$schema":"http://cyclonedx.org/schema/bom-1.6.schema.json","bomFormat":"CycloneDX","specVersion":"1.6","serialNumber":"urn:uuid:4f998c1f-101f-47e3-9b4a-5c2820f98044","version":1,"metadata":{"timestamp":"2025-03-26T19:44:21Z","tools":{"components":[{"type":"application","author":"anchore","name":"syft","version":"1.21.0"}]},"component":{"bom-ref":"d6d01e024119345c","type":"file","name":"kubebuilder","version":"sha256:0aab8fbac91421f7daef718f50e6027e6866a8c0dbb2a725969e87b2bec694b1"}},"components":[{"bom-ref":"pkg:golang/github.com/gobuffalo/flect@v1.0.3?package-id=4cff793b7bb41e7f","type":"library","name":"github.com/gobuffalo/flect","version":"v1.0.3","cpe":"cpe:2.3:a:gobuffalo:flect:v1.0.3:*:*:*:*:*:*:*","purl":"pkg:golang/github.com/gobuffalo/flect@v1.0.3","properties":[{"name":"syft:package:foundBy","value":"go-module-binary-cataloger"},{"name":"syft:package:language","value":"go"},{"name":"syft:package:type","value":"go-module"},{"name":"syft:package:metadataType","value":"go-module-buildinfo-entry"},{"name":"syft:location:0:path","value":"/kubebuilder"},{"name":"syft:metadata:architecture","value":"arm64"},{"name":"syft:metadata:goCompiledVersion","value":"go1.23.0"},{"name":"syft:metadata:goCryptoSettings:0","value":"standard-crypto"},{"name":"syft:metadata:h1Digest","value":"h1:xeWBM2nui+qnVvNM4S3foBhCAL2XgPU+a7FdpelbTq4="},{"name":"syft:metadata:mainModule","value":"sigs.k8s.io/kubebuilder/v4"}]},{"bom-ref":"pkg:golang/github.com/sirupsen/logrus@v1.9.3?package-id=93234b2651741c70","type":"library","name":"github.com/sirupsen/logrus","version":"v1.9.3","cpe":"cpe:2.3:a:sirupsen:logrus:v1.9.3:*:*:*:*:*:*:*","purl":"pkg:golang/github.com/sirupsen/logrus@v1.9.3","properties":[{"name":"syft:package:foundBy","value":"go-module-binary-cataloger"},{"name":"syft:package:language","value":"go"},{"name":"syft:package:type","value":"go-module"},{"name":"syft:package:metadataType","value":"go-module-buildinfo-entry"},{"name":"syft:location:0:path","value":"/kubebuilder"},{"name":"syft:metadata:architecture","value":"arm64"},{"name":"syft:metadata:goCompiledVersion","value":"go1.23.0"},{"name":"syft:metadata:goCryptoSettings:0","value":"standard-crypto"},{"name":"syft:metadata:h1Digest","value":"h1:dueUQJ1C2q9oE3F7wvmSGAaVtTmUizReu6fjN8uqzbQ="},{"name":"syft:metadata:mainModule","value":"sigs.k8s.io/kubebuilder/v4"}]},{"bom-ref":"pkg:golang/github.com/spf13/afero@v1.14.0?package-id=3fe8d32fc26b511c","type":"library","name":"github.com/spf13/afero","version":"v1.14.0","cpe":"cpe:2.3:a:spf13:afero:v1.14.0:*:*:*:*:*:*:*","purl":"pkg:golang/github.com/spf13/afero@v1.14.0","properties":[{"name":"syft:package:foundBy","value":"go-module-binary-cataloger"},{"name":"syft:package:language","value":"go"},{"name":"syft:package:type","value":"go-module"},{"name":"syft:package:metadataType","value":"go-module-buildinfo-entry"},{"name":"syft:location:0:path","value":"/kubebuilder"},{"name":"syft:metadata:architecture","value":"arm64"},{"name":"syft:metadata:goCompiledVersion","value":"go1.23.0"},{"name":"syft:metadata:goCryptoSettings:0","value":"standard-crypto"},{"name":"syft:metadata:h1Digest","value":"h1:9tH6MapGnn/j0eb0yIXiLjERO8RB6xIVZRDCX7PtqWA="},{"name":"syft:metadata:mainModule","value":"sigs.k8s.io/kubebuilder/v4"}]},{"bom-ref":"pkg:golang/github.com/spf13/cobra@v1.9.1?package-id=bb33d3703f80b21e","type":"library","name":"github.com/spf13/cobra","version":"v1.9.1","cpe":"cpe:2.3:a:spf13:cobra:v1.9.1:*:*:*:*:*:*:*","purl":"pkg:golang/github.com/spf13/cobra@v1.9.1","properties":[{"name":"syft:package:foundBy","value":"go-module-binary-cataloger"},{"name":"syft:package:language","value":"go"},{"name":"syft:package:type","value":"go-module"},{"name":"syft:package:metadataType","value":"go-module-buildinfo-entry"},{"name":"syft:location:0:path","value":"/kubebuilder"},{"name":"syft:metadata:architecture","value":"arm64"},{"name":"syft:metadata:goCompiledVersion","value":"go1.23.0"},{"name":"syft:metadata:goCryptoSettings:0","value":"standard-crypto"},{"name":"syft:metadata:h1Digest","value":"h1:CXSaggrXdbHK9CF+8ywj8Amf7PBRmPCOJugH954Nnlo="},{"name":"syft:metadata:mainModule","value":"sigs.k8s.io/kubebuilder/v4"}]},{"bom-ref":"pkg:golang/github.com/spf13/pflag@v1.0.6?package-id=b4948a94b52cea5d","type":"library","name":"github.com/spf13/pflag","version":"v1.0.6","cpe":"cpe:2.3:a:spf13:pflag:v1.0.6:*:*:*:*:*:*:*","purl":"pkg:golang/github.com/spf13/pflag@v1.0.6","properties":[{"name":"syft:package:foundBy","value":"go-module-binary-cataloger"},{"name":"syft:package:language","value":"go"},{"name":"syft:package:type","value":"go-module"},{"name":"syft:package:metadataType","value":"go-module-buildinfo-entry"},{"name":"syft:location:0:path","value":"/kubebuilder"},{"name":"syft:metadata:architecture","value":"arm64"},{"name":"syft:metadata:goCompiledVersion","value":"go1.23.0"},{"name":"syft:metadata:goCryptoSettings:0","value":"standard-crypto"},{"name":"syft:metadata:h1Digest","value":"h1:jFzHGLGAlb3ruxLB8MhbI6A8+AQX/2eW4qeyNZXNp2o="},{"name":"syft:metadata:mainModule","value":"sigs.k8s.io/kubebuilder/v4"}]},{"bom-ref":"pkg:golang/golang.org/x/mod@v0.24.0?package-id=86befd70b7bbc929","type":"library","name":"golang.org/x/mod","version":"v0.24.0","cpe":"cpe:2.3:a:golang:x\\/mod:v0.24.0:*:*:*:*:*:*:*","purl":"pkg:golang/golang.org/x/mod@v0.24.0","properties":[{"name":"syft:package:foundBy","value":"go-module-binary-cataloger"},{"name":"syft:package:language","value":"go"},{"name":"syft:package:type","value":"go-module"},{"name":"syft:package:metadataType","value":"go-module-buildinfo-entry"},{"name":"syft:location:0:path","value":"/kubebuilder"},{"name":"syft:metadata:architecture","value":"arm64"},{"name":"syft:metadata:goCompiledVersion","value":"go1.23.0"},{"name":"syft:metadata:goCryptoSettings:0","value":"standard-crypto"},{"name":"syft:metadata:h1Digest","value":"h1:ZfthKaKaT4NrhGVZHO1/WDTwGES4De8KtWO0SIbNJMU="},{"name":"syft:metadata:mainModule","value":"sigs.k8s.io/kubebuilder/v4"}]},{"bom-ref":"pkg:golang/golang.org/x/sync@v0.12.0?package-id=141edc806a5b7132","type":"library","name":"golang.org/x/sync","version":"v0.12.0","cpe":"cpe:2.3:a:golang:x\\/sync:v0.12.0:*:*:*:*:*:*:*","purl":"pkg:golang/golang.org/x/sync@v0.12.0","properties":[{"name":"syft:package:foundBy","value":"go-module-binary-cataloger"},{"name":"syft:package:language","value":"go"},{"name":"syft:package:type","value":"go-module"},{"name":"syft:package:metadataType","value":"go-module-buildinfo-entry"},{"name":"syft:location:0:path","value":"/kubebuilder"},{"name":"syft:metadata:architecture","value":"arm64"},{"name":"syft:metadata:goCompiledVersion","value":"go1.23.0"},{"name":"syft:metadata:goCryptoSettings:0","value":"standard-crypto"},{"name":"syft:metadata:h1Digest","value":"h1:MHc5BpPuC30uJk597Ri8TV3CNZcTLu6B6z4lJy+g6Jw="},{"name":"syft:metadata:mainModule","value":"sigs.k8s.io/kubebuilder/v4"}]},{"bom-ref":"pkg:golang/golang.org/x/sys@v0.31.0?package-id=829cf18ea8622921","type":"library","name":"golang.org/x/sys","version":"v0.31.0","cpe":"cpe:2.3:a:golang:x\\/sys:v0.31.0:*:*:*:*:*:*:*","purl":"pkg:golang/golang.org/x/sys@v0.31.0","properties":[{"name":"syft:package:foundBy","value":"go-module-binary-cataloger"},{"name":"syft:package:language","value":"go"},{"name":"syft:package:type","value":"go-module"},{"name":"syft:package:metadataType","value":"go-module-buildinfo-entry"},{"name":"syft:location:0:path","value":"/kubebuilder"},{"name":"syft:metadata:architecture","value":"arm64"},{"name":"syft:metadata:goCompiledVersion","value":"go1.23.0"},{"name":"syft:metadata:goCryptoSettings:0","value":"standard-crypto"},{"name":"syft:metadata:h1Digest","value":"h1:ioabZlmFYtWhL+TRYpcnNlLwhyxaM9kWTDEmfnprqik="},{"name":"syft:metadata:mainModule","value":"sigs.k8s.io/kubebuilder/v4"}]},{"bom-ref":"pkg:golang/golang.org/x/text@v0.23.0?package-id=d25e8316fc700ef7","type":"library","name":"golang.org/x/text","version":"v0.23.0","cpe":"cpe:2.3:a:golang:text:v0.23.0:*:*:*:*:*:*:*","purl":"pkg:golang/golang.org/x/text@v0.23.0","properties":[{"name":"syft:package:foundBy","value":"go-module-binary-cataloger"},{"name":"syft:package:language","value":"go"},{"name":"syft:package:type","value":"go-module"},{"name":"syft:package:metadataType","value":"go-module-buildinfo-entry"},{"name":"syft:location:0:path","value":"/kubebuilder"},{"name":"syft:metadata:architecture","value":"arm64"},{"name":"syft:metadata:goCompiledVersion","value":"go1.23.0"},{"name":"syft:metadata:goCryptoSettings:0","value":"standard-crypto"},{"name":"syft:metadata:h1Digest","value":"h1:D71I7dUrlY+VX0gQShAThNGHFxZ13dGLBHQLVl1mJlY="},{"name":"syft:metadata:mainModule","value":"sigs.k8s.io/kubebuilder/v4"}]},{"bom-ref":"pkg:golang/golang.org/x/tools@v0.31.0?package-id=23a470b341cf255e","type":"library","name":"golang.org/x/tools","version":"v0.31.0","cpe":"cpe:2.3:a:golang:x\\/tools:v0.31.0:*:*:*:*:*:*:*","purl":"pkg:golang/golang.org/x/tools@v0.31.0","properties":[{"name":"syft:package:foundBy","value":"go-module-binary-cataloger"},{"name":"syft:package:language","value":"go"},{"name":"syft:package:type","value":"go-module"},{"name":"syft:package:metadataType","value":"go-module-buildinfo-entry"},{"name":"syft:location:0:path","value":"/kubebuilder"},{"name":"syft:metadata:architecture","value":"arm64"},{"name":"syft:metadata:goCompiledVersion","value":"go1.23.0"},{"name":"syft:metadata:goCryptoSettings:0","value":"standard-crypto"},{"name":"syft:metadata:h1Digest","value":"h1:0EedkvKDbh+qistFTd0Bcwe/YLh4vHwWEkiI0toFIBU="},{"name":"syft:metadata:mainModule","value":"sigs.k8s.io/kubebuilder/v4"}]},{"bom-ref":"pkg:golang/sigs.k8s.io/kubebuilder/v4@v4.5.2?package-id=ac5cee38c48ef61b","type":"library","name":"sigs.k8s.io/kubebuilder/v4","version":"v4.5.2","cpe":"cpe:2.3:a:kubebuilder:v4:v4.5.2:*:*:*:*:*:*:*","purl":"pkg:golang/sigs.k8s.io/kubebuilder/v4@v4.5.2","properties":[{"name":"syft:package:foundBy","value":"go-module-binary-cataloger"},{"name":"syft:package:language","value":"go"},{"name":"syft:package:type","value":"go-module"},{"name":"syft:package:metadataType","value":"go-module-buildinfo-entry"},{"name":"syft:location:0:path","value":"/kubebuilder"},{"name":"syft:metadata:architecture","value":"arm64"},{"name":"syft:metadata:goCompiledVersion","value":"go1.23.0"},{"name":"syft:metadata:goCryptoSettings:0","value":"standard-crypto"},{"name":"syft:metadata:mainModule","value":"sigs.k8s.io/kubebuilder/v4"}]},{"bom-ref":"pkg:golang/sigs.k8s.io/yaml@v1.4.0?package-id=7fb61426cb16d579","type":"library","name":"sigs.k8s.io/yaml","version":"v1.4.0","purl":"pkg:golang/sigs.k8s.io/yaml@v1.4.0","properties":[{"name":"syft:package:foundBy","value":"go-module-binary-cataloger"},{"name":"syft:package:language","value":"go"},{"name":"syft:package:type","value":"go-module"},{"name":"syft:package:metadataType","value":"go-module-buildinfo-entry"},{"name":"syft:location:0:path","value":"/kubebuilder"},{"name":"syft:metadata:architecture","value":"arm64"},{"name":"syft:metadata:goCompiledVersion","value":"go1.23.0"},{"name":"syft:metadata:goCryptoSettings:0","value":"standard-crypto"},{"name":"syft:metadata:h1Digest","value":"h1:Mk1wCc2gy/F0THH0TAp1QYyJNzRm2KCLy3o5ASXVI5E="},{"name":"syft:metadata:mainModule","value":"sigs.k8s.io/kubebuilder/v4"}]},{"bom-ref":"pkg:golang/stdlib@1.23.0?package-id=bdb7d2c1d088b20d","type":"library","name":"stdlib","version":"go1.23.0","licenses":[{"license":{"id":"BSD-3-Clause"}}],"cpe":"cpe:2.3:a:golang:go:1.23.0:-:*:*:*:*:*:*","purl":"pkg:golang/stdlib@1.23.0","properties":[{"name":"syft:package:foundBy","value":"go-module-binary-cataloger"},{"name":"syft:package:language","value":"go"},{"name":"syft:package:type","value":"go-module"},{"name":"syft:package:metadataType","value":"go-module-buildinfo-entry"},{"name":"syft:location:0:path","value":"/kubebuilder"},{"name":"syft:metadata:goCompiledVersion","value":"go1.23.0"}]},{"bom-ref":"3e61dbd193dc3a99","type":"file","name":"/home/runner/work/kubebuilder/kubebuilder/dist/kubebuilder_darwin_arm64_v8.0/kubebuilder","hashes":[{"alg":"SHA-1","content":"5c4707d22e5b8564a5c66a4fd8c4d4ae09c526de"},{"alg":"SHA-256","content":"0aab8fbac91421f7daef718f50e6027e6866a8c0dbb2a725969e87b2bec694b1"}]}],"dependencies":[{"ref":"pkg:golang/sigs.k8s.io/kubebuilder/v4@v4.5.2?package-id=ac5cee38c48ef61b","dependsOn":["pkg:golang/github.com/gobuffalo/flect@v1.0.3?package-id=4cff793b7bb41e7f","pkg:golang/github.com/sirupsen/logrus@v1.9.3?package-id=93234b2651741c70","pkg:golang/github.com/spf13/afero@v1.14.0?package-id=3fe8d32fc26b511c","pkg:golang/github.com/spf13/cobra@v1.9.1?package-id=bb33d3703f80b21e","pkg:golang/github.com/spf13/pflag@v1.0.6?package-id=b4948a94b52cea5d","pkg:golang/golang.org/x/mod@v0.24.0?package-id=86befd70b7bbc929","pkg:golang/golang.org/x/sync@v0.12.0?package-id=141edc806a5b7132","pkg:golang/golang.org/x/sys@v0.31.0?package-id=829cf18ea8622921","pkg:golang/golang.org/x/text@v0.23.0?package-id=d25e8316fc700ef7","pkg:golang/golang.org/x/tools@v0.31.0?package-id=23a470b341cf255e","pkg:golang/sigs.k8s.io/yaml@v1.4.0?package-id=7fb61426cb16d579","pkg:golang/stdlib@1.23.0?package-id=bdb7d2c1d088b20d"]}]}
