{"$schema":"http://cyclonedx.org/schema/bom-1.6.schema.json","bomFormat":"CycloneDX","specVersion":"1.6","serialNumber":"urn:uuid:90c2bc59-2eae-4860-ab89-6257492b0d8c","version":1,"metadata":{"timestamp":"2025-03-26T19:44:22Z","tools":{"components":[{"type":"application","author":"anchore","name":"syft","version":"1.21.0"}]},"component":{"bom-ref":"dd87cc642589fdd7","type":"file","name":"kubebuilder","version":"sha256:ae9d7fe4b8544f94f83c0381a788bb60f54c8570927e8ad3a5a33060fead1e22"}},"components":[{"bom-ref":"pkg:golang/github.com/gobuffalo/flect@v1.0.3?package-id=a441a22b8fde33d7","type":"library","name":"github.com/gobuffalo/flect","version":"v1.0.3","cpe":"cpe:2.3:a:gobuffalo:flect:v1.0.3:*:*:*:*:*:*:*","purl":"pkg:golang/github.com/gobuffalo/flect@v1.0.3","properties":[{"name":"syft:package:foundBy","value":"go-module-binary-cataloger"},{"name":"syft:package:language","value":"go"},{"name":"syft:package:type","value":"go-module"},{"name":"syft:package:metadataType","value":"go-module-buildinfo-entry"},{"name":"syft:location:0:path","value":"/kubebuilder"},{"name":"syft:metadata:architecture","value":"s390x"},{"name":"syft:metadata:goCompiledVersion","value":"go1.23.0"},{"name":"syft:metadata:goCryptoSettings:0","value":"standard-crypto"},{"name":"syft:metadata:h1Digest","value":"h1:xeWBM2nui+qnVvNM4S3foBhCAL2XgPU+a7FdpelbTq4="},{"name":"syft:metadata:mainModule","value":"sigs.k8s.io/kubebuilder/v4"}]},{"bom-ref":"pkg:golang/github.com/sirupsen/logrus@v1.9.3?package-id=e8f1e7e701ad1404","type":"library","name":"github.com/sirupsen/logrus","version":"v1.9.3","cpe":"cpe:2.3:a:sirupsen:logrus:v1.9.3:*:*:*:*:*:*:*","purl":"pkg:golang/github.com/sirupsen/logrus@v1.9.3","properties":[{"name":"syft:package:foundBy","value":"go-module-binary-cataloger"},{"name":"syft:package:language","value":"go"},{"name":"syft:package:type","value":"go-module"},{"name":"syft:package:metadataType","value":"go-module-buildinfo-entry"},{"name":"syft:location:0:path","value":"/kubebuilder"},{"name":"syft:metadata:architecture","value":"s390x"},{"name":"syft:metadata:goCompiledVersion","value":"go1.23.0"},{"name":"syft:metadata:goCryptoSettings:0","value":"standard-crypto"},{"name":"syft:metadata:h1Digest","value":"h1:dueUQJ1C2q9oE3F7wvmSGAaVtTmUizReu6fjN8uqzbQ="},{"name":"syft:metadata:mainModule","value":"sigs.k8s.io/kubebuilder/v4"}]},{"bom-ref":"pkg:golang/github.com/spf13/afero@v1.14.0?package-id=e5c8e0206f0bccf0","type":"library","name":"github.com/spf13/afero","version":"v1.14.0","cpe":"cpe:2.3:a:spf13:afero:v1.14.0:*:*:*:*:*:*:*","purl":"pkg:golang/github.com/spf13/afero@v1.14.0","properties":[{"name":"syft:package:foundBy","value":"go-module-binary-cataloger"},{"name":"syft:package:language","value":"go"},{"name":"syft:package:type","value":"go-module"},{"name":"syft:package:metadataType","value":"go-module-buildinfo-entry"},{"name":"syft:location:0:path","value":"/kubebuilder"},{"name":"syft:metadata:architecture","value":"s390x"},{"name":"syft:metadata:goCompiledVersion","value":"go1.23.0"},{"name":"syft:metadata:goCryptoSettings:0","value":"standard-crypto"},{"name":"syft:metadata:h1Digest","value":"h1:9tH6MapGnn/j0eb0yIXiLjERO8RB6xIVZRDCX7PtqWA="},{"name":"syft:metadata:mainModule","value":"sigs.k8s.io/kubebuilder/v4"}]},{"bom-ref":"pkg:golang/github.com/spf13/cobra@v1.9.1?package-id=3fd70b86d8f2f0aa","type":"library","name":"github.com/spf13/cobra","version":"v1.9.1","cpe":"cpe:2.3:a:spf13:cobra:v1.9.1:*:*:*:*:*:*:*","purl":"pkg:golang/github.com/spf13/cobra@v1.9.1","properties":[{"name":"syft:package:foundBy","value":"go-module-binary-cataloger"},{"name":"syft:package:language","value":"go"},{"name":"syft:package:type","value":"go-module"},{"name":"syft:package:metadataType","value":"go-module-buildinfo-entry"},{"name":"syft:location:0:path","value":"/kubebuilder"},{"name":"syft:metadata:architecture","value":"s390x"},{"name":"syft:metadata:goCompiledVersion","value":"go1.23.0"},{"name":"syft:metadata:goCryptoSettings:0","value":"standard-crypto"},{"name":"syft:metadata:h1Digest","value":"h1:CXSaggrXdbHK9CF+8ywj8Amf7PBRmPCOJugH954Nnlo="},{"name":"syft:metadata:mainModule","value":"sigs.k8s.io/kubebuilder/v4"}]},{"bom-ref":"pkg:golang/github.com/spf13/pflag@v1.0.6?package-id=9b162aff8c406371","type":"library","name":"github.com/spf13/pflag","version":"v1.0.6","cpe":"cpe:2.3:a:spf13:pflag:v1.0.6:*:*:*:*:*:*:*","purl":"pkg:golang/github.com/spf13/pflag@v1.0.6","properties":[{"name":"syft:package:foundBy","value":"go-module-binary-cataloger"},{"name":"syft:package:language","value":"go"},{"name":"syft:package:type","value":"go-module"},{"name":"syft:package:metadataType","value":"go-module-buildinfo-entry"},{"name":"syft:location:0:path","value":"/kubebuilder"},{"name":"syft:metadata:architecture","value":"s390x"},{"name":"syft:metadata:goCompiledVersion","value":"go1.23.0"},{"name":"syft:metadata:goCryptoSettings:0","value":"standard-crypto"},{"name":"syft:metadata:h1Digest","value":"h1:jFzHGLGAlb3ruxLB8MhbI6A8+AQX/2eW4qeyNZXNp2o="},{"name":"syft:metadata:mainModule","value":"sigs.k8s.io/kubebuilder/v4"}]},{"bom-ref":"pkg:golang/golang.org/x/mod@v0.24.0?package-id=a1f8be1031c87d31","type":"library","name":"golang.org/x/mod","version":"v0.24.0","cpe":"cpe:2.3:a:golang:x\\/mod:v0.24.0:*:*:*:*:*:*:*","purl":"pkg:golang/golang.org/x/mod@v0.24.0","properties":[{"name":"syft:package:foundBy","value":"go-module-binary-cataloger"},{"name":"syft:package:language","value":"go"},{"name":"syft:package:type","value":"go-module"},{"name":"syft:package:metadataType","value":"go-module-buildinfo-entry"},{"name":"syft:location:0:path","value":"/kubebuilder"},{"name":"syft:metadata:architecture","value":"s390x"},{"name":"syft:metadata:goCompiledVersion","value":"go1.23.0"},{"name":"syft:metadata:goCryptoSettings:0","value":"standard-crypto"},{"name":"syft:metadata:h1Digest","value":"h1:ZfthKaKaT4NrhGVZHO1/WDTwGES4De8KtWO0SIbNJMU="},{"name":"syft:metadata:mainModule","value":"sigs.k8s.io/kubebuilder/v4"}]},{"bom-ref":"pkg:golang/golang.org/x/sync@v0.12.0?package-id=10c0e2d016607789","type":"library","name":"golang.org/x/sync","version":"v0.12.0","cpe":"cpe:2.3:a:golang:x\\/sync:v0.12.0:*:*:*:*:*:*:*","purl":"pkg:golang/golang.org/x/sync@v0.12.0","properties":[{"name":"syft:package:foundBy","value":"go-module-binary-cataloger"},{"name":"syft:package:language","value":"go"},{"name":"syft:package:type","value":"go-module"},{"name":"syft:package:metadataType","value":"go-module-buildinfo-entry"},{"name":"syft:location:0:path","value":"/kubebuilder"},{"name":"syft:metadata:architecture","value":"s390x"},{"name":"syft:metadata:goCompiledVersion","value":"go1.23.0"},{"name":"syft:metadata:goCryptoSettings:0","value":"standard-crypto"},{"name":"syft:metadata:h1Digest","value":"h1:MHc5BpPuC30uJk597Ri8TV3CNZcTLu6B6z4lJy+g6Jw="},{"name":"syft:metadata:mainModule","value":"sigs.k8s.io/kubebuilder/v4"}]},{"bom-ref":"pkg:golang/golang.org/x/sys@v0.31.0?package-id=43709e1dbd9b1e17","type":"library","name":"golang.org/x/sys","version":"v0.31.0","cpe":"cpe:2.3:a:golang:x\\/sys:v0.31.0:*:*:*:*:*:*:*","purl":"pkg:golang/golang.org/x/sys@v0.31.0","properties":[{"name":"syft:package:foundBy","value":"go-module-binary-cataloger"},{"name":"syft:package:language","value":"go"},{"name":"syft:package:type","value":"go-module"},{"name":"syft:package:metadataType","value":"go-module-buildinfo-entry"},{"name":"syft:location:0:path","value":"/kubebuilder"},{"name":"syft:metadata:architecture","value":"s390x"},{"name":"syft:metadata:goCompiledVersion","value":"go1.23.0"},{"name":"syft:metadata:goCryptoSettings:0","value":"standard-crypto"},{"name":"syft:metadata:h1Digest","value":"h1:ioabZlmFYtWhL+TRYpcnNlLwhyxaM9kWTDEmfnprqik="},{"name":"syft:metadata:mainModule","value":"sigs.k8s.io/kubebuilder/v4"}]},{"bom-ref":"pkg:golang/golang.org/x/text@v0.23.0?package-id=d6e52001a8cca925","type":"library","name":"golang.org/x/text","version":"v0.23.0","cpe":"cpe:2.3:a:golang:text:v0.23.0:*:*:*:*:*:*:*","purl":"pkg:golang/golang.org/x/text@v0.23.0","properties":[{"name":"syft:package:foundBy","value":"go-module-binary-cataloger"},{"name":"syft:package:language","value":"go"},{"name":"syft:package:type","value":"go-module"},{"name":"syft:package:metadataType","value":"go-module-buildinfo-entry"},{"name":"syft:location:0:path","value":"/kubebuilder"},{"name":"syft:metadata:architecture","value":"s390x"},{"name":"syft:metadata:goCompiledVersion","value":"go1.23.0"},{"name":"syft:metadata:goCryptoSettings:0","value":"standard-crypto"},{"name":"syft:metadata:h1Digest","value":"h1:D71I7dUrlY+VX0gQShAThNGHFxZ13dGLBHQLVl1mJlY="},{"name":"syft:metadata:mainModule","value":"sigs.k8s.io/kubebuilder/v4"}]},{"bom-ref":"pkg:golang/golang.org/x/tools@v0.31.0?package-id=0279d59c1bd323f0","type":"library","name":"golang.org/x/tools","version":"v0.31.0","cpe":"cpe:2.3:a:golang:x\\/tools:v0.31.0:*:*:*:*:*:*:*","purl":"pkg:golang/golang.org/x/tools@v0.31.0","properties":[{"name":"syft:package:foundBy","value":"go-module-binary-cataloger"},{"name":"syft:package:language","value":"go"},{"name":"syft:package:type","value":"go-module"},{"name":"syft:package:metadataType","value":"go-module-buildinfo-entry"},{"name":"syft:location:0:path","value":"/kubebuilder"},{"name":"syft:metadata:architecture","value":"s390x"},{"name":"syft:metadata:goCompiledVersion","value":"go1.23.0"},{"name":"syft:metadata:goCryptoSettings:0","value":"standard-crypto"},{"name":"syft:metadata:h1Digest","value":"h1:0EedkvKDbh+qistFTd0Bcwe/YLh4vHwWEkiI0toFIBU="},{"name":"syft:metadata:mainModule","value":"sigs.k8s.io/kubebuilder/v4"}]},{"bom-ref":"pkg:golang/sigs.k8s.io/kubebuilder/v4@v4.5.2?package-id=445a793497053f95","type":"library","name":"sigs.k8s.io/kubebuilder/v4","version":"v4.5.2","cpe":"cpe:2.3:a:kubebuilder:v4:v4.5.2:*:*:*:*:*:*:*","purl":"pkg:golang/sigs.k8s.io/kubebuilder/v4@v4.5.2","properties":[{"name":"syft:package:foundBy","value":"go-module-binary-cataloger"},{"name":"syft:package:language","value":"go"},{"name":"syft:package:type","value":"go-module"},{"name":"syft:package:metadataType","value":"go-module-buildinfo-entry"},{"name":"syft:location:0:path","value":"/kubebuilder"},{"name":"syft:metadata:architecture","value":"s390x"},{"name":"syft:metadata:goCompiledVersion","value":"go1.23.0"},{"name":"syft:metadata:goCryptoSettings:0","value":"standard-crypto"},{"name":"syft:metadata:mainModule","value":"sigs.k8s.io/kubebuilder/v4"}]},{"bom-ref":"pkg:golang/sigs.k8s.io/yaml@v1.4.0?package-id=2fb38dafdc9161cf","type":"library","name":"sigs.k8s.io/yaml","version":"v1.4.0","purl":"pkg:golang/sigs.k8s.io/yaml@v1.4.0","properties":[{"name":"syft:package:foundBy","value":"go-module-binary-cataloger"},{"name":"syft:package:language","value":"go"},{"name":"syft:package:type","value":"go-module"},{"name":"syft:package:metadataType","value":"go-module-buildinfo-entry"},{"name":"syft:location:0:path","value":"/kubebuilder"},{"name":"syft:metadata:architecture","value":"s390x"},{"name":"syft:metadata:goCompiledVersion","value":"go1.23.0"},{"name":"syft:metadata:goCryptoSettings:0","value":"standard-crypto"},{"name":"syft:metadata:h1Digest","value":"h1:Mk1wCc2gy/F0THH0TAp1QYyJNzRm2KCLy3o5ASXVI5E="},{"name":"syft:metadata:mainModule","value":"sigs.k8s.io/kubebuilder/v4"}]},{"bom-ref":"pkg:golang/stdlib@1.23.0?package-id=bdb7d2c1d088b20d","type":"library","name":"stdlib","version":"go1.23.0","licenses":[{"license":{"id":"BSD-3-Clause"}}],"cpe":"cpe:2.3:a:golang:go:1.23.0:-:*:*:*:*:*:*","purl":"pkg:golang/stdlib@1.23.0","properties":[{"name":"syft:package:foundBy","value":"go-module-binary-cataloger"},{"name":"syft:package:language","value":"go"},{"name":"syft:package:type","value":"go-module"},{"name":"syft:package:metadataType","value":"go-module-buildinfo-entry"},{"name":"syft:location:0:path","value":"/kubebuilder"},{"name":"syft:metadata:goCompiledVersion","value":"go1.23.0"}]},{"bom-ref":"3e61dbd193dc3a99","type":"file","name":"/home/runner/work/kubebuilder/kubebuilder/dist/kubebuilder_linux_s390x/kubebuilder","hashes":[{"alg":"SHA-1","content":"4ab1694e3cc83980c2b0a95494294734c83ea4f2"},{"alg":"SHA-256","content":"ae9d7fe4b8544f94f83c0381a788bb60f54c8570927e8ad3a5a33060fead1e22"}]}],"dependencies":[{"ref":"pkg:golang/sigs.k8s.io/kubebuilder/v4@v4.5.2?package-id=445a793497053f95","dependsOn":["pkg:golang/github.com/gobuffalo/flect@v1.0.3?package-id=a441a22b8fde33d7","pkg:golang/github.com/sirupsen/logrus@v1.9.3?package-id=e8f1e7e701ad1404","pkg:golang/github.com/spf13/afero@v1.14.0?package-id=e5c8e0206f0bccf0","pkg:golang/github.com/spf13/cobra@v1.9.1?package-id=3fd70b86d8f2f0aa","pkg:golang/github.com/spf13/pflag@v1.0.6?package-id=9b162aff8c406371","pkg:golang/golang.org/x/mod@v0.24.0?package-id=a1f8be1031c87d31","pkg:golang/golang.org/x/sync@v0.12.0?package-id=10c0e2d016607789","pkg:golang/golang.org/x/sys@v0.31.0?package-id=43709e1dbd9b1e17","pkg:golang/golang.org/x/text@v0.23.0?package-id=d6e52001a8cca925","pkg:golang/golang.org/x/tools@v0.31.0?package-id=0279d59c1bd323f0","pkg:golang/sigs.k8s.io/yaml@v1.4.0?package-id=2fb38dafdc9161cf","pkg:golang/stdlib@1.23.0?package-id=bdb7d2c1d088b20d"]}]}
