{
  "components": [
    {
      "bom-ref": "pkg:github/juliastrings/utf8proc@v2.8.0",
      "copyright": "Copyright \u00a9 2014-2021 by Steven G. Johnson, Jiahao Chen, Tony Kelman, Jonas Fonseca, and other contributors listed in the git history.",
      "externalReferences": [
        {
          "type": "distribution",
          "url": "https://github.com/juliastrings/utf8proc/archive/refs/tags/v2.8.0.tar.gz"
        },
        {
          "type": "website",
          "url": "https://github.com/juliastrings/utf8proc/tree/v2.8.0"
        }
      ],
      "group": "juliastrings",
      "licenses": [
        {
          "license": {
            "id": "MIT"
          }
        },
        {
          "license": {
            "id": "Unicode-TOU",
            "url": "https://www.unicode.org/copyright.html"
          }
        }
      ],
      "name": "utf8proc",
      "purl": "pkg:github/juliastrings/utf8proc@v2.8.0",
      "type": "library",
      "version": "v2.8.0"
    },
    {
      "bom-ref": "pkg:github/madler/zlib@v1.3.1",
      "copyright": "(C) 1995-2024 Jean-loup Gailly and Mark Adler",
      "externalReferences": [
        {
          "type": "distribution",
          "url": "https://github.com/madler/zlib/archive/refs/tags/v1.3.1.tar.gz"
        },
        {
          "type": "website",
          "url": "https://github.com/madler/zlib/tree/v1.3.1"
        }
      ],
      "group": "madler",
      "licenses": [
        {
          "license": {
            "id": "Zlib"
          }
        }
      ],
      "name": "zlib",
      "purl": "pkg:github/madler/zlib@v1.3.1",
      "type": "library",
      "version": "v1.3.1"
    },
    {
      "bom-ref": "pkg:github/mnunberg/jsonsl",
      "copyright": "Copyright (c) 2012-2015 M. Nunberg, mnunberg@haskalah.org",
      "externalReferences": [
        {
          "type": "website",
          "url": "https://github.com/mnunberg/jsonsl"
        }
      ],
      "group": "mnunberg",
      "licenses": [
        {
          "license": {
            "id": "MIT"
          }
        }
      ],
      "name": "jsonsl",
      "purl": "pkg:github/mnunberg/jsonsl",
      "type": "library"
    },
    {
      "bom-ref": "pkg:github/troydhanson/uthash@v2.3.0",
      "copyright": "Copyright (c) 2005-2018, Troy D. Hanson  http://troydhanson.github.com/uthash/",
      "externalReferences": [
        {
          "type": "distribution",
          "url": "https://github.com/troydhanson/uthash/archive/refs/tags/v2.3.0.tar.gz"
        },
        {
          "type": "website",
          "url": "https://github.com/troydhanson/uthash/tree/v2.3.0"
        }
      ],
      "group": "troydhanson",
      "licenses": [
        {
          "license": {
            "id": "BSD-1-Clause"
          }
        }
      ],
      "name": "uthash",
      "purl": "pkg:github/troydhanson/uthash@v2.3.0",
      "type": "library",
      "version": "v2.3.0"
    }
  ],
  "dependencies": [
    {
      "ref": "pkg:github/juliastrings/utf8proc@v2.8.0"
    },
    {
      "ref": "pkg:github/madler/zlib@v1.3.1"
    },
    {
      "ref": "pkg:github/mnunberg/jsonsl"
    },
    {
      "ref": "pkg:github/troydhanson/uthash@v2.3.0"
    }
  ],
  "metadata": {
    "timestamp": "2025-02-19T20:15:38.178269+00:00",
    "tools": [
      {
        "externalReferences": [
          {
            "type": "build-system",
            "url": "https://github.com/CycloneDX/cyclonedx-python-lib/actions"
          },
          {
            "type": "distribution",
            "url": "https://pypi.org/project/cyclonedx-python-lib/"
          },
          {
            "type": "documentation",
            "url": "https://cyclonedx-python-library.readthedocs.io/"
          },
          {
            "type": "issue-tracker",
            "url": "https://github.com/CycloneDX/cyclonedx-python-lib/issues"
          },
          {
            "type": "license",
            "url": "https://github.com/CycloneDX/cyclonedx-python-lib/blob/main/LICENSE"
          },
          {
            "type": "release-notes",
            "url": "https://github.com/CycloneDX/cyclonedx-python-lib/blob/main/CHANGELOG.md"
          },
          {
            "type": "vcs",
            "url": "https://github.com/CycloneDX/cyclonedx-python-lib"
          },
          {
            "type": "website",
            "url": "https://github.com/CycloneDX/cyclonedx-python-lib/#readme"
          }
        ],
        "name": "cyclonedx-python-lib",
        "vendor": "CycloneDX",
        "version": "6.4.4"
      }
    ]
  },
  "serialNumber": "urn:uuid:298714b7-1628-44c5-90a2-3c351f3626c5",
  "version": 1,
  "$schema": "http://cyclonedx.org/schema/bom-1.5.schema.json",
  "bomFormat": "CycloneDX",
  "specVersion": "1.5",
  "vulnerabilities": []
}
