{
  "components": [
    {
      "bom-ref": "pkg:github/mongodb/libmongocrypt@1.13.0",
      "externalReferences": [
        {
          "type": "distribution",
          "url": "https://github.com/mongodb/libmongocrypt/archive/refs/tags/1.13.0.tar.gz"
        },
        {
          "type": "website",
          "url": "https://github.com/mongodb/libmongocrypt/tree/1.13.0"
        }
      ],
      "group": "mongodb",
      "name": "libmongocrypt",
      "purl": "pkg:github/mongodb/libmongocrypt@1.13.0",
      "type": "library",
      "version": "1.13.0"
    }
  ],
  "dependencies": [
    {
      "ref": "pkg:github/mongodb/libmongocrypt@1.13.0"
    }
  ],
  "metadata": {
    "timestamp": "2025-02-27T17:40:47.367492+00:00",
    "tools": [
      {
        "externalReferences": [
          {
            "type": "build-system",
            "url": "https://github.com/CycloneDX/cyclonedx-python-lib/actions"
          },
          {
            "type": "distribution",
            "url": "https://pypi.org/project/cyclonedx-python-lib/"
          },
          {
            "type": "documentation",
            "url": "https://cyclonedx-python-library.readthedocs.io/"
          },
          {
            "type": "issue-tracker",
            "url": "https://github.com/CycloneDX/cyclonedx-python-lib/issues"
          },
          {
            "type": "license",
            "url": "https://github.com/CycloneDX/cyclonedx-python-lib/blob/main/LICENSE"
          },
          {
            "type": "release-notes",
            "url": "https://github.com/CycloneDX/cyclonedx-python-lib/blob/main/CHANGELOG.md"
          },
          {
            "type": "vcs",
            "url": "https://github.com/CycloneDX/cyclonedx-python-lib"
          },
          {
            "type": "website",
            "url": "https://github.com/CycloneDX/cyclonedx-python-lib/#readme"
          }
        ],
        "name": "cyclonedx-python-lib",
        "vendor": "CycloneDX",
        "version": "6.4.4"
      }
    ]
  },
  "serialNumber": "urn:uuid:03b0f88b-8efc-4e12-9853-00b138b64e67",
  "version": 1,
  "$schema": "http://cyclonedx.org/schema/bom-1.5.schema.json",
  "bomFormat": "CycloneDX",
  "specVersion": "1.5",
  "vulnerabilities": []
}
