{
  "metadata": {
    "timestamp": "2024-05-01T20:48:31.133969+00:00",
    "tools": [
      {
        "externalReferences": [
          {
            "type": "build-system",
            "url": "https://github.com/CycloneDX/cyclonedx-python-lib/actions"
          },
          {
            "type": "distribution",
            "url": "https://pypi.org/project/cyclonedx-python-lib/"
          },
          {
            "type": "documentation",
            "url": "https://cyclonedx-python-library.readthedocs.io/"
          },
          {
            "type": "issue-tracker",
            "url": "https://github.com/CycloneDX/cyclonedx-python-lib/issues"
          },
          {
            "type": "license",
            "url": "https://github.com/CycloneDX/cyclonedx-python-lib/blob/main/LICENSE"
          },
          {
            "type": "release-notes",
            "url": "https://github.com/CycloneDX/cyclonedx-python-lib/blob/main/CHANGELOG.md"
          },
          {
            "type": "vcs",
            "url": "https://github.com/CycloneDX/cyclonedx-python-lib"
          },
          {
            "type": "website",
            "url": "https://github.com/CycloneDX/cyclonedx-python-lib/#readme"
          }
        ],
        "name": "cyclonedx-python-lib",
        "vendor": "CycloneDX",
        "version": "6.4.4"
      }
    ]
  },
  "serialNumber": "urn:uuid:e2089049-b13e-48ba-8e00-f73b6e252148",
  "version": 1,
  "$schema": "http://cyclonedx.org/schema/bom-1.5.schema.json",
  "bomFormat": "CycloneDX",
  "specVersion": "1.5"
}
