{
  "bomFormat": "CycloneDX",
  "specVersion": "1.4",
  "serialNumber": "urn:uuid:a999914e-7646-49b5-89b5-eb97291c5ba0",
  "version": 1,
  "metadata": {
    "timestamp": "2024-12-19T13:15:36Z",
    "tools": [
      {
        "vendor": "anchore",
        "name": "syft",
        "version": "v0.46.3"
      }
    ],
    "component": {
      "bom-ref": "beabfb136bf3c3c8",
      "type": "container",
      "name": "mongodb/mongodb-atlas-kubernetes-operator:2.6.0@sha256:99c0fdadc878704855ea463de143691045a8f7092fa31365cffe98c5603fc5c0",
      "version": "sha256:8bc9366e2ec9bcd1d21a95a7f2347e7a35ef2f06c7b6e7db37644e1f372e62f1"
    }
  },
  "components": [
    {
      "bom-ref": "pkg:golang/github.com/masterminds/semver@v1.5.0?package-id=425ff39260c8cf7f",
      "type": "library",
      "name": "github.com/Masterminds/semver",
      "version": "v1.5.0",
      "cpe": "cpe:2.3:a:Masterminds:semver:v1.5.0:*:*:*:*:*:*:*",
      "purl": "pkg:golang/github.com/Masterminds/semver@v1.5.0",
      "properties": [
        {
          "name": "syft:package:foundBy",
          "value": "go-module-binary-cataloger"
        },
        {
          "name": "syft:package:language",
          "value": "go"
        },
        {
          "name": "syft:package:metadataType",
          "value": "GolangBinMetadata"
        },
        {
          "name": "syft:package:type",
          "value": "go-module"
        },
        {
          "name": "syft:location:0:layerID",
          "value": "sha256:5636397e81f19d979d97da5b51e6108a03b9c4cef0d043f866abc40a72d271b1"
        },
        {
          "name": "syft:location:0:path",
          "value": "/manager"
        },
        {
          "name": "syft:metadata:architecture",
          "value": "arm64"
        },
        {
          "name": "syft:metadata:goCompiledVersion",
          "value": "go1.23.3"
        },
        {
          "name": "syft:metadata:h1Digest",
          "value": "h1:H65muMkzWKEuNDnfl9d70GUjFniHKHRbFPGBuZ3QEww="
        }
      ]
    },
    {
      "bom-ref": "pkg:golang/github.com/beorn7/perks@v1.0.1?package-id=91a3733de20a4922",
      "type": "library",
      "name": "github.com/beorn7/perks",
      "version": "v1.0.1",
      "cpe": "cpe:2.3:a:beorn7:perks:v1.0.1:*:*:*:*:*:*:*",
      "purl": "pkg:golang/github.com/beorn7/perks@v1.0.1",
      "properties": [
        {
          "name": "syft:package:foundBy",
          "value": "go-module-binary-cataloger"
        },
        {
          "name": "syft:package:language",
          "value": "go"
        },
        {
          "name": "syft:package:metadataType",
          "value": "GolangBinMetadata"
        },
        {
          "name": "syft:package:type",
          "value": "go-module"
        },
        {
          "name": "syft:location:0:layerID",
          "value": "sha256:5636397e81f19d979d97da5b51e6108a03b9c4cef0d043f866abc40a72d271b1"
        },
        {
          "name": "syft:location:0:path",
          "value": "/manager"
        },
        {
          "name": "syft:metadata:architecture",
          "value": "arm64"
        },
        {
          "name": "syft:metadata:goCompiledVersion",
          "value": "go1.23.3"
        },
        {
          "name": "syft:metadata:h1Digest",
          "value": "h1:VlbKKnNfV8bJzeqoa4cOKqO6bYr3WgKZxO8Z16+hsOM="
        }
      ]
    },
    {
      "bom-ref": "pkg:golang/github.com/cespare/xxhash/v2@v2.3.0?package-id=801d5914e66d0d99",
      "type": "library",
      "name": "github.com/cespare/xxhash/v2",
      "version": "v2.3.0",
      "cpe": "cpe:2.3:a:cespare:xxhash\\/v2:v2.3.0:*:*:*:*:*:*:*",
      "purl": "pkg:golang/github.com/cespare/xxhash/v2@v2.3.0",
      "properties": [
        {
          "name": "syft:package:foundBy",
          "value": "go-module-binary-cataloger"
        },
        {
          "name": "syft:package:language",
          "value": "go"
        },
        {
          "name": "syft:package:metadataType",
          "value": "GolangBinMetadata"
        },
        {
          "name": "syft:package:type",
          "value": "go-module"
        },
        {
          "name": "syft:location:0:layerID",
          "value": "sha256:5636397e81f19d979d97da5b51e6108a03b9c4cef0d043f866abc40a72d271b1"
        },
        {
          "name": "syft:location:0:path",
          "value": "/manager"
        },
        {
          "name": "syft:metadata:architecture",
          "value": "arm64"
        },
        {
          "name": "syft:metadata:goCompiledVersion",
          "value": "go1.23.3"
        },
        {
          "name": "syft:metadata:h1Digest",
          "value": "h1:UL815xU9SqsFlibzuggzjXhog7bL6oX9BbNZnL2UFvs="
        }
      ]
    },
    {
      "bom-ref": "pkg:golang/github.com/davecgh/go-spew@v1.1.2-0.20180830191138-d8f796af33cc?package-id=40ff3401114bc1a0",
      "type": "library",
      "name": "github.com/davecgh/go-spew",
      "version": "v1.1.2-0.20180830191138-d8f796af33cc",
      "cpe": "cpe:2.3:a:davecgh:go-spew:v1.1.2-0.20180830191138-d8f796af33cc:*:*:*:*:*:*:*",
      "purl": "pkg:golang/github.com/davecgh/go-spew@v1.1.2-0.20180830191138-d8f796af33cc",
      "properties": [
        {
          "name": "syft:package:foundBy",
          "value": "go-module-binary-cataloger"
        },
        {
          "name": "syft:package:language",
          "value": "go"
        },
        {
          "name": "syft:package:metadataType",
          "value": "GolangBinMetadata"
        },
        {
          "name": "syft:package:type",
          "value": "go-module"
        },
        {
          "name": "syft:cpe23",
          "value": "cpe:2.3:a:davecgh:go_spew:v1.1.2-0.20180830191138-d8f796af33cc:*:*:*:*:*:*:*"
        },
        {
          "name": "syft:location:0:layerID",
          "value": "sha256:5636397e81f19d979d97da5b51e6108a03b9c4cef0d043f866abc40a72d271b1"
        },
        {
          "name": "syft:location:0:path",
          "value": "/manager"
        },
        {
          "name": "syft:metadata:architecture",
          "value": "arm64"
        },
        {
          "name": "syft:metadata:goCompiledVersion",
          "value": "go1.23.3"
        },
        {
          "name": "syft:metadata:h1Digest",
          "value": "h1:U9qPSI2PIWSS1VwoXQT9A3Wy9MM3WgvqSxFWenqJduM="
        }
      ]
    },
    {
      "bom-ref": "pkg:golang/github.com/emicklei/go-restful/v3@v3.11.0?package-id=13160285d74a6b12",
      "type": "library",
      "name": "github.com/emicklei/go-restful/v3",
      "version": "v3.11.0",
      "cpe": "cpe:2.3:a:emicklei:go-restful\\/v3:v3.11.0:*:*:*:*:*:*:*",
      "purl": "pkg:golang/github.com/emicklei/go-restful/v3@v3.11.0",
      "properties": [
        {
          "name": "syft:package:foundBy",
          "value": "go-module-binary-cataloger"
        },
        {
          "name": "syft:package:language",
          "value": "go"
        },
        {
          "name": "syft:package:metadataType",
          "value": "GolangBinMetadata"
        },
        {
          "name": "syft:package:type",
          "value": "go-module"
        },
        {
          "name": "syft:cpe23",
          "value": "cpe:2.3:a:emicklei:go_restful\\/v3:v3.11.0:*:*:*:*:*:*:*"
        },
        {
          "name": "syft:location:0:layerID",
          "value": "sha256:5636397e81f19d979d97da5b51e6108a03b9c4cef0d043f866abc40a72d271b1"
        },
        {
          "name": "syft:location:0:path",
          "value": "/manager"
        },
        {
          "name": "syft:metadata:architecture",
          "value": "arm64"
        },
        {
          "name": "syft:metadata:goCompiledVersion",
          "value": "go1.23.3"
        },
        {
          "name": "syft:metadata:h1Digest",
          "value": "h1:rAQeMHw1c7zTmncogyy8VvRZwtkmkZ4FxERmMY4rD+g="
        }
      ]
    },
    {
      "bom-ref": "pkg:golang/github.com/evanphx/json-patch/v5@v5.9.0?package-id=c76cbe60d4a40b1b",
      "type": "library",
      "name": "github.com/evanphx/json-patch/v5",
      "version": "v5.9.0",
      "cpe": "cpe:2.3:a:evanphx:json-patch\\/v5:v5.9.0:*:*:*:*:*:*:*",
      "purl": "pkg:golang/github.com/evanphx/json-patch/v5@v5.9.0",
      "properties": [
        {
          "name": "syft:package:foundBy",
          "value": "go-module-binary-cataloger"
        },
        {
          "name": "syft:package:language",
          "value": "go"
        },
        {
          "name": "syft:package:metadataType",
          "value": "GolangBinMetadata"
        },
        {
          "name": "syft:package:type",
          "value": "go-module"
        },
        {
          "name": "syft:cpe23",
          "value": "cpe:2.3:a:evanphx:json_patch\\/v5:v5.9.0:*:*:*:*:*:*:*"
        },
        {
          "name": "syft:location:0:layerID",
          "value": "sha256:5636397e81f19d979d97da5b51e6108a03b9c4cef0d043f866abc40a72d271b1"
        },
        {
          "name": "syft:location:0:path",
          "value": "/manager"
        },
        {
          "name": "syft:metadata:architecture",
          "value": "arm64"
        },
        {
          "name": "syft:metadata:goCompiledVersion",
          "value": "go1.23.3"
        },
        {
          "name": "syft:metadata:h1Digest",
          "value": "h1:kcBlZQbplgElYIlo/n1hJbls2z/1awpXxpRi0/FOJfg="
        }
      ]
    },
    {
      "bom-ref": "pkg:golang/github.com/fxamacker/cbor/v2@v2.7.0?package-id=d410b23c745f445a",
      "type": "library",
      "name": "github.com/fxamacker/cbor/v2",
      "version": "v2.7.0",
      "cpe": "cpe:2.3:a:fxamacker:cbor\\/v2:v2.7.0:*:*:*:*:*:*:*",
      "purl": "pkg:golang/github.com/fxamacker/cbor/v2@v2.7.0",
      "properties": [
        {
          "name": "syft:package:foundBy",
          "value": "go-module-binary-cataloger"
        },
        {
          "name": "syft:package:language",
          "value": "go"
        },
        {
          "name": "syft:package:metadataType",
          "value": "GolangBinMetadata"
        },
        {
          "name": "syft:package:type",
          "value": "go-module"
        },
        {
          "name": "syft:location:0:layerID",
          "value": "sha256:5636397e81f19d979d97da5b51e6108a03b9c4cef0d043f866abc40a72d271b1"
        },
        {
          "name": "syft:location:0:path",
          "value": "/manager"
        },
        {
          "name": "syft:metadata:architecture",
          "value": "arm64"
        },
        {
          "name": "syft:metadata:goCompiledVersion",
          "value": "go1.23.3"
        },
        {
          "name": "syft:metadata:h1Digest",
          "value": "h1:iM5WgngdRBanHcxugY4JySA0nk1wZorNOpTgCMedv5E="
        }
      ]
    },
    {
      "bom-ref": "pkg:golang/github.com/go-logr/logr@v1.4.2?package-id=dee9dcaedadc34dc",
      "type": "library",
      "name": "github.com/go-logr/logr",
      "version": "v1.4.2",
      "cpe": "cpe:2.3:a:go-logr:logr:v1.4.2:*:*:*:*:*:*:*",
      "purl": "pkg:golang/github.com/go-logr/logr@v1.4.2",
      "properties": [
        {
          "name": "syft:package:foundBy",
          "value": "go-module-binary-cataloger"
        },
        {
          "name": "syft:package:language",
          "value": "go"
        },
        {
          "name": "syft:package:metadataType",
          "value": "GolangBinMetadata"
        },
        {
          "name": "syft:package:type",
          "value": "go-module"
        },
        {
          "name": "syft:cpe23",
          "value": "cpe:2.3:a:go_logr:logr:v1.4.2:*:*:*:*:*:*:*"
        },
        {
          "name": "syft:cpe23",
          "value": "cpe:2.3:a:go:logr:v1.4.2:*:*:*:*:*:*:*"
        },
        {
          "name": "syft:location:0:layerID",
          "value": "sha256:5636397e81f19d979d97da5b51e6108a03b9c4cef0d043f866abc40a72d271b1"
        },
        {
          "name": "syft:location:0:path",
          "value": "/manager"
        },
        {
          "name": "syft:metadata:architecture",
          "value": "arm64"
        },
        {
          "name": "syft:metadata:goCompiledVersion",
          "value": "go1.23.3"
        },
        {
          "name": "syft:metadata:h1Digest",
          "value": "h1:6pFjapn8bFcIbiKo3XT4j/BhANplGihG6tvd+8rYgrY="
        }
      ]
    },
    {
      "bom-ref": "pkg:golang/github.com/go-logr/zapr@v1.3.0?package-id=506747ed0b325223",
      "type": "library",
      "name": "github.com/go-logr/zapr",
      "version": "v1.3.0",
      "cpe": "cpe:2.3:a:go-logr:zapr:v1.3.0:*:*:*:*:*:*:*",
      "purl": "pkg:golang/github.com/go-logr/zapr@v1.3.0",
      "properties": [
        {
          "name": "syft:package:foundBy",
          "value": "go-module-binary-cataloger"
        },
        {
          "name": "syft:package:language",
          "value": "go"
        },
        {
          "name": "syft:package:metadataType",
          "value": "GolangBinMetadata"
        },
        {
          "name": "syft:package:type",
          "value": "go-module"
        },
        {
          "name": "syft:cpe23",
          "value": "cpe:2.3:a:go_logr:zapr:v1.3.0:*:*:*:*:*:*:*"
        },
        {
          "name": "syft:cpe23",
          "value": "cpe:2.3:a:go:zapr:v1.3.0:*:*:*:*:*:*:*"
        },
        {
          "name": "syft:location:0:layerID",
          "value": "sha256:5636397e81f19d979d97da5b51e6108a03b9c4cef0d043f866abc40a72d271b1"
        },
        {
          "name": "syft:location:0:path",
          "value": "/manager"
        },
        {
          "name": "syft:metadata:architecture",
          "value": "arm64"
        },
        {
          "name": "syft:metadata:goCompiledVersion",
          "value": "go1.23.3"
        },
        {
          "name": "syft:metadata:h1Digest",
          "value": "h1:XGdV8XW8zdwFiwOA2Dryh1gj2KRQyOOoNmBy4EplIcQ="
        }
      ]
    },
    {
      "bom-ref": "pkg:golang/github.com/go-openapi/jsonpointer@v0.21.0?package-id=7b047ea703570c27",
      "type": "library",
      "name": "github.com/go-openapi/jsonpointer",
      "version": "v0.21.0",
      "cpe": "cpe:2.3:a:go-openapi:jsonpointer:v0.21.0:*:*:*:*:*:*:*",
      "purl": "pkg:golang/github.com/go-openapi/jsonpointer@v0.21.0",
      "properties": [
        {
          "name": "syft:package:foundBy",
          "value": "go-module-binary-cataloger"
        },
        {
          "name": "syft:package:language",
          "value": "go"
        },
        {
          "name": "syft:package:metadataType",
          "value": "GolangBinMetadata"
        },
        {
          "name": "syft:package:type",
          "value": "go-module"
        },
        {
          "name": "syft:cpe23",
          "value": "cpe:2.3:a:go_openapi:jsonpointer:v0.21.0:*:*:*:*:*:*:*"
        },
        {
          "name": "syft:cpe23",
          "value": "cpe:2.3:a:go:jsonpointer:v0.21.0:*:*:*:*:*:*:*"
        },
        {
          "name": "syft:location:0:layerID",
          "value": "sha256:5636397e81f19d979d97da5b51e6108a03b9c4cef0d043f866abc40a72d271b1"
        },
        {
          "name": "syft:location:0:path",
          "value": "/manager"
        },
        {
          "name": "syft:metadata:architecture",
          "value": "arm64"
        },
        {
          "name": "syft:metadata:goCompiledVersion",
          "value": "go1.23.3"
        },
        {
          "name": "syft:metadata:h1Digest",
          "value": "h1:YgdVicSA9vH5RiHs9TZW5oyafXZFc6+2Vc1rr/O9oNQ="
        }
      ]
    },
    {
      "bom-ref": "pkg:golang/github.com/go-openapi/jsonreference@v0.20.2?package-id=34de69f67b30d2d",
      "type": "library",
      "name": "github.com/go-openapi/jsonreference",
      "version": "v0.20.2",
      "cpe": "cpe:2.3:a:go-openapi:jsonreference:v0.20.2:*:*:*:*:*:*:*",
      "purl": "pkg:golang/github.com/go-openapi/jsonreference@v0.20.2",
      "properties": [
        {
          "name": "syft:package:foundBy",
          "value": "go-module-binary-cataloger"
        },
        {
          "name": "syft:package:language",
          "value": "go"
        },
        {
          "name": "syft:package:metadataType",
          "value": "GolangBinMetadata"
        },
        {
          "name": "syft:package:type",
          "value": "go-module"
        },
        {
          "name": "syft:cpe23",
          "value": "cpe:2.3:a:go_openapi:jsonreference:v0.20.2:*:*:*:*:*:*:*"
        },
        {
          "name": "syft:cpe23",
          "value": "cpe:2.3:a:go:jsonreference:v0.20.2:*:*:*:*:*:*:*"
        },
        {
          "name": "syft:location:0:layerID",
          "value": "sha256:5636397e81f19d979d97da5b51e6108a03b9c4cef0d043f866abc40a72d271b1"
        },
        {
          "name": "syft:location:0:path",
          "value": "/manager"
        },
        {
          "name": "syft:metadata:architecture",
          "value": "arm64"
        },
        {
          "name": "syft:metadata:goCompiledVersion",
          "value": "go1.23.3"
        },
        {
          "name": "syft:metadata:h1Digest",
          "value": "h1:3sVjiK66+uXK/6oQ8xgcRKcFgQ5KXa2KvnJRumpMGbE="
        }
      ]
    },
    {
      "bom-ref": "pkg:golang/github.com/go-openapi/swag@v0.23.0?package-id=bd2a455ae13a898a",
      "type": "library",
      "name": "github.com/go-openapi/swag",
      "version": "v0.23.0",
      "cpe": "cpe:2.3:a:go-openapi:swag:v0.23.0:*:*:*:*:*:*:*",
      "purl": "pkg:golang/github.com/go-openapi/swag@v0.23.0",
      "properties": [
        {
          "name": "syft:package:foundBy",
          "value": "go-module-binary-cataloger"
        },
        {
          "name": "syft:package:language",
          "value": "go"
        },
        {
          "name": "syft:package:metadataType",
          "value": "GolangBinMetadata"
        },
        {
          "name": "syft:package:type",
          "value": "go-module"
        },
        {
          "name": "syft:cpe23",
          "value": "cpe:2.3:a:go_openapi:swag:v0.23.0:*:*:*:*:*:*:*"
        },
        {
          "name": "syft:cpe23",
          "value": "cpe:2.3:a:go:swag:v0.23.0:*:*:*:*:*:*:*"
        },
        {
          "name": "syft:location:0:layerID",
          "value": "sha256:5636397e81f19d979d97da5b51e6108a03b9c4cef0d043f866abc40a72d271b1"
        },
        {
          "name": "syft:location:0:path",
          "value": "/manager"
        },
        {
          "name": "syft:metadata:architecture",
          "value": "arm64"
        },
        {
          "name": "syft:metadata:goCompiledVersion",
          "value": "go1.23.3"
        },
        {
          "name": "syft:metadata:h1Digest",
          "value": "h1:vsEVJDUo2hPJ2tu0/Xc+4noaxyEffXNIs3cOULZ+GrE="
        }
      ]
    },
    {
      "bom-ref": "pkg:golang/github.com/gogo/protobuf@v1.3.2?package-id=7ea16331f8d11af1",
      "type": "library",
      "name": "github.com/gogo/protobuf",
      "version": "v1.3.2",
      "cpe": "cpe:2.3:a:gogo:protobuf:v1.3.2:*:*:*:*:*:*:*",
      "purl": "pkg:golang/github.com/gogo/protobuf@v1.3.2",
      "properties": [
        {
          "name": "syft:package:foundBy",
          "value": "go-module-binary-cataloger"
        },
        {
          "name": "syft:package:language",
          "value": "go"
        },
        {
          "name": "syft:package:metadataType",
          "value": "GolangBinMetadata"
        },
        {
          "name": "syft:package:type",
          "value": "go-module"
        },
        {
          "name": "syft:location:0:layerID",
          "value": "sha256:5636397e81f19d979d97da5b51e6108a03b9c4cef0d043f866abc40a72d271b1"
        },
        {
          "name": "syft:location:0:path",
          "value": "/manager"
        },
        {
          "name": "syft:metadata:architecture",
          "value": "arm64"
        },
        {
          "name": "syft:metadata:goCompiledVersion",
          "value": "go1.23.3"
        },
        {
          "name": "syft:metadata:h1Digest",
          "value": "h1:Ov1cvc58UF3b5XjBnZv7+opcTcQFZebYjWzi34vdm4Q="
        }
      ]
    },
    {
      "bom-ref": "pkg:golang/github.com/golang/protobuf@v1.5.4?package-id=6d2389b752c25ba7",
      "type": "library",
      "name": "github.com/golang/protobuf",
      "version": "v1.5.4",
      "cpe": "cpe:2.3:a:golang:protobuf:v1.5.4:*:*:*:*:*:*:*",
      "purl": "pkg:golang/github.com/golang/protobuf@v1.5.4",
      "properties": [
        {
          "name": "syft:package:foundBy",
          "value": "go-module-binary-cataloger"
        },
        {
          "name": "syft:package:language",
          "value": "go"
        },
        {
          "name": "syft:package:metadataType",
          "value": "GolangBinMetadata"
        },
        {
          "name": "syft:package:type",
          "value": "go-module"
        },
        {
          "name": "syft:location:0:layerID",
          "value": "sha256:5636397e81f19d979d97da5b51e6108a03b9c4cef0d043f866abc40a72d271b1"
        },
        {
          "name": "syft:location:0:path",
          "value": "/manager"
        },
        {
          "name": "syft:metadata:architecture",
          "value": "arm64"
        },
        {
          "name": "syft:metadata:goCompiledVersion",
          "value": "go1.23.3"
        },
        {
          "name": "syft:metadata:h1Digest",
          "value": "h1:i7eJL8qZTpSEXOPTxNKhASYpMn+8e5Q6AdndVa1dWek="
        }
      ]
    },
    {
      "bom-ref": "pkg:golang/github.com/google/gnostic-models@v0.6.8?package-id=52514f43dcdd03a2",
      "type": "library",
      "name": "github.com/google/gnostic-models",
      "version": "v0.6.8",
      "cpe": "cpe:2.3:a:google:gnostic-models:v0.6.8:*:*:*:*:*:*:*",
      "purl": "pkg:golang/github.com/google/gnostic-models@v0.6.8",
      "properties": [
        {
          "name": "syft:package:foundBy",
          "value": "go-module-binary-cataloger"
        },
        {
          "name": "syft:package:language",
          "value": "go"
        },
        {
          "name": "syft:package:metadataType",
          "value": "GolangBinMetadata"
        },
        {
          "name": "syft:package:type",
          "value": "go-module"
        },
        {
          "name": "syft:cpe23",
          "value": "cpe:2.3:a:google:gnostic_models:v0.6.8:*:*:*:*:*:*:*"
        },
        {
          "name": "syft:location:0:layerID",
          "value": "sha256:5636397e81f19d979d97da5b51e6108a03b9c4cef0d043f866abc40a72d271b1"
        },
        {
          "name": "syft:location:0:path",
          "value": "/manager"
        },
        {
          "name": "syft:metadata:architecture",
          "value": "arm64"
        },
        {
          "name": "syft:metadata:goCompiledVersion",
          "value": "go1.23.3"
        },
        {
          "name": "syft:metadata:h1Digest",
          "value": "h1:yo/ABAfM5IMRsS1VnXjTBvUb61tFIHozhlYvRgGre9I="
        }
      ]
    },
    {
      "bom-ref": "pkg:golang/github.com/google/go-cmp@v0.6.0?package-id=70d6b846494bafcb",
      "type": "library",
      "name": "github.com/google/go-cmp",
      "version": "v0.6.0",
      "cpe": "cpe:2.3:a:google:go-cmp:v0.6.0:*:*:*:*:*:*:*",
      "purl": "pkg:golang/github.com/google/go-cmp@v0.6.0",
      "properties": [
        {
          "name": "syft:package:foundBy",
          "value": "go-module-binary-cataloger"
        },
        {
          "name": "syft:package:language",
          "value": "go"
        },
        {
          "name": "syft:package:metadataType",
          "value": "GolangBinMetadata"
        },
        {
          "name": "syft:package:type",
          "value": "go-module"
        },
        {
          "name": "syft:cpe23",
          "value": "cpe:2.3:a:google:go_cmp:v0.6.0:*:*:*:*:*:*:*"
        },
        {
          "name": "syft:location:0:layerID",
          "value": "sha256:5636397e81f19d979d97da5b51e6108a03b9c4cef0d043f866abc40a72d271b1"
        },
        {
          "name": "syft:location:0:path",
          "value": "/manager"
        },
        {
          "name": "syft:metadata:architecture",
          "value": "arm64"
        },
        {
          "name": "syft:metadata:goCompiledVersion",
          "value": "go1.23.3"
        },
        {
          "name": "syft:metadata:h1Digest",
          "value": "h1:ofyhxvXcZhMsU5ulbFiLKl/XBFqE1GSq7atu8tAmTRI="
        }
      ]
    },
    {
      "bom-ref": "pkg:golang/github.com/google/go-querystring@v1.1.0?package-id=39d9b38bef2eca05",
      "type": "library",
      "name": "github.com/google/go-querystring",
      "version": "v1.1.0",
      "cpe": "cpe:2.3:a:google:go-querystring:v1.1.0:*:*:*:*:*:*:*",
      "purl": "pkg:golang/github.com/google/go-querystring@v1.1.0",
      "properties": [
        {
          "name": "syft:package:foundBy",
          "value": "go-module-binary-cataloger"
        },
        {
          "name": "syft:package:language",
          "value": "go"
        },
        {
          "name": "syft:package:metadataType",
          "value": "GolangBinMetadata"
        },
        {
          "name": "syft:package:type",
          "value": "go-module"
        },
        {
          "name": "syft:cpe23",
          "value": "cpe:2.3:a:google:go_querystring:v1.1.0:*:*:*:*:*:*:*"
        },
        {
          "name": "syft:location:0:layerID",
          "value": "sha256:5636397e81f19d979d97da5b51e6108a03b9c4cef0d043f866abc40a72d271b1"
        },
        {
          "name": "syft:location:0:path",
          "value": "/manager"
        },
        {
          "name": "syft:metadata:architecture",
          "value": "arm64"
        },
        {
          "name": "syft:metadata:goCompiledVersion",
          "value": "go1.23.3"
        },
        {
          "name": "syft:metadata:h1Digest",
          "value": "h1:AnCroh3fv4ZBgVIf1Iwtovgjaw/GiKJo8M8yD/fhyJ8="
        }
      ]
    },
    {
      "bom-ref": "pkg:golang/github.com/google/gofuzz@v1.2.0?package-id=8ab2b76ec46a1e03",
      "type": "library",
      "name": "github.com/google/gofuzz",
      "version": "v1.2.0",
      "cpe": "cpe:2.3:a:google:gofuzz:v1.2.0:*:*:*:*:*:*:*",
      "purl": "pkg:golang/github.com/google/gofuzz@v1.2.0",
      "properties": [
        {
          "name": "syft:package:foundBy",
          "value": "go-module-binary-cataloger"
        },
        {
          "name": "syft:package:language",
          "value": "go"
        },
        {
          "name": "syft:package:metadataType",
          "value": "GolangBinMetadata"
        },
        {
          "name": "syft:package:type",
          "value": "go-module"
        },
        {
          "name": "syft:location:0:layerID",
          "value": "sha256:5636397e81f19d979d97da5b51e6108a03b9c4cef0d043f866abc40a72d271b1"
        },
        {
          "name": "syft:location:0:path",
          "value": "/manager"
        },
        {
          "name": "syft:metadata:architecture",
          "value": "arm64"
        },
        {
          "name": "syft:metadata:goCompiledVersion",
          "value": "go1.23.3"
        },
        {
          "name": "syft:metadata:h1Digest",
          "value": "h1:xRy4A+RhZaiKjJ1bPfwQ8sedCA+YS2YcCHW6ec7JMi0="
        }
      ]
    },
    {
      "bom-ref": "pkg:golang/github.com/google/uuid@v1.6.0?package-id=b11f4e810875b02d",
      "type": "library",
      "name": "github.com/google/uuid",
      "version": "v1.6.0",
      "cpe": "cpe:2.3:a:google:uuid:v1.6.0:*:*:*:*:*:*:*",
      "purl": "pkg:golang/github.com/google/uuid@v1.6.0",
      "properties": [
        {
          "name": "syft:package:foundBy",
          "value": "go-module-binary-cataloger"
        },
        {
          "name": "syft:package:language",
          "value": "go"
        },
        {
          "name": "syft:package:metadataType",
          "value": "GolangBinMetadata"
        },
        {
          "name": "syft:package:type",
          "value": "go-module"
        },
        {
          "name": "syft:location:0:layerID",
          "value": "sha256:5636397e81f19d979d97da5b51e6108a03b9c4cef0d043f866abc40a72d271b1"
        },
        {
          "name": "syft:location:0:path",
          "value": "/manager"
        },
        {
          "name": "syft:metadata:architecture",
          "value": "arm64"
        },
        {
          "name": "syft:metadata:goCompiledVersion",
          "value": "go1.23.3"
        },
        {
          "name": "syft:metadata:h1Digest",
          "value": "h1:NIvaJDMOsjHA8n1jAhLSgzrAzy1Hgr+hNrb57e+94F0="
        }
      ]
    },
    {
      "bom-ref": "pkg:golang/github.com/josharian/intern@v1.0.0?package-id=4ab013ed42fd9cdb",
      "type": "library",
      "name": "github.com/josharian/intern",
      "version": "v1.0.0",
      "cpe": "cpe:2.3:a:josharian:intern:v1.0.0:*:*:*:*:*:*:*",
      "purl": "pkg:golang/github.com/josharian/intern@v1.0.0",
      "properties": [
        {
          "name": "syft:package:foundBy",
          "value": "go-module-binary-cataloger"
        },
        {
          "name": "syft:package:language",
          "value": "go"
        },
        {
          "name": "syft:package:metadataType",
          "value": "GolangBinMetadata"
        },
        {
          "name": "syft:package:type",
          "value": "go-module"
        },
        {
          "name": "syft:location:0:layerID",
          "value": "sha256:5636397e81f19d979d97da5b51e6108a03b9c4cef0d043f866abc40a72d271b1"
        },
        {
          "name": "syft:location:0:path",
          "value": "/manager"
        },
        {
          "name": "syft:metadata:architecture",
          "value": "arm64"
        },
        {
          "name": "syft:metadata:goCompiledVersion",
          "value": "go1.23.3"
        },
        {
          "name": "syft:metadata:h1Digest",
          "value": "h1:vlS4z54oSdjm0bgjRigI+G1HpF+tI+9rE5LLzOg8HmY="
        }
      ]
    },
    {
      "bom-ref": "pkg:golang/github.com/json-iterator/go@v1.1.12?package-id=74e419bf5526ec3",
      "type": "library",
      "name": "github.com/json-iterator/go",
      "version": "v1.1.12",
      "cpe": "cpe:2.3:a:json-iterator:go:v1.1.12:*:*:*:*:*:*:*",
      "purl": "pkg:golang/github.com/json-iterator/go@v1.1.12",
      "properties": [
        {
          "name": "syft:package:foundBy",
          "value": "go-module-binary-cataloger"
        },
        {
          "name": "syft:package:language",
          "value": "go"
        },
        {
          "name": "syft:package:metadataType",
          "value": "GolangBinMetadata"
        },
        {
          "name": "syft:package:type",
          "value": "go-module"
        },
        {
          "name": "syft:cpe23",
          "value": "cpe:2.3:a:json_iterator:go:v1.1.12:*:*:*:*:*:*:*"
        },
        {
          "name": "syft:cpe23",
          "value": "cpe:2.3:a:json:go:v1.1.12:*:*:*:*:*:*:*"
        },
        {
          "name": "syft:location:0:layerID",
          "value": "sha256:5636397e81f19d979d97da5b51e6108a03b9c4cef0d043f866abc40a72d271b1"
        },
        {
          "name": "syft:location:0:path",
          "value": "/manager"
        },
        {
          "name": "syft:metadata:architecture",
          "value": "arm64"
        },
        {
          "name": "syft:metadata:goCompiledVersion",
          "value": "go1.23.3"
        },
        {
          "name": "syft:metadata:h1Digest",
          "value": "h1:PV8peI4a0ysnczrg+LtxykD8LfKY9ML6u2jnxaEnrnM="
        }
      ]
    },
    {
      "bom-ref": "pkg:golang/github.com/mailru/easyjson@v0.7.7?package-id=5bac6bb236dddccb",
      "type": "library",
      "name": "github.com/mailru/easyjson",
      "version": "v0.7.7",
      "cpe": "cpe:2.3:a:mailru:easyjson:v0.7.7:*:*:*:*:*:*:*",
      "purl": "pkg:golang/github.com/mailru/easyjson@v0.7.7",
      "properties": [
        {
          "name": "syft:package:foundBy",
          "value": "go-module-binary-cataloger"
        },
        {
          "name": "syft:package:language",
          "value": "go"
        },
        {
          "name": "syft:package:metadataType",
          "value": "GolangBinMetadata"
        },
        {
          "name": "syft:package:type",
          "value": "go-module"
        },
        {
          "name": "syft:location:0:layerID",
          "value": "sha256:5636397e81f19d979d97da5b51e6108a03b9c4cef0d043f866abc40a72d271b1"
        },
        {
          "name": "syft:location:0:path",
          "value": "/manager"
        },
        {
          "name": "syft:metadata:architecture",
          "value": "arm64"
        },
        {
          "name": "syft:metadata:goCompiledVersion",
          "value": "go1.23.3"
        },
        {
          "name": "syft:metadata:h1Digest",
          "value": "h1:UGYAvKxe3sBsEDzO8ZeWOSlIQfWFlxbzLZe7hwFURr0="
        }
      ]
    },
    {
      "bom-ref": "pkg:golang/github.com/modern-go/concurrent@v0.0.0-20180306012644-bacd9c7ef1dd?package-id=974be4ccd916f6c3",
      "type": "library",
      "name": "github.com/modern-go/concurrent",
      "version": "v0.0.0-20180306012644-bacd9c7ef1dd",
      "cpe": "cpe:2.3:a:modern-go:concurrent:v0.0.0-20180306012644-bacd9c7ef1dd:*:*:*:*:*:*:*",
      "purl": "pkg:golang/github.com/modern-go/concurrent@v0.0.0-20180306012644-bacd9c7ef1dd",
      "properties": [
        {
          "name": "syft:package:foundBy",
          "value": "go-module-binary-cataloger"
        },
        {
          "name": "syft:package:language",
          "value": "go"
        },
        {
          "name": "syft:package:metadataType",
          "value": "GolangBinMetadata"
        },
        {
          "name": "syft:package:type",
          "value": "go-module"
        },
        {
          "name": "syft:cpe23",
          "value": "cpe:2.3:a:modern_go:concurrent:v0.0.0-20180306012644-bacd9c7ef1dd:*:*:*:*:*:*:*"
        },
        {
          "name": "syft:cpe23",
          "value": "cpe:2.3:a:modern:concurrent:v0.0.0-20180306012644-bacd9c7ef1dd:*:*:*:*:*:*:*"
        },
        {
          "name": "syft:location:0:layerID",
          "value": "sha256:5636397e81f19d979d97da5b51e6108a03b9c4cef0d043f866abc40a72d271b1"
        },
        {
          "name": "syft:location:0:path",
          "value": "/manager"
        },
        {
          "name": "syft:metadata:architecture",
          "value": "arm64"
        },
        {
          "name": "syft:metadata:goCompiledVersion",
          "value": "go1.23.3"
        },
        {
          "name": "syft:metadata:h1Digest",
          "value": "h1:TRLaZ9cD/w8PVh93nsPXa1VrQ6jlwL5oN8l14QlcNfg="
        }
      ]
    },
    {
      "bom-ref": "pkg:golang/github.com/modern-go/reflect2@v1.0.2?package-id=c46a327cbf2d48fd",
      "type": "library",
      "name": "github.com/modern-go/reflect2",
      "version": "v1.0.2",
      "cpe": "cpe:2.3:a:modern-go:reflect2:v1.0.2:*:*:*:*:*:*:*",
      "purl": "pkg:golang/github.com/modern-go/reflect2@v1.0.2",
      "properties": [
        {
          "name": "syft:package:foundBy",
          "value": "go-module-binary-cataloger"
        },
        {
          "name": "syft:package:language",
          "value": "go"
        },
        {
          "name": "syft:package:metadataType",
          "value": "GolangBinMetadata"
        },
        {
          "name": "syft:package:type",
          "value": "go-module"
        },
        {
          "name": "syft:cpe23",
          "value": "cpe:2.3:a:modern_go:reflect2:v1.0.2:*:*:*:*:*:*:*"
        },
        {
          "name": "syft:cpe23",
          "value": "cpe:2.3:a:modern:reflect2:v1.0.2:*:*:*:*:*:*:*"
        },
        {
          "name": "syft:location:0:layerID",
          "value": "sha256:5636397e81f19d979d97da5b51e6108a03b9c4cef0d043f866abc40a72d271b1"
        },
        {
          "name": "syft:location:0:path",
          "value": "/manager"
        },
        {
          "name": "syft:metadata:architecture",
          "value": "arm64"
        },
        {
          "name": "syft:metadata:goCompiledVersion",
          "value": "go1.23.3"
        },
        {
          "name": "syft:metadata:h1Digest",
          "value": "h1:xBagoLtFs94CBntxluKeaWgTMpvLxC4ur3nMaC9Gz0M="
        }
      ]
    },
    {
      "bom-ref": "pkg:golang/github.com/mongodb-forks/digest@v1.1.0?package-id=f9de5d17f0708d48",
      "type": "library",
      "name": "github.com/mongodb-forks/digest",
      "version": "v1.1.0",
      "cpe": "cpe:2.3:a:mongodb-forks:digest:v1.1.0:*:*:*:*:*:*:*",
      "purl": "pkg:golang/github.com/mongodb-forks/digest@v1.1.0",
      "properties": [
        {
          "name": "syft:package:foundBy",
          "value": "go-module-binary-cataloger"
        },
        {
          "name": "syft:package:language",
          "value": "go"
        },
        {
          "name": "syft:package:metadataType",
          "value": "GolangBinMetadata"
        },
        {
          "name": "syft:package:type",
          "value": "go-module"
        },
        {
          "name": "syft:cpe23",
          "value": "cpe:2.3:a:mongodb_forks:digest:v1.1.0:*:*:*:*:*:*:*"
        },
        {
          "name": "syft:cpe23",
          "value": "cpe:2.3:a:mongodb:digest:v1.1.0:*:*:*:*:*:*:*"
        },
        {
          "name": "syft:location:0:layerID",
          "value": "sha256:5636397e81f19d979d97da5b51e6108a03b9c4cef0d043f866abc40a72d271b1"
        },
        {
          "name": "syft:location:0:path",
          "value": "/manager"
        },
        {
          "name": "syft:metadata:architecture",
          "value": "arm64"
        },
        {
          "name": "syft:metadata:goCompiledVersion",
          "value": "go1.23.3"
        },
        {
          "name": "syft:metadata:h1Digest",
          "value": "h1:7eUdsR1BtqLv0mdNm4OXs6ddWvR4X2/OsLwdKksrOoc="
        }
      ]
    },
    {
      "bom-ref": "pkg:golang/github.com/mongodb/mongodb-atlas-kubernetes/v2@(devel)?package-id=f35ba3000c00fd26",
      "type": "library",
      "name": "github.com/mongodb/mongodb-atlas-kubernetes/v2",
      "version": "(devel)",
      "cpe": "cpe:2.3:a:mongodb:mongodb-atlas-kubernetes\\/v2:\\(devel\\):*:*:*:*:*:*:*",
      "purl": "pkg:golang/github.com/mongodb/mongodb-atlas-kubernetes/v2@(devel)",
      "properties": [
        {
          "name": "syft:package:foundBy",
          "value": "go-module-binary-cataloger"
        },
        {
          "name": "syft:package:language",
          "value": "go"
        },
        {
          "name": "syft:package:metadataType",
          "value": "GolangBinMetadata"
        },
        {
          "name": "syft:package:type",
          "value": "go-module"
        },
        {
          "name": "syft:cpe23",
          "value": "cpe:2.3:a:mongodb:mongodb_atlas_kubernetes\\/v2:\\(devel\\):*:*:*:*:*:*:*"
        },
        {
          "name": "syft:location:0:layerID",
          "value": "sha256:5636397e81f19d979d97da5b51e6108a03b9c4cef0d043f866abc40a72d271b1"
        },
        {
          "name": "syft:location:0:path",
          "value": "/manager"
        },
        {
          "name": "syft:metadata:architecture",
          "value": "arm64"
        },
        {
          "name": "syft:metadata:goCompiledVersion",
          "value": "go1.23.3"
        }
      ]
    },
    {
      "bom-ref": "pkg:golang/github.com/munnerz/goautoneg@v0.0.0-20191010083416-a7dc8b61c822?package-id=daccc71924a2d812",
      "type": "library",
      "name": "github.com/munnerz/goautoneg",
      "version": "v0.0.0-20191010083416-a7dc8b61c822",
      "cpe": "cpe:2.3:a:munnerz:goautoneg:v0.0.0-20191010083416-a7dc8b61c822:*:*:*:*:*:*:*",
      "purl": "pkg:golang/github.com/munnerz/goautoneg@v0.0.0-20191010083416-a7dc8b61c822",
      "properties": [
        {
          "name": "syft:package:foundBy",
          "value": "go-module-binary-cataloger"
        },
        {
          "name": "syft:package:language",
          "value": "go"
        },
        {
          "name": "syft:package:metadataType",
          "value": "GolangBinMetadata"
        },
        {
          "name": "syft:package:type",
          "value": "go-module"
        },
        {
          "name": "syft:location:0:layerID",
          "value": "sha256:5636397e81f19d979d97da5b51e6108a03b9c4cef0d043f866abc40a72d271b1"
        },
        {
          "name": "syft:location:0:path",
          "value": "/manager"
        },
        {
          "name": "syft:metadata:architecture",
          "value": "arm64"
        },
        {
          "name": "syft:metadata:goCompiledVersion",
          "value": "go1.23.3"
        },
        {
          "name": "syft:metadata:h1Digest",
          "value": "h1:C3w9PqII01/Oq1c1nUAm88MOHcQC9l5mIlSMApZMrHA="
        }
      ]
    },
    {
      "bom-ref": "pkg:golang/github.com/nsf/jsondiff@v0.0.0-20230430225905-43f6cf3098c1?package-id=decba91d6cd72f31",
      "type": "library",
      "name": "github.com/nsf/jsondiff",
      "version": "v0.0.0-20230430225905-43f6cf3098c1",
      "cpe": "cpe:2.3:a:nsf:jsondiff:v0.0.0-20230430225905-43f6cf3098c1:*:*:*:*:*:*:*",
      "purl": "pkg:golang/github.com/nsf/jsondiff@v0.0.0-20230430225905-43f6cf3098c1",
      "properties": [
        {
          "name": "syft:package:foundBy",
          "value": "go-module-binary-cataloger"
        },
        {
          "name": "syft:package:language",
          "value": "go"
        },
        {
          "name": "syft:package:metadataType",
          "value": "GolangBinMetadata"
        },
        {
          "name": "syft:package:type",
          "value": "go-module"
        },
        {
          "name": "syft:location:0:layerID",
          "value": "sha256:5636397e81f19d979d97da5b51e6108a03b9c4cef0d043f866abc40a72d271b1"
        },
        {
          "name": "syft:location:0:path",
          "value": "/manager"
        },
        {
          "name": "syft:metadata:architecture",
          "value": "arm64"
        },
        {
          "name": "syft:metadata:goCompiledVersion",
          "value": "go1.23.3"
        },
        {
          "name": "syft:metadata:h1Digest",
          "value": "h1:dOYG7LS/WK00RWZc8XGgcUTlTxpp3mKhdR2Q9z9HbXM="
        }
      ]
    },
    {
      "bom-ref": "pkg:golang/github.com/pkg/errors@v0.9.1?package-id=67c603c839f4efa0",
      "type": "library",
      "name": "github.com/pkg/errors",
      "version": "v0.9.1",
      "cpe": "cpe:2.3:a:pkg:errors:v0.9.1:*:*:*:*:*:*:*",
      "purl": "pkg:golang/github.com/pkg/errors@v0.9.1",
      "properties": [
        {
          "name": "syft:package:foundBy",
          "value": "go-module-binary-cataloger"
        },
        {
          "name": "syft:package:language",
          "value": "go"
        },
        {
          "name": "syft:package:metadataType",
          "value": "GolangBinMetadata"
        },
        {
          "name": "syft:package:type",
          "value": "go-module"
        },
        {
          "name": "syft:location:0:layerID",
          "value": "sha256:5636397e81f19d979d97da5b51e6108a03b9c4cef0d043f866abc40a72d271b1"
        },
        {
          "name": "syft:location:0:path",
          "value": "/manager"
        },
        {
          "name": "syft:metadata:architecture",
          "value": "arm64"
        },
        {
          "name": "syft:metadata:goCompiledVersion",
          "value": "go1.23.3"
        },
        {
          "name": "syft:metadata:h1Digest",
          "value": "h1:FEBLx1zS214owpjy7qsBeixbURkuhQAwrK5UwLGTwt4="
        }
      ]
    },
    {
      "bom-ref": "pkg:golang/github.com/prometheus/client_golang@v1.19.1?package-id=d5d2d7b888e238f5",
      "type": "library",
      "name": "github.com/prometheus/client_golang",
      "version": "v1.19.1",
      "cpe": "cpe:2.3:a:prometheus:client-golang:v1.19.1:*:*:*:*:*:*:*",
      "purl": "pkg:golang/github.com/prometheus/client_golang@v1.19.1",
      "properties": [
        {
          "name": "syft:package:foundBy",
          "value": "go-module-binary-cataloger"
        },
        {
          "name": "syft:package:language",
          "value": "go"
        },
        {
          "name": "syft:package:metadataType",
          "value": "GolangBinMetadata"
        },
        {
          "name": "syft:package:type",
          "value": "go-module"
        },
        {
          "name": "syft:cpe23",
          "value": "cpe:2.3:a:prometheus:client_golang:v1.19.1:*:*:*:*:*:*:*"
        },
        {
          "name": "syft:location:0:layerID",
          "value": "sha256:5636397e81f19d979d97da5b51e6108a03b9c4cef0d043f866abc40a72d271b1"
        },
        {
          "name": "syft:location:0:path",
          "value": "/manager"
        },
        {
          "name": "syft:metadata:architecture",
          "value": "arm64"
        },
        {
          "name": "syft:metadata:goCompiledVersion",
          "value": "go1.23.3"
        },
        {
          "name": "syft:metadata:h1Digest",
          "value": "h1:wZWJDwK+NameRJuPGDhlnFgx8e8HN3XHQeLaYJFJBOE="
        }
      ]
    },
    {
      "bom-ref": "pkg:golang/github.com/prometheus/client_model@v0.6.1?package-id=47af0cdc4f72d85b",
      "type": "library",
      "name": "github.com/prometheus/client_model",
      "version": "v0.6.1",
      "cpe": "cpe:2.3:a:prometheus:client-model:v0.6.1:*:*:*:*:*:*:*",
      "purl": "pkg:golang/github.com/prometheus/client_model@v0.6.1",
      "properties": [
        {
          "name": "syft:package:foundBy",
          "value": "go-module-binary-cataloger"
        },
        {
          "name": "syft:package:language",
          "value": "go"
        },
        {
          "name": "syft:package:metadataType",
          "value": "GolangBinMetadata"
        },
        {
          "name": "syft:package:type",
          "value": "go-module"
        },
        {
          "name": "syft:cpe23",
          "value": "cpe:2.3:a:prometheus:client_model:v0.6.1:*:*:*:*:*:*:*"
        },
        {
          "name": "syft:location:0:layerID",
          "value": "sha256:5636397e81f19d979d97da5b51e6108a03b9c4cef0d043f866abc40a72d271b1"
        },
        {
          "name": "syft:location:0:path",
          "value": "/manager"
        },
        {
          "name": "syft:metadata:architecture",
          "value": "arm64"
        },
        {
          "name": "syft:metadata:goCompiledVersion",
          "value": "go1.23.3"
        },
        {
          "name": "syft:metadata:h1Digest",
          "value": "h1:ZKSh/rekM+n3CeS952MLRAdFwIKqeY8b62p8ais2e9E="
        }
      ]
    },
    {
      "bom-ref": "pkg:golang/github.com/prometheus/common@v0.55.0?package-id=d6161433860de049",
      "type": "library",
      "name": "github.com/prometheus/common",
      "version": "v0.55.0",
      "cpe": "cpe:2.3:a:prometheus:common:v0.55.0:*:*:*:*:*:*:*",
      "purl": "pkg:golang/github.com/prometheus/common@v0.55.0",
      "properties": [
        {
          "name": "syft:package:foundBy",
          "value": "go-module-binary-cataloger"
        },
        {
          "name": "syft:package:language",
          "value": "go"
        },
        {
          "name": "syft:package:metadataType",
          "value": "GolangBinMetadata"
        },
        {
          "name": "syft:package:type",
          "value": "go-module"
        },
        {
          "name": "syft:location:0:layerID",
          "value": "sha256:5636397e81f19d979d97da5b51e6108a03b9c4cef0d043f866abc40a72d271b1"
        },
        {
          "name": "syft:location:0:path",
          "value": "/manager"
        },
        {
          "name": "syft:metadata:architecture",
          "value": "arm64"
        },
        {
          "name": "syft:metadata:goCompiledVersion",
          "value": "go1.23.3"
        },
        {
          "name": "syft:metadata:h1Digest",
          "value": "h1:KEi6DK7lXW/m7Ig5i47x0vRzuBsHuvJdi5ee6Y3G1dc="
        }
      ]
    },
    {
      "bom-ref": "pkg:golang/github.com/prometheus/procfs@v0.15.1?package-id=a80cc495f29cc26c",
      "type": "library",
      "name": "github.com/prometheus/procfs",
      "version": "v0.15.1",
      "cpe": "cpe:2.3:a:prometheus:procfs:v0.15.1:*:*:*:*:*:*:*",
      "purl": "pkg:golang/github.com/prometheus/procfs@v0.15.1",
      "properties": [
        {
          "name": "syft:package:foundBy",
          "value": "go-module-binary-cataloger"
        },
        {
          "name": "syft:package:language",
          "value": "go"
        },
        {
          "name": "syft:package:metadataType",
          "value": "GolangBinMetadata"
        },
        {
          "name": "syft:package:type",
          "value": "go-module"
        },
        {
          "name": "syft:location:0:layerID",
          "value": "sha256:5636397e81f19d979d97da5b51e6108a03b9c4cef0d043f866abc40a72d271b1"
        },
        {
          "name": "syft:location:0:path",
          "value": "/manager"
        },
        {
          "name": "syft:metadata:architecture",
          "value": "arm64"
        },
        {
          "name": "syft:metadata:goCompiledVersion",
          "value": "go1.23.3"
        },
        {
          "name": "syft:metadata:h1Digest",
          "value": "h1:YagwOFzUgYfKKHX6Dr+sHT7km/hxC76UB0learggepc="
        }
      ]
    },
    {
      "bom-ref": "pkg:golang/github.com/spf13/pflag@v1.0.5?package-id=86a0550a36ac6594",
      "type": "library",
      "name": "github.com/spf13/pflag",
      "version": "v1.0.5",
      "cpe": "cpe:2.3:a:spf13:pflag:v1.0.5:*:*:*:*:*:*:*",
      "purl": "pkg:golang/github.com/spf13/pflag@v1.0.5",
      "properties": [
        {
          "name": "syft:package:foundBy",
          "value": "go-module-binary-cataloger"
        },
        {
          "name": "syft:package:language",
          "value": "go"
        },
        {
          "name": "syft:package:metadataType",
          "value": "GolangBinMetadata"
        },
        {
          "name": "syft:package:type",
          "value": "go-module"
        },
        {
          "name": "syft:location:0:layerID",
          "value": "sha256:5636397e81f19d979d97da5b51e6108a03b9c4cef0d043f866abc40a72d271b1"
        },
        {
          "name": "syft:location:0:path",
          "value": "/manager"
        },
        {
          "name": "syft:metadata:architecture",
          "value": "arm64"
        },
        {
          "name": "syft:metadata:goCompiledVersion",
          "value": "go1.23.3"
        },
        {
          "name": "syft:metadata:h1Digest",
          "value": "h1:iy+VFUOCP1a+8yFto/drg2CJ5u0yRoB7fZw3DKv/JXA="
        }
      ]
    },
    {
      "bom-ref": "pkg:golang/github.com/x448/float16@v0.8.4?package-id=c9a03fd0f2606484",
      "type": "library",
      "name": "github.com/x448/float16",
      "version": "v0.8.4",
      "cpe": "cpe:2.3:a:x448:float16:v0.8.4:*:*:*:*:*:*:*",
      "purl": "pkg:golang/github.com/x448/float16@v0.8.4",
      "properties": [
        {
          "name": "syft:package:foundBy",
          "value": "go-module-binary-cataloger"
        },
        {
          "name": "syft:package:language",
          "value": "go"
        },
        {
          "name": "syft:package:metadataType",
          "value": "GolangBinMetadata"
        },
        {
          "name": "syft:package:type",
          "value": "go-module"
        },
        {
          "name": "syft:location:0:layerID",
          "value": "sha256:5636397e81f19d979d97da5b51e6108a03b9c4cef0d043f866abc40a72d271b1"
        },
        {
          "name": "syft:location:0:path",
          "value": "/manager"
        },
        {
          "name": "syft:metadata:architecture",
          "value": "arm64"
        },
        {
          "name": "syft:metadata:goCompiledVersion",
          "value": "go1.23.3"
        },
        {
          "name": "syft:metadata:h1Digest",
          "value": "h1:qLwI1I70+NjRFUR3zs1JPUCgaCXSh3SW62uAKT1mSBM="
        }
      ]
    },
    {
      "bom-ref": "pkg:golang/go.mongodb.org/atlas@v0.37.0?package-id=7aa7e4b6536ca2b9",
      "type": "library",
      "name": "go.mongodb.org/atlas",
      "version": "v0.37.0",
      "purl": "pkg:golang/go.mongodb.org/atlas@v0.37.0",
      "properties": [
        {
          "name": "syft:package:foundBy",
          "value": "go-module-binary-cataloger"
        },
        {
          "name": "syft:package:language",
          "value": "go"
        },
        {
          "name": "syft:package:metadataType",
          "value": "GolangBinMetadata"
        },
        {
          "name": "syft:package:type",
          "value": "go-module"
        },
        {
          "name": "syft:location:0:layerID",
          "value": "sha256:5636397e81f19d979d97da5b51e6108a03b9c4cef0d043f866abc40a72d271b1"
        },
        {
          "name": "syft:location:0:path",
          "value": "/manager"
        },
        {
          "name": "syft:metadata:architecture",
          "value": "arm64"
        },
        {
          "name": "syft:metadata:goCompiledVersion",
          "value": "go1.23.3"
        },
        {
          "name": "syft:metadata:h1Digest",
          "value": "h1:zQnO1o5+bVP9IotpAYpres4UjMD2F4nwNEFTZhNL4ck="
        }
      ]
    },
    {
      "bom-ref": "pkg:golang/go.mongodb.org/atlas-sdk/v20231115008@v20231115008.5.0?package-id=724d87ce68e03b60",
      "type": "library",
      "name": "go.mongodb.org/atlas-sdk/v20231115008",
      "version": "v20231115008.5.0",
      "cpe": "cpe:2.3:a:atlas-sdk:v20231115008:v20231115008.5.0:*:*:*:*:*:*:*",
      "purl": "pkg:golang/go.mongodb.org/atlas-sdk/v20231115008@v20231115008.5.0",
      "properties": [
        {
          "name": "syft:package:foundBy",
          "value": "go-module-binary-cataloger"
        },
        {
          "name": "syft:package:language",
          "value": "go"
        },
        {
          "name": "syft:package:metadataType",
          "value": "GolangBinMetadata"
        },
        {
          "name": "syft:package:type",
          "value": "go-module"
        },
        {
          "name": "syft:cpe23",
          "value": "cpe:2.3:a:atlas_sdk:v20231115008:v20231115008.5.0:*:*:*:*:*:*:*"
        },
        {
          "name": "syft:cpe23",
          "value": "cpe:2.3:a:atlas:v20231115008:v20231115008.5.0:*:*:*:*:*:*:*"
        },
        {
          "name": "syft:location:0:layerID",
          "value": "sha256:5636397e81f19d979d97da5b51e6108a03b9c4cef0d043f866abc40a72d271b1"
        },
        {
          "name": "syft:location:0:path",
          "value": "/manager"
        },
        {
          "name": "syft:metadata:architecture",
          "value": "arm64"
        },
        {
          "name": "syft:metadata:goCompiledVersion",
          "value": "go1.23.3"
        },
        {
          "name": "syft:metadata:h1Digest",
          "value": "h1:OuV1HfIpZUZa4+BKvtrvDlNqnilkCkdHspuZok6KAbM="
        }
      ]
    },
    {
      "bom-ref": "pkg:golang/go.mongodb.org/atlas-sdk/v20241113001@v20241113001.0.0?package-id=92ac2e73d61301e2",
      "type": "library",
      "name": "go.mongodb.org/atlas-sdk/v20241113001",
      "version": "v20241113001.0.0",
      "cpe": "cpe:2.3:a:atlas-sdk:v20241113001:v20241113001.0.0:*:*:*:*:*:*:*",
      "purl": "pkg:golang/go.mongodb.org/atlas-sdk/v20241113001@v20241113001.0.0",
      "properties": [
        {
          "name": "syft:package:foundBy",
          "value": "go-module-binary-cataloger"
        },
        {
          "name": "syft:package:language",
          "value": "go"
        },
        {
          "name": "syft:package:metadataType",
          "value": "GolangBinMetadata"
        },
        {
          "name": "syft:package:type",
          "value": "go-module"
        },
        {
          "name": "syft:cpe23",
          "value": "cpe:2.3:a:atlas_sdk:v20241113001:v20241113001.0.0:*:*:*:*:*:*:*"
        },
        {
          "name": "syft:cpe23",
          "value": "cpe:2.3:a:atlas:v20241113001:v20241113001.0.0:*:*:*:*:*:*:*"
        },
        {
          "name": "syft:location:0:layerID",
          "value": "sha256:5636397e81f19d979d97da5b51e6108a03b9c4cef0d043f866abc40a72d271b1"
        },
        {
          "name": "syft:location:0:path",
          "value": "/manager"
        },
        {
          "name": "syft:metadata:architecture",
          "value": "arm64"
        },
        {
          "name": "syft:metadata:goCompiledVersion",
          "value": "go1.23.3"
        },
        {
          "name": "syft:metadata:h1Digest",
          "value": "h1:G3UZcWwWziGUuaILWp/Gc+jLm1tfu7OUhUOpMWVZSWc="
        }
      ]
    },
    {
      "bom-ref": "pkg:golang/go.uber.org/multierr@v1.11.0?package-id=ff8396463b5b993e",
      "type": "library",
      "name": "go.uber.org/multierr",
      "version": "v1.11.0",
      "purl": "pkg:golang/go.uber.org/multierr@v1.11.0",
      "properties": [
        {
          "name": "syft:package:foundBy",
          "value": "go-module-binary-cataloger"
        },
        {
          "name": "syft:package:language",
          "value": "go"
        },
        {
          "name": "syft:package:metadataType",
          "value": "GolangBinMetadata"
        },
        {
          "name": "syft:package:type",
          "value": "go-module"
        },
        {
          "name": "syft:location:0:layerID",
          "value": "sha256:5636397e81f19d979d97da5b51e6108a03b9c4cef0d043f866abc40a72d271b1"
        },
        {
          "name": "syft:location:0:path",
          "value": "/manager"
        },
        {
          "name": "syft:metadata:architecture",
          "value": "arm64"
        },
        {
          "name": "syft:metadata:goCompiledVersion",
          "value": "go1.23.3"
        },
        {
          "name": "syft:metadata:h1Digest",
          "value": "h1:blXXJkSxSSfBVBlC76pxqeO+LN3aDfLQo+309xJstO0="
        }
      ]
    },
    {
      "bom-ref": "pkg:golang/go.uber.org/zap@v1.27.0?package-id=3d869e189c48440b",
      "type": "library",
      "name": "go.uber.org/zap",
      "version": "v1.27.0",
      "purl": "pkg:golang/go.uber.org/zap@v1.27.0",
      "properties": [
        {
          "name": "syft:package:foundBy",
          "value": "go-module-binary-cataloger"
        },
        {
          "name": "syft:package:language",
          "value": "go"
        },
        {
          "name": "syft:package:metadataType",
          "value": "GolangBinMetadata"
        },
        {
          "name": "syft:package:type",
          "value": "go-module"
        },
        {
          "name": "syft:location:0:layerID",
          "value": "sha256:5636397e81f19d979d97da5b51e6108a03b9c4cef0d043f866abc40a72d271b1"
        },
        {
          "name": "syft:location:0:path",
          "value": "/manager"
        },
        {
          "name": "syft:metadata:architecture",
          "value": "arm64"
        },
        {
          "name": "syft:metadata:goCompiledVersion",
          "value": "go1.23.3"
        },
        {
          "name": "syft:metadata:h1Digest",
          "value": "h1:aJMhYGrd5QSmlpLMr2MftRKl7t8J8PTZPA732ud/XR8="
        }
      ]
    },
    {
      "bom-ref": "pkg:golang/golang.org/x/exp@v0.0.0-20240719175910-8a7402abbf56?package-id=e508bda8091728ed",
      "type": "library",
      "name": "golang.org/x/exp",
      "version": "v0.0.0-20240719175910-8a7402abbf56",
      "cpe": "cpe:2.3:a:golang:x\\/exp:v0.0.0-20240719175910-8a7402abbf56:*:*:*:*:*:*:*",
      "purl": "pkg:golang/golang.org/x/exp@v0.0.0-20240719175910-8a7402abbf56",
      "properties": [
        {
          "name": "syft:package:foundBy",
          "value": "go-module-binary-cataloger"
        },
        {
          "name": "syft:package:language",
          "value": "go"
        },
        {
          "name": "syft:package:metadataType",
          "value": "GolangBinMetadata"
        },
        {
          "name": "syft:package:type",
          "value": "go-module"
        },
        {
          "name": "syft:location:0:layerID",
          "value": "sha256:5636397e81f19d979d97da5b51e6108a03b9c4cef0d043f866abc40a72d271b1"
        },
        {
          "name": "syft:location:0:path",
          "value": "/manager"
        },
        {
          "name": "syft:metadata:architecture",
          "value": "arm64"
        },
        {
          "name": "syft:metadata:goCompiledVersion",
          "value": "go1.23.3"
        },
        {
          "name": "syft:metadata:h1Digest",
          "value": "h1:2dVuKD2vS7b0QIHQbpyTISPd0LeHDbnYEryqj5Q1ug8="
        }
      ]
    },
    {
      "bom-ref": "pkg:golang/golang.org/x/net@v0.32.0?package-id=9e03619b59ae4d38",
      "type": "library",
      "name": "golang.org/x/net",
      "version": "v0.32.0",
      "cpe": "cpe:2.3:a:golang:x\\/net:v0.32.0:*:*:*:*:*:*:*",
      "purl": "pkg:golang/golang.org/x/net@v0.32.0",
      "properties": [
        {
          "name": "syft:package:foundBy",
          "value": "go-module-binary-cataloger"
        },
        {
          "name": "syft:package:language",
          "value": "go"
        },
        {
          "name": "syft:package:metadataType",
          "value": "GolangBinMetadata"
        },
        {
          "name": "syft:package:type",
          "value": "go-module"
        },
        {
          "name": "syft:location:0:layerID",
          "value": "sha256:5636397e81f19d979d97da5b51e6108a03b9c4cef0d043f866abc40a72d271b1"
        },
        {
          "name": "syft:location:0:path",
          "value": "/manager"
        },
        {
          "name": "syft:metadata:architecture",
          "value": "arm64"
        },
        {
          "name": "syft:metadata:goCompiledVersion",
          "value": "go1.23.3"
        },
        {
          "name": "syft:metadata:h1Digest",
          "value": "h1:ZqPmj8Kzc+Y6e0+skZsuACbx+wzMgo5MQsJh9Qd6aYI="
        }
      ]
    },
    {
      "bom-ref": "pkg:golang/golang.org/x/oauth2@v0.24.0?package-id=d80df5202670fc4f",
      "type": "library",
      "name": "golang.org/x/oauth2",
      "version": "v0.24.0",
      "cpe": "cpe:2.3:a:golang:x\\/oauth2:v0.24.0:*:*:*:*:*:*:*",
      "purl": "pkg:golang/golang.org/x/oauth2@v0.24.0",
      "properties": [
        {
          "name": "syft:package:foundBy",
          "value": "go-module-binary-cataloger"
        },
        {
          "name": "syft:package:language",
          "value": "go"
        },
        {
          "name": "syft:package:metadataType",
          "value": "GolangBinMetadata"
        },
        {
          "name": "syft:package:type",
          "value": "go-module"
        },
        {
          "name": "syft:location:0:layerID",
          "value": "sha256:5636397e81f19d979d97da5b51e6108a03b9c4cef0d043f866abc40a72d271b1"
        },
        {
          "name": "syft:location:0:path",
          "value": "/manager"
        },
        {
          "name": "syft:metadata:architecture",
          "value": "arm64"
        },
        {
          "name": "syft:metadata:goCompiledVersion",
          "value": "go1.23.3"
        },
        {
          "name": "syft:metadata:h1Digest",
          "value": "h1:KTBBxWqUa0ykRPLtV69rRto9TLXcqYkeswu48x/gvNE="
        }
      ]
    },
    {
      "bom-ref": "pkg:golang/golang.org/x/sync@v0.10.0?package-id=df18fd66dd113087",
      "type": "library",
      "name": "golang.org/x/sync",
      "version": "v0.10.0",
      "cpe": "cpe:2.3:a:golang:x\\/sync:v0.10.0:*:*:*:*:*:*:*",
      "purl": "pkg:golang/golang.org/x/sync@v0.10.0",
      "properties": [
        {
          "name": "syft:package:foundBy",
          "value": "go-module-binary-cataloger"
        },
        {
          "name": "syft:package:language",
          "value": "go"
        },
        {
          "name": "syft:package:metadataType",
          "value": "GolangBinMetadata"
        },
        {
          "name": "syft:package:type",
          "value": "go-module"
        },
        {
          "name": "syft:location:0:layerID",
          "value": "sha256:5636397e81f19d979d97da5b51e6108a03b9c4cef0d043f866abc40a72d271b1"
        },
        {
          "name": "syft:location:0:path",
          "value": "/manager"
        },
        {
          "name": "syft:metadata:architecture",
          "value": "arm64"
        },
        {
          "name": "syft:metadata:goCompiledVersion",
          "value": "go1.23.3"
        },
        {
          "name": "syft:metadata:h1Digest",
          "value": "h1:3NQrjDixjgGwUOCaF8w2+VYHv0Ve/vGYSbdkTa98gmQ="
        }
      ]
    },
    {
      "bom-ref": "pkg:golang/golang.org/x/sys@v0.28.0?package-id=3e59cd3b0b11ced4",
      "type": "library",
      "name": "golang.org/x/sys",
      "version": "v0.28.0",
      "cpe": "cpe:2.3:a:golang:x\\/sys:v0.28.0:*:*:*:*:*:*:*",
      "purl": "pkg:golang/golang.org/x/sys@v0.28.0",
      "properties": [
        {
          "name": "syft:package:foundBy",
          "value": "go-module-binary-cataloger"
        },
        {
          "name": "syft:package:language",
          "value": "go"
        },
        {
          "name": "syft:package:metadataType",
          "value": "GolangBinMetadata"
        },
        {
          "name": "syft:package:type",
          "value": "go-module"
        },
        {
          "name": "syft:location:0:layerID",
          "value": "sha256:5636397e81f19d979d97da5b51e6108a03b9c4cef0d043f866abc40a72d271b1"
        },
        {
          "name": "syft:location:0:path",
          "value": "/manager"
        },
        {
          "name": "syft:metadata:architecture",
          "value": "arm64"
        },
        {
          "name": "syft:metadata:goCompiledVersion",
          "value": "go1.23.3"
        },
        {
          "name": "syft:metadata:h1Digest",
          "value": "h1:Fksou7UEQUWlKvIdsqzJmUmCX3cZuD2+P3XyyzwMhlA="
        }
      ]
    },
    {
      "bom-ref": "pkg:golang/golang.org/x/term@v0.27.0?package-id=12365555ba5623e3",
      "type": "library",
      "name": "golang.org/x/term",
      "version": "v0.27.0",
      "cpe": "cpe:2.3:a:golang:x\\/term:v0.27.0:*:*:*:*:*:*:*",
      "purl": "pkg:golang/golang.org/x/term@v0.27.0",
      "properties": [
        {
          "name": "syft:package:foundBy",
          "value": "go-module-binary-cataloger"
        },
        {
          "name": "syft:package:language",
          "value": "go"
        },
        {
          "name": "syft:package:metadataType",
          "value": "GolangBinMetadata"
        },
        {
          "name": "syft:package:type",
          "value": "go-module"
        },
        {
          "name": "syft:location:0:layerID",
          "value": "sha256:5636397e81f19d979d97da5b51e6108a03b9c4cef0d043f866abc40a72d271b1"
        },
        {
          "name": "syft:location:0:path",
          "value": "/manager"
        },
        {
          "name": "syft:metadata:architecture",
          "value": "arm64"
        },
        {
          "name": "syft:metadata:goCompiledVersion",
          "value": "go1.23.3"
        },
        {
          "name": "syft:metadata:h1Digest",
          "value": "h1:WP60Sv1nlK1T6SupCHbXzSaN0b9wUmsPoRS9b61A23Q="
        }
      ]
    },
    {
      "bom-ref": "pkg:golang/golang.org/x/text@v0.21.0?package-id=c35d07ede169c04b",
      "type": "library",
      "name": "golang.org/x/text",
      "version": "v0.21.0",
      "cpe": "cpe:2.3:a:golang:x\\/text:v0.21.0:*:*:*:*:*:*:*",
      "purl": "pkg:golang/golang.org/x/text@v0.21.0",
      "properties": [
        {
          "name": "syft:package:foundBy",
          "value": "go-module-binary-cataloger"
        },
        {
          "name": "syft:package:language",
          "value": "go"
        },
        {
          "name": "syft:package:metadataType",
          "value": "GolangBinMetadata"
        },
        {
          "name": "syft:package:type",
          "value": "go-module"
        },
        {
          "name": "syft:location:0:layerID",
          "value": "sha256:5636397e81f19d979d97da5b51e6108a03b9c4cef0d043f866abc40a72d271b1"
        },
        {
          "name": "syft:location:0:path",
          "value": "/manager"
        },
        {
          "name": "syft:metadata:architecture",
          "value": "arm64"
        },
        {
          "name": "syft:metadata:goCompiledVersion",
          "value": "go1.23.3"
        },
        {
          "name": "syft:metadata:h1Digest",
          "value": "h1:zyQAAkrwaneQ066sspRyJaG9VNi/YJ1NfzcGB3hZ/qo="
        }
      ]
    },
    {
      "bom-ref": "pkg:golang/golang.org/x/time@v0.8.0?package-id=d2af6b123ecc60d9",
      "type": "library",
      "name": "golang.org/x/time",
      "version": "v0.8.0",
      "cpe": "cpe:2.3:a:golang:x\\/time:v0.8.0:*:*:*:*:*:*:*",
      "purl": "pkg:golang/golang.org/x/time@v0.8.0",
      "properties": [
        {
          "name": "syft:package:foundBy",
          "value": "go-module-binary-cataloger"
        },
        {
          "name": "syft:package:language",
          "value": "go"
        },
        {
          "name": "syft:package:metadataType",
          "value": "GolangBinMetadata"
        },
        {
          "name": "syft:package:type",
          "value": "go-module"
        },
        {
          "name": "syft:location:0:layerID",
          "value": "sha256:5636397e81f19d979d97da5b51e6108a03b9c4cef0d043f866abc40a72d271b1"
        },
        {
          "name": "syft:location:0:path",
          "value": "/manager"
        },
        {
          "name": "syft:metadata:architecture",
          "value": "arm64"
        },
        {
          "name": "syft:metadata:goCompiledVersion",
          "value": "go1.23.3"
        },
        {
          "name": "syft:metadata:h1Digest",
          "value": "h1:9i3RxcPv3PZnitoVGMPDKZSq1xW1gK1Xy3ArNOGZfEg="
        }
      ]
    },
    {
      "bom-ref": "pkg:golang/gomodules.xyz/jsonpatch/v2@v2.4.0?package-id=d20ca3430e76cca7",
      "type": "library",
      "name": "gomodules.xyz/jsonpatch/v2",
      "version": "v2.4.0",
      "cpe": "cpe:2.3:a:jsonpatch:v2:v2.4.0:*:*:*:*:*:*:*",
      "purl": "pkg:golang/gomodules.xyz/jsonpatch/v2@v2.4.0",
      "properties": [
        {
          "name": "syft:package:foundBy",
          "value": "go-module-binary-cataloger"
        },
        {
          "name": "syft:package:language",
          "value": "go"
        },
        {
          "name": "syft:package:metadataType",
          "value": "GolangBinMetadata"
        },
        {
          "name": "syft:package:type",
          "value": "go-module"
        },
        {
          "name": "syft:location:0:layerID",
          "value": "sha256:5636397e81f19d979d97da5b51e6108a03b9c4cef0d043f866abc40a72d271b1"
        },
        {
          "name": "syft:location:0:path",
          "value": "/manager"
        },
        {
          "name": "syft:metadata:architecture",
          "value": "arm64"
        },
        {
          "name": "syft:metadata:goCompiledVersion",
          "value": "go1.23.3"
        },
        {
          "name": "syft:metadata:h1Digest",
          "value": "h1:Ci3iUJyx9UeRx7CeFN8ARgGbkESwJK+KB9lLcWxY/Zw="
        }
      ]
    },
    {
      "bom-ref": "pkg:golang/google.golang.org/protobuf@v1.35.2?package-id=88af7ee4d1f50fba",
      "type": "library",
      "name": "google.golang.org/protobuf",
      "version": "v1.35.2",
      "cpe": "cpe:2.3:a:google:protobuf:v1.35.2:*:*:*:*:*:*:*",
      "purl": "pkg:golang/google.golang.org/protobuf@v1.35.2",
      "properties": [
        {
          "name": "syft:package:foundBy",
          "value": "go-module-binary-cataloger"
        },
        {
          "name": "syft:package:language",
          "value": "go"
        },
        {
          "name": "syft:package:metadataType",
          "value": "GolangBinMetadata"
        },
        {
          "name": "syft:package:type",
          "value": "go-module"
        },
        {
          "name": "syft:location:0:layerID",
          "value": "sha256:5636397e81f19d979d97da5b51e6108a03b9c4cef0d043f866abc40a72d271b1"
        },
        {
          "name": "syft:location:0:path",
          "value": "/manager"
        },
        {
          "name": "syft:metadata:architecture",
          "value": "arm64"
        },
        {
          "name": "syft:metadata:goCompiledVersion",
          "value": "go1.23.3"
        },
        {
          "name": "syft:metadata:h1Digest",
          "value": "h1:8Ar7bF+apOIoThw1EdZl0p1oWvMqTHmpA2fRTyZO8io="
        }
      ]
    },
    {
      "bom-ref": "pkg:golang/gopkg.in/evanphx/json-patch.v4@v4.12.0?package-id=6501964edb56ea6e",
      "type": "library",
      "name": "gopkg.in/evanphx/json-patch.v4",
      "version": "v4.12.0",
      "purl": "pkg:golang/gopkg.in/evanphx/json-patch.v4@v4.12.0",
      "properties": [
        {
          "name": "syft:package:foundBy",
          "value": "go-module-binary-cataloger"
        },
        {
          "name": "syft:package:language",
          "value": "go"
        },
        {
          "name": "syft:package:metadataType",
          "value": "GolangBinMetadata"
        },
        {
          "name": "syft:package:type",
          "value": "go-module"
        },
        {
          "name": "syft:location:0:layerID",
          "value": "sha256:5636397e81f19d979d97da5b51e6108a03b9c4cef0d043f866abc40a72d271b1"
        },
        {
          "name": "syft:location:0:path",
          "value": "/manager"
        },
        {
          "name": "syft:metadata:architecture",
          "value": "arm64"
        },
        {
          "name": "syft:metadata:goCompiledVersion",
          "value": "go1.23.3"
        },
        {
          "name": "syft:metadata:h1Digest",
          "value": "h1:n6jtcsulIzXPJaxegRbvFNNrZDjbij7ny3gmSPG+6V4="
        }
      ]
    },
    {
      "bom-ref": "pkg:golang/gopkg.in/inf.v0@v0.9.1?package-id=183055b7c1d9394b",
      "type": "library",
      "name": "gopkg.in/inf.v0",
      "version": "v0.9.1",
      "purl": "pkg:golang/gopkg.in/inf.v0@v0.9.1",
      "properties": [
        {
          "name": "syft:package:foundBy",
          "value": "go-module-binary-cataloger"
        },
        {
          "name": "syft:package:language",
          "value": "go"
        },
        {
          "name": "syft:package:metadataType",
          "value": "GolangBinMetadata"
        },
        {
          "name": "syft:package:type",
          "value": "go-module"
        },
        {
          "name": "syft:location:0:layerID",
          "value": "sha256:5636397e81f19d979d97da5b51e6108a03b9c4cef0d043f866abc40a72d271b1"
        },
        {
          "name": "syft:location:0:path",
          "value": "/manager"
        },
        {
          "name": "syft:metadata:architecture",
          "value": "arm64"
        },
        {
          "name": "syft:metadata:goCompiledVersion",
          "value": "go1.23.3"
        },
        {
          "name": "syft:metadata:h1Digest",
          "value": "h1:73M5CoZyi3ZLMOyDlQh031Cx6N9NDJ2Vvfl76EDAgDc="
        }
      ]
    },
    {
      "bom-ref": "pkg:golang/gopkg.in/yaml.v3@v3.0.1?package-id=ab314538eae5eee1",
      "type": "library",
      "name": "gopkg.in/yaml.v3",
      "version": "v3.0.1",
      "purl": "pkg:golang/gopkg.in/yaml.v3@v3.0.1",
      "properties": [
        {
          "name": "syft:package:foundBy",
          "value": "go-module-binary-cataloger"
        },
        {
          "name": "syft:package:language",
          "value": "go"
        },
        {
          "name": "syft:package:metadataType",
          "value": "GolangBinMetadata"
        },
        {
          "name": "syft:package:type",
          "value": "go-module"
        },
        {
          "name": "syft:location:0:layerID",
          "value": "sha256:5636397e81f19d979d97da5b51e6108a03b9c4cef0d043f866abc40a72d271b1"
        },
        {
          "name": "syft:location:0:path",
          "value": "/manager"
        },
        {
          "name": "syft:metadata:architecture",
          "value": "arm64"
        },
        {
          "name": "syft:metadata:goCompiledVersion",
          "value": "go1.23.3"
        },
        {
          "name": "syft:metadata:h1Digest",
          "value": "h1:fxVm/GzAzEWqLHuvctI91KS9hhNmmWOoWu0XTYJS7CA="
        }
      ]
    },
    {
      "bom-ref": "pkg:golang/k8s.io/api@v0.32.0?package-id=de4c8160af8b8bb3",
      "type": "library",
      "name": "k8s.io/api",
      "version": "v0.32.0",
      "purl": "pkg:golang/k8s.io/api@v0.32.0",
      "properties": [
        {
          "name": "syft:package:foundBy",
          "value": "go-module-binary-cataloger"
        },
        {
          "name": "syft:package:language",
          "value": "go"
        },
        {
          "name": "syft:package:metadataType",
          "value": "GolangBinMetadata"
        },
        {
          "name": "syft:package:type",
          "value": "go-module"
        },
        {
          "name": "syft:location:0:layerID",
          "value": "sha256:5636397e81f19d979d97da5b51e6108a03b9c4cef0d043f866abc40a72d271b1"
        },
        {
          "name": "syft:location:0:path",
          "value": "/manager"
        },
        {
          "name": "syft:metadata:architecture",
          "value": "arm64"
        },
        {
          "name": "syft:metadata:goCompiledVersion",
          "value": "go1.23.3"
        },
        {
          "name": "syft:metadata:h1Digest",
          "value": "h1:OL9JpbvAU5ny9ga2fb24X8H6xQlVp+aJMFlgtQjR9CE="
        }
      ]
    },
    {
      "bom-ref": "pkg:golang/k8s.io/apiextensions-apiserver@v0.32.0?package-id=e6652b92ccbe1ba1",
      "type": "library",
      "name": "k8s.io/apiextensions-apiserver",
      "version": "v0.32.0",
      "purl": "pkg:golang/k8s.io/apiextensions-apiserver@v0.32.0",
      "properties": [
        {
          "name": "syft:package:foundBy",
          "value": "go-module-binary-cataloger"
        },
        {
          "name": "syft:package:language",
          "value": "go"
        },
        {
          "name": "syft:package:metadataType",
          "value": "GolangBinMetadata"
        },
        {
          "name": "syft:package:type",
          "value": "go-module"
        },
        {
          "name": "syft:location:0:layerID",
          "value": "sha256:5636397e81f19d979d97da5b51e6108a03b9c4cef0d043f866abc40a72d271b1"
        },
        {
          "name": "syft:location:0:path",
          "value": "/manager"
        },
        {
          "name": "syft:metadata:architecture",
          "value": "arm64"
        },
        {
          "name": "syft:metadata:goCompiledVersion",
          "value": "go1.23.3"
        },
        {
          "name": "syft:metadata:h1Digest",
          "value": "h1:S0Xlqt51qzzqjKPxfgX1xh4HBZE+p8KKBq+k2SWNOE0="
        }
      ]
    },
    {
      "bom-ref": "pkg:golang/k8s.io/apimachinery@v0.32.0?package-id=2c7a3f2ad62d854b",
      "type": "library",
      "name": "k8s.io/apimachinery",
      "version": "v0.32.0",
      "purl": "pkg:golang/k8s.io/apimachinery@v0.32.0",
      "properties": [
        {
          "name": "syft:package:foundBy",
          "value": "go-module-binary-cataloger"
        },
        {
          "name": "syft:package:language",
          "value": "go"
        },
        {
          "name": "syft:package:metadataType",
          "value": "GolangBinMetadata"
        },
        {
          "name": "syft:package:type",
          "value": "go-module"
        },
        {
          "name": "syft:location:0:layerID",
          "value": "sha256:5636397e81f19d979d97da5b51e6108a03b9c4cef0d043f866abc40a72d271b1"
        },
        {
          "name": "syft:location:0:path",
          "value": "/manager"
        },
        {
          "name": "syft:metadata:architecture",
          "value": "arm64"
        },
        {
          "name": "syft:metadata:goCompiledVersion",
          "value": "go1.23.3"
        },
        {
          "name": "syft:metadata:h1Digest",
          "value": "h1:cFSE7N3rmEEtv4ei5X6DaJPHHX0C+upp+v5lVPiEwpg="
        }
      ]
    },
    {
      "bom-ref": "pkg:golang/k8s.io/client-go@v0.32.0?package-id=a794a808c6b24dcf",
      "type": "library",
      "name": "k8s.io/client-go",
      "version": "v0.32.0",
      "purl": "pkg:golang/k8s.io/client-go@v0.32.0",
      "properties": [
        {
          "name": "syft:package:foundBy",
          "value": "go-module-binary-cataloger"
        },
        {
          "name": "syft:package:language",
          "value": "go"
        },
        {
          "name": "syft:package:metadataType",
          "value": "GolangBinMetadata"
        },
        {
          "name": "syft:package:type",
          "value": "go-module"
        },
        {
          "name": "syft:location:0:layerID",
          "value": "sha256:5636397e81f19d979d97da5b51e6108a03b9c4cef0d043f866abc40a72d271b1"
        },
        {
          "name": "syft:location:0:path",
          "value": "/manager"
        },
        {
          "name": "syft:metadata:architecture",
          "value": "arm64"
        },
        {
          "name": "syft:metadata:goCompiledVersion",
          "value": "go1.23.3"
        },
        {
          "name": "syft:metadata:h1Digest",
          "value": "h1:DimtMcnN/JIKZcrSrstiwvvZvLjG0aSxy8PxN8IChp8="
        }
      ]
    },
    {
      "bom-ref": "pkg:golang/k8s.io/klog/v2@v2.130.1?package-id=c0a1f6aa09bbd323",
      "type": "library",
      "name": "k8s.io/klog/v2",
      "version": "v2.130.1",
      "cpe": "cpe:2.3:a:klog:v2:v2.130.1:*:*:*:*:*:*:*",
      "purl": "pkg:golang/k8s.io/klog/v2@v2.130.1",
      "properties": [
        {
          "name": "syft:package:foundBy",
          "value": "go-module-binary-cataloger"
        },
        {
          "name": "syft:package:language",
          "value": "go"
        },
        {
          "name": "syft:package:metadataType",
          "value": "GolangBinMetadata"
        },
        {
          "name": "syft:package:type",
          "value": "go-module"
        },
        {
          "name": "syft:location:0:layerID",
          "value": "sha256:5636397e81f19d979d97da5b51e6108a03b9c4cef0d043f866abc40a72d271b1"
        },
        {
          "name": "syft:location:0:path",
          "value": "/manager"
        },
        {
          "name": "syft:metadata:architecture",
          "value": "arm64"
        },
        {
          "name": "syft:metadata:goCompiledVersion",
          "value": "go1.23.3"
        },
        {
          "name": "syft:metadata:h1Digest",
          "value": "h1:n9Xl7H1Xvksem4KFG4PYbdQCQxqc/tTUyrgXaOhHSzk="
        }
      ]
    },
    {
      "bom-ref": "pkg:golang/k8s.io/kube-openapi@v0.0.0-20241105132330-32ad38e42d3f?package-id=59928e3f2c6b1f36",
      "type": "library",
      "name": "k8s.io/kube-openapi",
      "version": "v0.0.0-20241105132330-32ad38e42d3f",
      "purl": "pkg:golang/k8s.io/kube-openapi@v0.0.0-20241105132330-32ad38e42d3f",
      "properties": [
        {
          "name": "syft:package:foundBy",
          "value": "go-module-binary-cataloger"
        },
        {
          "name": "syft:package:language",
          "value": "go"
        },
        {
          "name": "syft:package:metadataType",
          "value": "GolangBinMetadata"
        },
        {
          "name": "syft:package:type",
          "value": "go-module"
        },
        {
          "name": "syft:location:0:layerID",
          "value": "sha256:5636397e81f19d979d97da5b51e6108a03b9c4cef0d043f866abc40a72d271b1"
        },
        {
          "name": "syft:location:0:path",
          "value": "/manager"
        },
        {
          "name": "syft:metadata:architecture",
          "value": "arm64"
        },
        {
          "name": "syft:metadata:goCompiledVersion",
          "value": "go1.23.3"
        },
        {
          "name": "syft:metadata:h1Digest",
          "value": "h1:GA7//TjRY9yWGy1poLzYYJJ4JRdzg3+O6e8I+e+8T5Y="
        }
      ]
    },
    {
      "bom-ref": "pkg:golang/k8s.io/utils@v0.0.0-20241104100929-3ea5e8cea738?package-id=acd1657043aa7f4f",
      "type": "library",
      "name": "k8s.io/utils",
      "version": "v0.0.0-20241104100929-3ea5e8cea738",
      "purl": "pkg:golang/k8s.io/utils@v0.0.0-20241104100929-3ea5e8cea738",
      "properties": [
        {
          "name": "syft:package:foundBy",
          "value": "go-module-binary-cataloger"
        },
        {
          "name": "syft:package:language",
          "value": "go"
        },
        {
          "name": "syft:package:metadataType",
          "value": "GolangBinMetadata"
        },
        {
          "name": "syft:package:type",
          "value": "go-module"
        },
        {
          "name": "syft:location:0:layerID",
          "value": "sha256:5636397e81f19d979d97da5b51e6108a03b9c4cef0d043f866abc40a72d271b1"
        },
        {
          "name": "syft:location:0:path",
          "value": "/manager"
        },
        {
          "name": "syft:metadata:architecture",
          "value": "arm64"
        },
        {
          "name": "syft:metadata:goCompiledVersion",
          "value": "go1.23.3"
        },
        {
          "name": "syft:metadata:h1Digest",
          "value": "h1:M3sRQVHv7vB20Xc2ybTt7ODCeFj6JSWYFzOFnYeS6Ro="
        }
      ]
    },
    {
      "bom-ref": "pkg:golang/sigs.k8s.io/controller-runtime@v0.19.3?package-id=a0b685d9519efc2d",
      "type": "library",
      "name": "sigs.k8s.io/controller-runtime",
      "version": "v0.19.3",
      "purl": "pkg:golang/sigs.k8s.io/controller-runtime@v0.19.3",
      "properties": [
        {
          "name": "syft:package:foundBy",
          "value": "go-module-binary-cataloger"
        },
        {
          "name": "syft:package:language",
          "value": "go"
        },
        {
          "name": "syft:package:metadataType",
          "value": "GolangBinMetadata"
        },
        {
          "name": "syft:package:type",
          "value": "go-module"
        },
        {
          "name": "syft:location:0:layerID",
          "value": "sha256:5636397e81f19d979d97da5b51e6108a03b9c4cef0d043f866abc40a72d271b1"
        },
        {
          "name": "syft:location:0:path",
          "value": "/manager"
        },
        {
          "name": "syft:metadata:architecture",
          "value": "arm64"
        },
        {
          "name": "syft:metadata:goCompiledVersion",
          "value": "go1.23.3"
        },
        {
          "name": "syft:metadata:h1Digest",
          "value": "h1:XO2GvC9OPftRst6xWCpTgBZO04S2cbp0Qqkj8bX1sPw="
        }
      ]
    },
    {
      "bom-ref": "pkg:golang/sigs.k8s.io/json@v0.0.0-20241010143419-9aa6b5e7a4b3?package-id=e2bd521a48a5d25",
      "type": "library",
      "name": "sigs.k8s.io/json",
      "version": "v0.0.0-20241010143419-9aa6b5e7a4b3",
      "purl": "pkg:golang/sigs.k8s.io/json@v0.0.0-20241010143419-9aa6b5e7a4b3",
      "properties": [
        {
          "name": "syft:package:foundBy",
          "value": "go-module-binary-cataloger"
        },
        {
          "name": "syft:package:language",
          "value": "go"
        },
        {
          "name": "syft:package:metadataType",
          "value": "GolangBinMetadata"
        },
        {
          "name": "syft:package:type",
          "value": "go-module"
        },
        {
          "name": "syft:location:0:layerID",
          "value": "sha256:5636397e81f19d979d97da5b51e6108a03b9c4cef0d043f866abc40a72d271b1"
        },
        {
          "name": "syft:location:0:path",
          "value": "/manager"
        },
        {
          "name": "syft:metadata:architecture",
          "value": "arm64"
        },
        {
          "name": "syft:metadata:goCompiledVersion",
          "value": "go1.23.3"
        },
        {
          "name": "syft:metadata:h1Digest",
          "value": "h1:/Rv+M11QRah1itp8VhT6HoVx1Ray9eB4DBr+K+/sCJ8="
        }
      ]
    },
    {
      "bom-ref": "pkg:golang/sigs.k8s.io/structured-merge-diff/v4@v4.4.2?package-id=c86de88bbf5a161b",
      "type": "library",
      "name": "sigs.k8s.io/structured-merge-diff/v4",
      "version": "v4.4.2",
      "cpe": "cpe:2.3:a:structured-merge-diff:v4:v4.4.2:*:*:*:*:*:*:*",
      "purl": "pkg:golang/sigs.k8s.io/structured-merge-diff/v4@v4.4.2",
      "properties": [
        {
          "name": "syft:package:foundBy",
          "value": "go-module-binary-cataloger"
        },
        {
          "name": "syft:package:language",
          "value": "go"
        },
        {
          "name": "syft:package:metadataType",
          "value": "GolangBinMetadata"
        },
        {
          "name": "syft:package:type",
          "value": "go-module"
        },
        {
          "name": "syft:cpe23",
          "value": "cpe:2.3:a:structured_merge_diff:v4:v4.4.2:*:*:*:*:*:*:*"
        },
        {
          "name": "syft:cpe23",
          "value": "cpe:2.3:a:structured-merge:v4:v4.4.2:*:*:*:*:*:*:*"
        },
        {
          "name": "syft:cpe23",
          "value": "cpe:2.3:a:structured_merge:v4:v4.4.2:*:*:*:*:*:*:*"
        },
        {
          "name": "syft:cpe23",
          "value": "cpe:2.3:a:structured:v4:v4.4.2:*:*:*:*:*:*:*"
        },
        {
          "name": "syft:location:0:layerID",
          "value": "sha256:5636397e81f19d979d97da5b51e6108a03b9c4cef0d043f866abc40a72d271b1"
        },
        {
          "name": "syft:location:0:path",
          "value": "/manager"
        },
        {
          "name": "syft:metadata:architecture",
          "value": "arm64"
        },
        {
          "name": "syft:metadata:goCompiledVersion",
          "value": "go1.23.3"
        },
        {
          "name": "syft:metadata:h1Digest",
          "value": "h1:MdmvkGuXi/8io6ixD5wud3vOLwc1rj0aNqRlpuvjmwA="
        }
      ]
    },
    {
      "bom-ref": "pkg:golang/sigs.k8s.io/yaml@v1.4.0?package-id=f93f091e6b4df06c",
      "type": "library",
      "name": "sigs.k8s.io/yaml",
      "version": "v1.4.0",
      "purl": "pkg:golang/sigs.k8s.io/yaml@v1.4.0",
      "properties": [
        {
          "name": "syft:package:foundBy",
          "value": "go-module-binary-cataloger"
        },
        {
          "name": "syft:package:language",
          "value": "go"
        },
        {
          "name": "syft:package:metadataType",
          "value": "GolangBinMetadata"
        },
        {
          "name": "syft:package:type",
          "value": "go-module"
        },
        {
          "name": "syft:location:0:layerID",
          "value": "sha256:5636397e81f19d979d97da5b51e6108a03b9c4cef0d043f866abc40a72d271b1"
        },
        {
          "name": "syft:location:0:path",
          "value": "/manager"
        },
        {
          "name": "syft:metadata:architecture",
          "value": "arm64"
        },
        {
          "name": "syft:metadata:goCompiledVersion",
          "value": "go1.23.3"
        },
        {
          "name": "syft:metadata:h1Digest",
          "value": "h1:Mk1wCc2gy/F0THH0TAp1QYyJNzRm2KCLy3o5ASXVI5E="
        }
      ]
    },
    {
      "type": "operating-system",
      "name": "rhel",
      "version": "9.5",
      "description": "Red Hat Enterprise Linux 9.5 (Plow)",
      "cpe": "cpe:/o:redhat:enterprise_linux:9::baseos",
      "swid": {
        "tagId": "rhel",
        "name": "rhel",
        "version": "9.5"
      },
      "externalReferences": [
        {
          "url": "https://issues.redhat.com/",
          "type": "issue-tracker"
        },
        {
          "url": "https://www.redhat.com/",
          "type": "website"
        }
      ],
      "properties": [
        {
          "name": "syft:distro:id",
          "value": "rhel"
        },
        {
          "name": "syft:distro:idLike:0",
          "value": "fedora"
        },
        {
          "name": "syft:distro:prettyName",
          "value": "Red Hat Enterprise Linux 9.5 (Plow)"
        },
        {
          "name": "syft:distro:versionID",
          "value": "9.5"
        }
      ]
    }
  ]
}
