{
  "bomFormat": "CycloneDX",
  "specVersion": "1.4",
  "serialNumber": "urn:uuid:61e5e9ff-d571-4713-b6b0-311bc0a82c2b",
  "version": 1,
  "metadata": {
    "timestamp": "2025-01-09T15:56:42Z",
    "tools": [
      {
        "vendor": "anchore",
        "name": "syft",
        "version": "v0.46.3"
      }
    ],
    "component": {
      "bom-ref": "7bb55d76a18635d9",
      "type": "container",
      "name": "mongodb/mongodb-atlas-kubernetes-operator:2.6.1@sha256:af8713ce9ccf38800b67ab7ae2bf2ca6d904be8bf7714e33c540a06392fe3e0d",
      "version": "sha256:1e9ad13bc1a40120dabfe00c98eccae0dec8bb49dcdf5cbee1009e3e56570581"
    }
  },
  "components": [
    {
      "bom-ref": "pkg:golang/github.com/masterminds/semver@v1.5.0?package-id=833803f2e93a0822",
      "type": "library",
      "name": "github.com/Masterminds/semver",
      "version": "v1.5.0",
      "cpe": "cpe:2.3:a:Masterminds:semver:v1.5.0:*:*:*:*:*:*:*",
      "purl": "pkg:golang/github.com/Masterminds/semver@v1.5.0",
      "properties": [
        {
          "name": "syft:package:foundBy",
          "value": "go-module-binary-cataloger"
        },
        {
          "name": "syft:package:language",
          "value": "go"
        },
        {
          "name": "syft:package:metadataType",
          "value": "GolangBinMetadata"
        },
        {
          "name": "syft:package:type",
          "value": "go-module"
        },
        {
          "name": "syft:location:0:layerID",
          "value": "sha256:3e40f9622b645246f3733a14d0517fe945005ffc9ae213df611db407f989a9fb"
        },
        {
          "name": "syft:location:0:path",
          "value": "/manager"
        },
        {
          "name": "syft:metadata:architecture",
          "value": "amd64"
        },
        {
          "name": "syft:metadata:goCompiledVersion",
          "value": "go1.23.4"
        },
        {
          "name": "syft:metadata:h1Digest",
          "value": "h1:H65muMkzWKEuNDnfl9d70GUjFniHKHRbFPGBuZ3QEww="
        }
      ]
    },
    {
      "bom-ref": "pkg:golang/github.com/beorn7/perks@v1.0.1?package-id=a1c82619a75f8ef6",
      "type": "library",
      "name": "github.com/beorn7/perks",
      "version": "v1.0.1",
      "cpe": "cpe:2.3:a:beorn7:perks:v1.0.1:*:*:*:*:*:*:*",
      "purl": "pkg:golang/github.com/beorn7/perks@v1.0.1",
      "properties": [
        {
          "name": "syft:package:foundBy",
          "value": "go-module-binary-cataloger"
        },
        {
          "name": "syft:package:language",
          "value": "go"
        },
        {
          "name": "syft:package:metadataType",
          "value": "GolangBinMetadata"
        },
        {
          "name": "syft:package:type",
          "value": "go-module"
        },
        {
          "name": "syft:location:0:layerID",
          "value": "sha256:3e40f9622b645246f3733a14d0517fe945005ffc9ae213df611db407f989a9fb"
        },
        {
          "name": "syft:location:0:path",
          "value": "/manager"
        },
        {
          "name": "syft:metadata:architecture",
          "value": "amd64"
        },
        {
          "name": "syft:metadata:goCompiledVersion",
          "value": "go1.23.4"
        },
        {
          "name": "syft:metadata:h1Digest",
          "value": "h1:VlbKKnNfV8bJzeqoa4cOKqO6bYr3WgKZxO8Z16+hsOM="
        }
      ]
    },
    {
      "bom-ref": "pkg:golang/github.com/cespare/xxhash/v2@v2.3.0?package-id=ee12596b88ca103c",
      "type": "library",
      "name": "github.com/cespare/xxhash/v2",
      "version": "v2.3.0",
      "cpe": "cpe:2.3:a:cespare:xxhash\\/v2:v2.3.0:*:*:*:*:*:*:*",
      "purl": "pkg:golang/github.com/cespare/xxhash/v2@v2.3.0",
      "properties": [
        {
          "name": "syft:package:foundBy",
          "value": "go-module-binary-cataloger"
        },
        {
          "name": "syft:package:language",
          "value": "go"
        },
        {
          "name": "syft:package:metadataType",
          "value": "GolangBinMetadata"
        },
        {
          "name": "syft:package:type",
          "value": "go-module"
        },
        {
          "name": "syft:location:0:layerID",
          "value": "sha256:3e40f9622b645246f3733a14d0517fe945005ffc9ae213df611db407f989a9fb"
        },
        {
          "name": "syft:location:0:path",
          "value": "/manager"
        },
        {
          "name": "syft:metadata:architecture",
          "value": "amd64"
        },
        {
          "name": "syft:metadata:goCompiledVersion",
          "value": "go1.23.4"
        },
        {
          "name": "syft:metadata:h1Digest",
          "value": "h1:UL815xU9SqsFlibzuggzjXhog7bL6oX9BbNZnL2UFvs="
        }
      ]
    },
    {
      "bom-ref": "pkg:golang/github.com/davecgh/go-spew@v1.1.2-0.20180830191138-d8f796af33cc?package-id=e4a59b12535820a",
      "type": "library",
      "name": "github.com/davecgh/go-spew",
      "version": "v1.1.2-0.20180830191138-d8f796af33cc",
      "cpe": "cpe:2.3:a:davecgh:go-spew:v1.1.2-0.20180830191138-d8f796af33cc:*:*:*:*:*:*:*",
      "purl": "pkg:golang/github.com/davecgh/go-spew@v1.1.2-0.20180830191138-d8f796af33cc",
      "properties": [
        {
          "name": "syft:package:foundBy",
          "value": "go-module-binary-cataloger"
        },
        {
          "name": "syft:package:language",
          "value": "go"
        },
        {
          "name": "syft:package:metadataType",
          "value": "GolangBinMetadata"
        },
        {
          "name": "syft:package:type",
          "value": "go-module"
        },
        {
          "name": "syft:cpe23",
          "value": "cpe:2.3:a:davecgh:go_spew:v1.1.2-0.20180830191138-d8f796af33cc:*:*:*:*:*:*:*"
        },
        {
          "name": "syft:location:0:layerID",
          "value": "sha256:3e40f9622b645246f3733a14d0517fe945005ffc9ae213df611db407f989a9fb"
        },
        {
          "name": "syft:location:0:path",
          "value": "/manager"
        },
        {
          "name": "syft:metadata:architecture",
          "value": "amd64"
        },
        {
          "name": "syft:metadata:goCompiledVersion",
          "value": "go1.23.4"
        },
        {
          "name": "syft:metadata:h1Digest",
          "value": "h1:U9qPSI2PIWSS1VwoXQT9A3Wy9MM3WgvqSxFWenqJduM="
        }
      ]
    },
    {
      "bom-ref": "pkg:golang/github.com/emicklei/go-restful/v3@v3.11.0?package-id=85e130dff87d0a02",
      "type": "library",
      "name": "github.com/emicklei/go-restful/v3",
      "version": "v3.11.0",
      "cpe": "cpe:2.3:a:emicklei:go-restful\\/v3:v3.11.0:*:*:*:*:*:*:*",
      "purl": "pkg:golang/github.com/emicklei/go-restful/v3@v3.11.0",
      "properties": [
        {
          "name": "syft:package:foundBy",
          "value": "go-module-binary-cataloger"
        },
        {
          "name": "syft:package:language",
          "value": "go"
        },
        {
          "name": "syft:package:metadataType",
          "value": "GolangBinMetadata"
        },
        {
          "name": "syft:package:type",
          "value": "go-module"
        },
        {
          "name": "syft:cpe23",
          "value": "cpe:2.3:a:emicklei:go_restful\\/v3:v3.11.0:*:*:*:*:*:*:*"
        },
        {
          "name": "syft:location:0:layerID",
          "value": "sha256:3e40f9622b645246f3733a14d0517fe945005ffc9ae213df611db407f989a9fb"
        },
        {
          "name": "syft:location:0:path",
          "value": "/manager"
        },
        {
          "name": "syft:metadata:architecture",
          "value": "amd64"
        },
        {
          "name": "syft:metadata:goCompiledVersion",
          "value": "go1.23.4"
        },
        {
          "name": "syft:metadata:h1Digest",
          "value": "h1:rAQeMHw1c7zTmncogyy8VvRZwtkmkZ4FxERmMY4rD+g="
        }
      ]
    },
    {
      "bom-ref": "pkg:golang/github.com/evanphx/json-patch/v5@v5.9.0?package-id=e1bacfb378adeda9",
      "type": "library",
      "name": "github.com/evanphx/json-patch/v5",
      "version": "v5.9.0",
      "cpe": "cpe:2.3:a:evanphx:json-patch\\/v5:v5.9.0:*:*:*:*:*:*:*",
      "purl": "pkg:golang/github.com/evanphx/json-patch/v5@v5.9.0",
      "properties": [
        {
          "name": "syft:package:foundBy",
          "value": "go-module-binary-cataloger"
        },
        {
          "name": "syft:package:language",
          "value": "go"
        },
        {
          "name": "syft:package:metadataType",
          "value": "GolangBinMetadata"
        },
        {
          "name": "syft:package:type",
          "value": "go-module"
        },
        {
          "name": "syft:cpe23",
          "value": "cpe:2.3:a:evanphx:json_patch\\/v5:v5.9.0:*:*:*:*:*:*:*"
        },
        {
          "name": "syft:location:0:layerID",
          "value": "sha256:3e40f9622b645246f3733a14d0517fe945005ffc9ae213df611db407f989a9fb"
        },
        {
          "name": "syft:location:0:path",
          "value": "/manager"
        },
        {
          "name": "syft:metadata:architecture",
          "value": "amd64"
        },
        {
          "name": "syft:metadata:goCompiledVersion",
          "value": "go1.23.4"
        },
        {
          "name": "syft:metadata:h1Digest",
          "value": "h1:kcBlZQbplgElYIlo/n1hJbls2z/1awpXxpRi0/FOJfg="
        }
      ]
    },
    {
      "bom-ref": "pkg:golang/github.com/fxamacker/cbor/v2@v2.7.0?package-id=c167ecbecb242ce4",
      "type": "library",
      "name": "github.com/fxamacker/cbor/v2",
      "version": "v2.7.0",
      "cpe": "cpe:2.3:a:fxamacker:cbor\\/v2:v2.7.0:*:*:*:*:*:*:*",
      "purl": "pkg:golang/github.com/fxamacker/cbor/v2@v2.7.0",
      "properties": [
        {
          "name": "syft:package:foundBy",
          "value": "go-module-binary-cataloger"
        },
        {
          "name": "syft:package:language",
          "value": "go"
        },
        {
          "name": "syft:package:metadataType",
          "value": "GolangBinMetadata"
        },
        {
          "name": "syft:package:type",
          "value": "go-module"
        },
        {
          "name": "syft:location:0:layerID",
          "value": "sha256:3e40f9622b645246f3733a14d0517fe945005ffc9ae213df611db407f989a9fb"
        },
        {
          "name": "syft:location:0:path",
          "value": "/manager"
        },
        {
          "name": "syft:metadata:architecture",
          "value": "amd64"
        },
        {
          "name": "syft:metadata:goCompiledVersion",
          "value": "go1.23.4"
        },
        {
          "name": "syft:metadata:h1Digest",
          "value": "h1:iM5WgngdRBanHcxugY4JySA0nk1wZorNOpTgCMedv5E="
        }
      ]
    },
    {
      "bom-ref": "pkg:golang/github.com/go-logr/logr@v1.4.2?package-id=3b6c062be6486448",
      "type": "library",
      "name": "github.com/go-logr/logr",
      "version": "v1.4.2",
      "cpe": "cpe:2.3:a:go-logr:logr:v1.4.2:*:*:*:*:*:*:*",
      "purl": "pkg:golang/github.com/go-logr/logr@v1.4.2",
      "properties": [
        {
          "name": "syft:package:foundBy",
          "value": "go-module-binary-cataloger"
        },
        {
          "name": "syft:package:language",
          "value": "go"
        },
        {
          "name": "syft:package:metadataType",
          "value": "GolangBinMetadata"
        },
        {
          "name": "syft:package:type",
          "value": "go-module"
        },
        {
          "name": "syft:cpe23",
          "value": "cpe:2.3:a:go_logr:logr:v1.4.2:*:*:*:*:*:*:*"
        },
        {
          "name": "syft:cpe23",
          "value": "cpe:2.3:a:go:logr:v1.4.2:*:*:*:*:*:*:*"
        },
        {
          "name": "syft:location:0:layerID",
          "value": "sha256:3e40f9622b645246f3733a14d0517fe945005ffc9ae213df611db407f989a9fb"
        },
        {
          "name": "syft:location:0:path",
          "value": "/manager"
        },
        {
          "name": "syft:metadata:architecture",
          "value": "amd64"
        },
        {
          "name": "syft:metadata:goCompiledVersion",
          "value": "go1.23.4"
        },
        {
          "name": "syft:metadata:h1Digest",
          "value": "h1:6pFjapn8bFcIbiKo3XT4j/BhANplGihG6tvd+8rYgrY="
        }
      ]
    },
    {
      "bom-ref": "pkg:golang/github.com/go-logr/zapr@v1.3.0?package-id=88ebccaa11cffc16",
      "type": "library",
      "name": "github.com/go-logr/zapr",
      "version": "v1.3.0",
      "cpe": "cpe:2.3:a:go-logr:zapr:v1.3.0:*:*:*:*:*:*:*",
      "purl": "pkg:golang/github.com/go-logr/zapr@v1.3.0",
      "properties": [
        {
          "name": "syft:package:foundBy",
          "value": "go-module-binary-cataloger"
        },
        {
          "name": "syft:package:language",
          "value": "go"
        },
        {
          "name": "syft:package:metadataType",
          "value": "GolangBinMetadata"
        },
        {
          "name": "syft:package:type",
          "value": "go-module"
        },
        {
          "name": "syft:cpe23",
          "value": "cpe:2.3:a:go_logr:zapr:v1.3.0:*:*:*:*:*:*:*"
        },
        {
          "name": "syft:cpe23",
          "value": "cpe:2.3:a:go:zapr:v1.3.0:*:*:*:*:*:*:*"
        },
        {
          "name": "syft:location:0:layerID",
          "value": "sha256:3e40f9622b645246f3733a14d0517fe945005ffc9ae213df611db407f989a9fb"
        },
        {
          "name": "syft:location:0:path",
          "value": "/manager"
        },
        {
          "name": "syft:metadata:architecture",
          "value": "amd64"
        },
        {
          "name": "syft:metadata:goCompiledVersion",
          "value": "go1.23.4"
        },
        {
          "name": "syft:metadata:h1Digest",
          "value": "h1:XGdV8XW8zdwFiwOA2Dryh1gj2KRQyOOoNmBy4EplIcQ="
        }
      ]
    },
    {
      "bom-ref": "pkg:golang/github.com/go-openapi/jsonpointer@v0.21.0?package-id=45d2780aa43ad315",
      "type": "library",
      "name": "github.com/go-openapi/jsonpointer",
      "version": "v0.21.0",
      "cpe": "cpe:2.3:a:go-openapi:jsonpointer:v0.21.0:*:*:*:*:*:*:*",
      "purl": "pkg:golang/github.com/go-openapi/jsonpointer@v0.21.0",
      "properties": [
        {
          "name": "syft:package:foundBy",
          "value": "go-module-binary-cataloger"
        },
        {
          "name": "syft:package:language",
          "value": "go"
        },
        {
          "name": "syft:package:metadataType",
          "value": "GolangBinMetadata"
        },
        {
          "name": "syft:package:type",
          "value": "go-module"
        },
        {
          "name": "syft:cpe23",
          "value": "cpe:2.3:a:go_openapi:jsonpointer:v0.21.0:*:*:*:*:*:*:*"
        },
        {
          "name": "syft:cpe23",
          "value": "cpe:2.3:a:go:jsonpointer:v0.21.0:*:*:*:*:*:*:*"
        },
        {
          "name": "syft:location:0:layerID",
          "value": "sha256:3e40f9622b645246f3733a14d0517fe945005ffc9ae213df611db407f989a9fb"
        },
        {
          "name": "syft:location:0:path",
          "value": "/manager"
        },
        {
          "name": "syft:metadata:architecture",
          "value": "amd64"
        },
        {
          "name": "syft:metadata:goCompiledVersion",
          "value": "go1.23.4"
        },
        {
          "name": "syft:metadata:h1Digest",
          "value": "h1:YgdVicSA9vH5RiHs9TZW5oyafXZFc6+2Vc1rr/O9oNQ="
        }
      ]
    },
    {
      "bom-ref": "pkg:golang/github.com/go-openapi/jsonreference@v0.20.2?package-id=ac1be43ea55bf19f",
      "type": "library",
      "name": "github.com/go-openapi/jsonreference",
      "version": "v0.20.2",
      "cpe": "cpe:2.3:a:go-openapi:jsonreference:v0.20.2:*:*:*:*:*:*:*",
      "purl": "pkg:golang/github.com/go-openapi/jsonreference@v0.20.2",
      "properties": [
        {
          "name": "syft:package:foundBy",
          "value": "go-module-binary-cataloger"
        },
        {
          "name": "syft:package:language",
          "value": "go"
        },
        {
          "name": "syft:package:metadataType",
          "value": "GolangBinMetadata"
        },
        {
          "name": "syft:package:type",
          "value": "go-module"
        },
        {
          "name": "syft:cpe23",
          "value": "cpe:2.3:a:go_openapi:jsonreference:v0.20.2:*:*:*:*:*:*:*"
        },
        {
          "name": "syft:cpe23",
          "value": "cpe:2.3:a:go:jsonreference:v0.20.2:*:*:*:*:*:*:*"
        },
        {
          "name": "syft:location:0:layerID",
          "value": "sha256:3e40f9622b645246f3733a14d0517fe945005ffc9ae213df611db407f989a9fb"
        },
        {
          "name": "syft:location:0:path",
          "value": "/manager"
        },
        {
          "name": "syft:metadata:architecture",
          "value": "amd64"
        },
        {
          "name": "syft:metadata:goCompiledVersion",
          "value": "go1.23.4"
        },
        {
          "name": "syft:metadata:h1Digest",
          "value": "h1:3sVjiK66+uXK/6oQ8xgcRKcFgQ5KXa2KvnJRumpMGbE="
        }
      ]
    },
    {
      "bom-ref": "pkg:golang/github.com/go-openapi/swag@v0.23.0?package-id=d9d74b24b5b9e48a",
      "type": "library",
      "name": "github.com/go-openapi/swag",
      "version": "v0.23.0",
      "cpe": "cpe:2.3:a:go-openapi:swag:v0.23.0:*:*:*:*:*:*:*",
      "purl": "pkg:golang/github.com/go-openapi/swag@v0.23.0",
      "properties": [
        {
          "name": "syft:package:foundBy",
          "value": "go-module-binary-cataloger"
        },
        {
          "name": "syft:package:language",
          "value": "go"
        },
        {
          "name": "syft:package:metadataType",
          "value": "GolangBinMetadata"
        },
        {
          "name": "syft:package:type",
          "value": "go-module"
        },
        {
          "name": "syft:cpe23",
          "value": "cpe:2.3:a:go_openapi:swag:v0.23.0:*:*:*:*:*:*:*"
        },
        {
          "name": "syft:cpe23",
          "value": "cpe:2.3:a:go:swag:v0.23.0:*:*:*:*:*:*:*"
        },
        {
          "name": "syft:location:0:layerID",
          "value": "sha256:3e40f9622b645246f3733a14d0517fe945005ffc9ae213df611db407f989a9fb"
        },
        {
          "name": "syft:location:0:path",
          "value": "/manager"
        },
        {
          "name": "syft:metadata:architecture",
          "value": "amd64"
        },
        {
          "name": "syft:metadata:goCompiledVersion",
          "value": "go1.23.4"
        },
        {
          "name": "syft:metadata:h1Digest",
          "value": "h1:vsEVJDUo2hPJ2tu0/Xc+4noaxyEffXNIs3cOULZ+GrE="
        }
      ]
    },
    {
      "bom-ref": "pkg:golang/github.com/gogo/protobuf@v1.3.2?package-id=4199f7cd8c03f8a6",
      "type": "library",
      "name": "github.com/gogo/protobuf",
      "version": "v1.3.2",
      "cpe": "cpe:2.3:a:gogo:protobuf:v1.3.2:*:*:*:*:*:*:*",
      "purl": "pkg:golang/github.com/gogo/protobuf@v1.3.2",
      "properties": [
        {
          "name": "syft:package:foundBy",
          "value": "go-module-binary-cataloger"
        },
        {
          "name": "syft:package:language",
          "value": "go"
        },
        {
          "name": "syft:package:metadataType",
          "value": "GolangBinMetadata"
        },
        {
          "name": "syft:package:type",
          "value": "go-module"
        },
        {
          "name": "syft:location:0:layerID",
          "value": "sha256:3e40f9622b645246f3733a14d0517fe945005ffc9ae213df611db407f989a9fb"
        },
        {
          "name": "syft:location:0:path",
          "value": "/manager"
        },
        {
          "name": "syft:metadata:architecture",
          "value": "amd64"
        },
        {
          "name": "syft:metadata:goCompiledVersion",
          "value": "go1.23.4"
        },
        {
          "name": "syft:metadata:h1Digest",
          "value": "h1:Ov1cvc58UF3b5XjBnZv7+opcTcQFZebYjWzi34vdm4Q="
        }
      ]
    },
    {
      "bom-ref": "pkg:golang/github.com/golang/protobuf@v1.5.4?package-id=9d503f42053b221f",
      "type": "library",
      "name": "github.com/golang/protobuf",
      "version": "v1.5.4",
      "cpe": "cpe:2.3:a:golang:protobuf:v1.5.4:*:*:*:*:*:*:*",
      "purl": "pkg:golang/github.com/golang/protobuf@v1.5.4",
      "properties": [
        {
          "name": "syft:package:foundBy",
          "value": "go-module-binary-cataloger"
        },
        {
          "name": "syft:package:language",
          "value": "go"
        },
        {
          "name": "syft:package:metadataType",
          "value": "GolangBinMetadata"
        },
        {
          "name": "syft:package:type",
          "value": "go-module"
        },
        {
          "name": "syft:location:0:layerID",
          "value": "sha256:3e40f9622b645246f3733a14d0517fe945005ffc9ae213df611db407f989a9fb"
        },
        {
          "name": "syft:location:0:path",
          "value": "/manager"
        },
        {
          "name": "syft:metadata:architecture",
          "value": "amd64"
        },
        {
          "name": "syft:metadata:goCompiledVersion",
          "value": "go1.23.4"
        },
        {
          "name": "syft:metadata:h1Digest",
          "value": "h1:i7eJL8qZTpSEXOPTxNKhASYpMn+8e5Q6AdndVa1dWek="
        }
      ]
    },
    {
      "bom-ref": "pkg:golang/github.com/google/gnostic-models@v0.6.8?package-id=4284c80bcc74424b",
      "type": "library",
      "name": "github.com/google/gnostic-models",
      "version": "v0.6.8",
      "cpe": "cpe:2.3:a:google:gnostic-models:v0.6.8:*:*:*:*:*:*:*",
      "purl": "pkg:golang/github.com/google/gnostic-models@v0.6.8",
      "properties": [
        {
          "name": "syft:package:foundBy",
          "value": "go-module-binary-cataloger"
        },
        {
          "name": "syft:package:language",
          "value": "go"
        },
        {
          "name": "syft:package:metadataType",
          "value": "GolangBinMetadata"
        },
        {
          "name": "syft:package:type",
          "value": "go-module"
        },
        {
          "name": "syft:cpe23",
          "value": "cpe:2.3:a:google:gnostic_models:v0.6.8:*:*:*:*:*:*:*"
        },
        {
          "name": "syft:location:0:layerID",
          "value": "sha256:3e40f9622b645246f3733a14d0517fe945005ffc9ae213df611db407f989a9fb"
        },
        {
          "name": "syft:location:0:path",
          "value": "/manager"
        },
        {
          "name": "syft:metadata:architecture",
          "value": "amd64"
        },
        {
          "name": "syft:metadata:goCompiledVersion",
          "value": "go1.23.4"
        },
        {
          "name": "syft:metadata:h1Digest",
          "value": "h1:yo/ABAfM5IMRsS1VnXjTBvUb61tFIHozhlYvRgGre9I="
        }
      ]
    },
    {
      "bom-ref": "pkg:golang/github.com/google/go-cmp@v0.6.0?package-id=7d06fdb17f8e6a2b",
      "type": "library",
      "name": "github.com/google/go-cmp",
      "version": "v0.6.0",
      "cpe": "cpe:2.3:a:google:go-cmp:v0.6.0:*:*:*:*:*:*:*",
      "purl": "pkg:golang/github.com/google/go-cmp@v0.6.0",
      "properties": [
        {
          "name": "syft:package:foundBy",
          "value": "go-module-binary-cataloger"
        },
        {
          "name": "syft:package:language",
          "value": "go"
        },
        {
          "name": "syft:package:metadataType",
          "value": "GolangBinMetadata"
        },
        {
          "name": "syft:package:type",
          "value": "go-module"
        },
        {
          "name": "syft:cpe23",
          "value": "cpe:2.3:a:google:go_cmp:v0.6.0:*:*:*:*:*:*:*"
        },
        {
          "name": "syft:location:0:layerID",
          "value": "sha256:3e40f9622b645246f3733a14d0517fe945005ffc9ae213df611db407f989a9fb"
        },
        {
          "name": "syft:location:0:path",
          "value": "/manager"
        },
        {
          "name": "syft:metadata:architecture",
          "value": "amd64"
        },
        {
          "name": "syft:metadata:goCompiledVersion",
          "value": "go1.23.4"
        },
        {
          "name": "syft:metadata:h1Digest",
          "value": "h1:ofyhxvXcZhMsU5ulbFiLKl/XBFqE1GSq7atu8tAmTRI="
        }
      ]
    },
    {
      "bom-ref": "pkg:golang/github.com/google/go-querystring@v1.1.0?package-id=321979ede1f08b5b",
      "type": "library",
      "name": "github.com/google/go-querystring",
      "version": "v1.1.0",
      "cpe": "cpe:2.3:a:google:go-querystring:v1.1.0:*:*:*:*:*:*:*",
      "purl": "pkg:golang/github.com/google/go-querystring@v1.1.0",
      "properties": [
        {
          "name": "syft:package:foundBy",
          "value": "go-module-binary-cataloger"
        },
        {
          "name": "syft:package:language",
          "value": "go"
        },
        {
          "name": "syft:package:metadataType",
          "value": "GolangBinMetadata"
        },
        {
          "name": "syft:package:type",
          "value": "go-module"
        },
        {
          "name": "syft:cpe23",
          "value": "cpe:2.3:a:google:go_querystring:v1.1.0:*:*:*:*:*:*:*"
        },
        {
          "name": "syft:location:0:layerID",
          "value": "sha256:3e40f9622b645246f3733a14d0517fe945005ffc9ae213df611db407f989a9fb"
        },
        {
          "name": "syft:location:0:path",
          "value": "/manager"
        },
        {
          "name": "syft:metadata:architecture",
          "value": "amd64"
        },
        {
          "name": "syft:metadata:goCompiledVersion",
          "value": "go1.23.4"
        },
        {
          "name": "syft:metadata:h1Digest",
          "value": "h1:AnCroh3fv4ZBgVIf1Iwtovgjaw/GiKJo8M8yD/fhyJ8="
        }
      ]
    },
    {
      "bom-ref": "pkg:golang/github.com/google/gofuzz@v1.2.0?package-id=6b75007ee220da6a",
      "type": "library",
      "name": "github.com/google/gofuzz",
      "version": "v1.2.0",
      "cpe": "cpe:2.3:a:google:gofuzz:v1.2.0:*:*:*:*:*:*:*",
      "purl": "pkg:golang/github.com/google/gofuzz@v1.2.0",
      "properties": [
        {
          "name": "syft:package:foundBy",
          "value": "go-module-binary-cataloger"
        },
        {
          "name": "syft:package:language",
          "value": "go"
        },
        {
          "name": "syft:package:metadataType",
          "value": "GolangBinMetadata"
        },
        {
          "name": "syft:package:type",
          "value": "go-module"
        },
        {
          "name": "syft:location:0:layerID",
          "value": "sha256:3e40f9622b645246f3733a14d0517fe945005ffc9ae213df611db407f989a9fb"
        },
        {
          "name": "syft:location:0:path",
          "value": "/manager"
        },
        {
          "name": "syft:metadata:architecture",
          "value": "amd64"
        },
        {
          "name": "syft:metadata:goCompiledVersion",
          "value": "go1.23.4"
        },
        {
          "name": "syft:metadata:h1Digest",
          "value": "h1:xRy4A+RhZaiKjJ1bPfwQ8sedCA+YS2YcCHW6ec7JMi0="
        }
      ]
    },
    {
      "bom-ref": "pkg:golang/github.com/google/uuid@v1.6.0?package-id=ca6a3bb14af804f8",
      "type": "library",
      "name": "github.com/google/uuid",
      "version": "v1.6.0",
      "cpe": "cpe:2.3:a:google:uuid:v1.6.0:*:*:*:*:*:*:*",
      "purl": "pkg:golang/github.com/google/uuid@v1.6.0",
      "properties": [
        {
          "name": "syft:package:foundBy",
          "value": "go-module-binary-cataloger"
        },
        {
          "name": "syft:package:language",
          "value": "go"
        },
        {
          "name": "syft:package:metadataType",
          "value": "GolangBinMetadata"
        },
        {
          "name": "syft:package:type",
          "value": "go-module"
        },
        {
          "name": "syft:location:0:layerID",
          "value": "sha256:3e40f9622b645246f3733a14d0517fe945005ffc9ae213df611db407f989a9fb"
        },
        {
          "name": "syft:location:0:path",
          "value": "/manager"
        },
        {
          "name": "syft:metadata:architecture",
          "value": "amd64"
        },
        {
          "name": "syft:metadata:goCompiledVersion",
          "value": "go1.23.4"
        },
        {
          "name": "syft:metadata:h1Digest",
          "value": "h1:NIvaJDMOsjHA8n1jAhLSgzrAzy1Hgr+hNrb57e+94F0="
        }
      ]
    },
    {
      "bom-ref": "pkg:golang/github.com/josharian/intern@v1.0.0?package-id=b8c7652381c0fa7f",
      "type": "library",
      "name": "github.com/josharian/intern",
      "version": "v1.0.0",
      "cpe": "cpe:2.3:a:josharian:intern:v1.0.0:*:*:*:*:*:*:*",
      "purl": "pkg:golang/github.com/josharian/intern@v1.0.0",
      "properties": [
        {
          "name": "syft:package:foundBy",
          "value": "go-module-binary-cataloger"
        },
        {
          "name": "syft:package:language",
          "value": "go"
        },
        {
          "name": "syft:package:metadataType",
          "value": "GolangBinMetadata"
        },
        {
          "name": "syft:package:type",
          "value": "go-module"
        },
        {
          "name": "syft:location:0:layerID",
          "value": "sha256:3e40f9622b645246f3733a14d0517fe945005ffc9ae213df611db407f989a9fb"
        },
        {
          "name": "syft:location:0:path",
          "value": "/manager"
        },
        {
          "name": "syft:metadata:architecture",
          "value": "amd64"
        },
        {
          "name": "syft:metadata:goCompiledVersion",
          "value": "go1.23.4"
        },
        {
          "name": "syft:metadata:h1Digest",
          "value": "h1:vlS4z54oSdjm0bgjRigI+G1HpF+tI+9rE5LLzOg8HmY="
        }
      ]
    },
    {
      "bom-ref": "pkg:golang/github.com/json-iterator/go@v1.1.12?package-id=e195c425ad3227e6",
      "type": "library",
      "name": "github.com/json-iterator/go",
      "version": "v1.1.12",
      "cpe": "cpe:2.3:a:json-iterator:go:v1.1.12:*:*:*:*:*:*:*",
      "purl": "pkg:golang/github.com/json-iterator/go@v1.1.12",
      "properties": [
        {
          "name": "syft:package:foundBy",
          "value": "go-module-binary-cataloger"
        },
        {
          "name": "syft:package:language",
          "value": "go"
        },
        {
          "name": "syft:package:metadataType",
          "value": "GolangBinMetadata"
        },
        {
          "name": "syft:package:type",
          "value": "go-module"
        },
        {
          "name": "syft:cpe23",
          "value": "cpe:2.3:a:json_iterator:go:v1.1.12:*:*:*:*:*:*:*"
        },
        {
          "name": "syft:cpe23",
          "value": "cpe:2.3:a:json:go:v1.1.12:*:*:*:*:*:*:*"
        },
        {
          "name": "syft:location:0:layerID",
          "value": "sha256:3e40f9622b645246f3733a14d0517fe945005ffc9ae213df611db407f989a9fb"
        },
        {
          "name": "syft:location:0:path",
          "value": "/manager"
        },
        {
          "name": "syft:metadata:architecture",
          "value": "amd64"
        },
        {
          "name": "syft:metadata:goCompiledVersion",
          "value": "go1.23.4"
        },
        {
          "name": "syft:metadata:h1Digest",
          "value": "h1:PV8peI4a0ysnczrg+LtxykD8LfKY9ML6u2jnxaEnrnM="
        }
      ]
    },
    {
      "bom-ref": "pkg:golang/github.com/mailru/easyjson@v0.7.7?package-id=4ac72ac2cc36acaa",
      "type": "library",
      "name": "github.com/mailru/easyjson",
      "version": "v0.7.7",
      "cpe": "cpe:2.3:a:mailru:easyjson:v0.7.7:*:*:*:*:*:*:*",
      "purl": "pkg:golang/github.com/mailru/easyjson@v0.7.7",
      "properties": [
        {
          "name": "syft:package:foundBy",
          "value": "go-module-binary-cataloger"
        },
        {
          "name": "syft:package:language",
          "value": "go"
        },
        {
          "name": "syft:package:metadataType",
          "value": "GolangBinMetadata"
        },
        {
          "name": "syft:package:type",
          "value": "go-module"
        },
        {
          "name": "syft:location:0:layerID",
          "value": "sha256:3e40f9622b645246f3733a14d0517fe945005ffc9ae213df611db407f989a9fb"
        },
        {
          "name": "syft:location:0:path",
          "value": "/manager"
        },
        {
          "name": "syft:metadata:architecture",
          "value": "amd64"
        },
        {
          "name": "syft:metadata:goCompiledVersion",
          "value": "go1.23.4"
        },
        {
          "name": "syft:metadata:h1Digest",
          "value": "h1:UGYAvKxe3sBsEDzO8ZeWOSlIQfWFlxbzLZe7hwFURr0="
        }
      ]
    },
    {
      "bom-ref": "pkg:golang/github.com/modern-go/concurrent@v0.0.0-20180306012644-bacd9c7ef1dd?package-id=d0f4f0ca9b18ded6",
      "type": "library",
      "name": "github.com/modern-go/concurrent",
      "version": "v0.0.0-20180306012644-bacd9c7ef1dd",
      "cpe": "cpe:2.3:a:modern-go:concurrent:v0.0.0-20180306012644-bacd9c7ef1dd:*:*:*:*:*:*:*",
      "purl": "pkg:golang/github.com/modern-go/concurrent@v0.0.0-20180306012644-bacd9c7ef1dd",
      "properties": [
        {
          "name": "syft:package:foundBy",
          "value": "go-module-binary-cataloger"
        },
        {
          "name": "syft:package:language",
          "value": "go"
        },
        {
          "name": "syft:package:metadataType",
          "value": "GolangBinMetadata"
        },
        {
          "name": "syft:package:type",
          "value": "go-module"
        },
        {
          "name": "syft:cpe23",
          "value": "cpe:2.3:a:modern_go:concurrent:v0.0.0-20180306012644-bacd9c7ef1dd:*:*:*:*:*:*:*"
        },
        {
          "name": "syft:cpe23",
          "value": "cpe:2.3:a:modern:concurrent:v0.0.0-20180306012644-bacd9c7ef1dd:*:*:*:*:*:*:*"
        },
        {
          "name": "syft:location:0:layerID",
          "value": "sha256:3e40f9622b645246f3733a14d0517fe945005ffc9ae213df611db407f989a9fb"
        },
        {
          "name": "syft:location:0:path",
          "value": "/manager"
        },
        {
          "name": "syft:metadata:architecture",
          "value": "amd64"
        },
        {
          "name": "syft:metadata:goCompiledVersion",
          "value": "go1.23.4"
        },
        {
          "name": "syft:metadata:h1Digest",
          "value": "h1:TRLaZ9cD/w8PVh93nsPXa1VrQ6jlwL5oN8l14QlcNfg="
        }
      ]
    },
    {
      "bom-ref": "pkg:golang/github.com/modern-go/reflect2@v1.0.2?package-id=e05787181c791a45",
      "type": "library",
      "name": "github.com/modern-go/reflect2",
      "version": "v1.0.2",
      "cpe": "cpe:2.3:a:modern-go:reflect2:v1.0.2:*:*:*:*:*:*:*",
      "purl": "pkg:golang/github.com/modern-go/reflect2@v1.0.2",
      "properties": [
        {
          "name": "syft:package:foundBy",
          "value": "go-module-binary-cataloger"
        },
        {
          "name": "syft:package:language",
          "value": "go"
        },
        {
          "name": "syft:package:metadataType",
          "value": "GolangBinMetadata"
        },
        {
          "name": "syft:package:type",
          "value": "go-module"
        },
        {
          "name": "syft:cpe23",
          "value": "cpe:2.3:a:modern_go:reflect2:v1.0.2:*:*:*:*:*:*:*"
        },
        {
          "name": "syft:cpe23",
          "value": "cpe:2.3:a:modern:reflect2:v1.0.2:*:*:*:*:*:*:*"
        },
        {
          "name": "syft:location:0:layerID",
          "value": "sha256:3e40f9622b645246f3733a14d0517fe945005ffc9ae213df611db407f989a9fb"
        },
        {
          "name": "syft:location:0:path",
          "value": "/manager"
        },
        {
          "name": "syft:metadata:architecture",
          "value": "amd64"
        },
        {
          "name": "syft:metadata:goCompiledVersion",
          "value": "go1.23.4"
        },
        {
          "name": "syft:metadata:h1Digest",
          "value": "h1:xBagoLtFs94CBntxluKeaWgTMpvLxC4ur3nMaC9Gz0M="
        }
      ]
    },
    {
      "bom-ref": "pkg:golang/github.com/mongodb-forks/digest@v1.1.0?package-id=578befd09e684819",
      "type": "library",
      "name": "github.com/mongodb-forks/digest",
      "version": "v1.1.0",
      "cpe": "cpe:2.3:a:mongodb-forks:digest:v1.1.0:*:*:*:*:*:*:*",
      "purl": "pkg:golang/github.com/mongodb-forks/digest@v1.1.0",
      "properties": [
        {
          "name": "syft:package:foundBy",
          "value": "go-module-binary-cataloger"
        },
        {
          "name": "syft:package:language",
          "value": "go"
        },
        {
          "name": "syft:package:metadataType",
          "value": "GolangBinMetadata"
        },
        {
          "name": "syft:package:type",
          "value": "go-module"
        },
        {
          "name": "syft:cpe23",
          "value": "cpe:2.3:a:mongodb_forks:digest:v1.1.0:*:*:*:*:*:*:*"
        },
        {
          "name": "syft:cpe23",
          "value": "cpe:2.3:a:mongodb:digest:v1.1.0:*:*:*:*:*:*:*"
        },
        {
          "name": "syft:location:0:layerID",
          "value": "sha256:3e40f9622b645246f3733a14d0517fe945005ffc9ae213df611db407f989a9fb"
        },
        {
          "name": "syft:location:0:path",
          "value": "/manager"
        },
        {
          "name": "syft:metadata:architecture",
          "value": "amd64"
        },
        {
          "name": "syft:metadata:goCompiledVersion",
          "value": "go1.23.4"
        },
        {
          "name": "syft:metadata:h1Digest",
          "value": "h1:7eUdsR1BtqLv0mdNm4OXs6ddWvR4X2/OsLwdKksrOoc="
        }
      ]
    },
    {
      "bom-ref": "pkg:golang/github.com/mongodb/mongodb-atlas-kubernetes/v2@(devel)?package-id=743c5eb669ad00f1",
      "type": "library",
      "name": "github.com/mongodb/mongodb-atlas-kubernetes/v2",
      "version": "(devel)",
      "cpe": "cpe:2.3:a:mongodb:mongodb-atlas-kubernetes\\/v2:\\(devel\\):*:*:*:*:*:*:*",
      "purl": "pkg:golang/github.com/mongodb/mongodb-atlas-kubernetes/v2@(devel)",
      "properties": [
        {
          "name": "syft:package:foundBy",
          "value": "go-module-binary-cataloger"
        },
        {
          "name": "syft:package:language",
          "value": "go"
        },
        {
          "name": "syft:package:metadataType",
          "value": "GolangBinMetadata"
        },
        {
          "name": "syft:package:type",
          "value": "go-module"
        },
        {
          "name": "syft:cpe23",
          "value": "cpe:2.3:a:mongodb:mongodb_atlas_kubernetes\\/v2:\\(devel\\):*:*:*:*:*:*:*"
        },
        {
          "name": "syft:location:0:layerID",
          "value": "sha256:3e40f9622b645246f3733a14d0517fe945005ffc9ae213df611db407f989a9fb"
        },
        {
          "name": "syft:location:0:path",
          "value": "/manager"
        },
        {
          "name": "syft:metadata:architecture",
          "value": "amd64"
        },
        {
          "name": "syft:metadata:goCompiledVersion",
          "value": "go1.23.4"
        }
      ]
    },
    {
      "bom-ref": "pkg:golang/github.com/munnerz/goautoneg@v0.0.0-20191010083416-a7dc8b61c822?package-id=67761958c62eaf1e",
      "type": "library",
      "name": "github.com/munnerz/goautoneg",
      "version": "v0.0.0-20191010083416-a7dc8b61c822",
      "cpe": "cpe:2.3:a:munnerz:goautoneg:v0.0.0-20191010083416-a7dc8b61c822:*:*:*:*:*:*:*",
      "purl": "pkg:golang/github.com/munnerz/goautoneg@v0.0.0-20191010083416-a7dc8b61c822",
      "properties": [
        {
          "name": "syft:package:foundBy",
          "value": "go-module-binary-cataloger"
        },
        {
          "name": "syft:package:language",
          "value": "go"
        },
        {
          "name": "syft:package:metadataType",
          "value": "GolangBinMetadata"
        },
        {
          "name": "syft:package:type",
          "value": "go-module"
        },
        {
          "name": "syft:location:0:layerID",
          "value": "sha256:3e40f9622b645246f3733a14d0517fe945005ffc9ae213df611db407f989a9fb"
        },
        {
          "name": "syft:location:0:path",
          "value": "/manager"
        },
        {
          "name": "syft:metadata:architecture",
          "value": "amd64"
        },
        {
          "name": "syft:metadata:goCompiledVersion",
          "value": "go1.23.4"
        },
        {
          "name": "syft:metadata:h1Digest",
          "value": "h1:C3w9PqII01/Oq1c1nUAm88MOHcQC9l5mIlSMApZMrHA="
        }
      ]
    },
    {
      "bom-ref": "pkg:golang/github.com/nsf/jsondiff@v0.0.0-20230430225905-43f6cf3098c1?package-id=3edb71f588967c05",
      "type": "library",
      "name": "github.com/nsf/jsondiff",
      "version": "v0.0.0-20230430225905-43f6cf3098c1",
      "cpe": "cpe:2.3:a:nsf:jsondiff:v0.0.0-20230430225905-43f6cf3098c1:*:*:*:*:*:*:*",
      "purl": "pkg:golang/github.com/nsf/jsondiff@v0.0.0-20230430225905-43f6cf3098c1",
      "properties": [
        {
          "name": "syft:package:foundBy",
          "value": "go-module-binary-cataloger"
        },
        {
          "name": "syft:package:language",
          "value": "go"
        },
        {
          "name": "syft:package:metadataType",
          "value": "GolangBinMetadata"
        },
        {
          "name": "syft:package:type",
          "value": "go-module"
        },
        {
          "name": "syft:location:0:layerID",
          "value": "sha256:3e40f9622b645246f3733a14d0517fe945005ffc9ae213df611db407f989a9fb"
        },
        {
          "name": "syft:location:0:path",
          "value": "/manager"
        },
        {
          "name": "syft:metadata:architecture",
          "value": "amd64"
        },
        {
          "name": "syft:metadata:goCompiledVersion",
          "value": "go1.23.4"
        },
        {
          "name": "syft:metadata:h1Digest",
          "value": "h1:dOYG7LS/WK00RWZc8XGgcUTlTxpp3mKhdR2Q9z9HbXM="
        }
      ]
    },
    {
      "bom-ref": "pkg:golang/github.com/pkg/errors@v0.9.1?package-id=b49b3913a0b45185",
      "type": "library",
      "name": "github.com/pkg/errors",
      "version": "v0.9.1",
      "cpe": "cpe:2.3:a:pkg:errors:v0.9.1:*:*:*:*:*:*:*",
      "purl": "pkg:golang/github.com/pkg/errors@v0.9.1",
      "properties": [
        {
          "name": "syft:package:foundBy",
          "value": "go-module-binary-cataloger"
        },
        {
          "name": "syft:package:language",
          "value": "go"
        },
        {
          "name": "syft:package:metadataType",
          "value": "GolangBinMetadata"
        },
        {
          "name": "syft:package:type",
          "value": "go-module"
        },
        {
          "name": "syft:location:0:layerID",
          "value": "sha256:3e40f9622b645246f3733a14d0517fe945005ffc9ae213df611db407f989a9fb"
        },
        {
          "name": "syft:location:0:path",
          "value": "/manager"
        },
        {
          "name": "syft:metadata:architecture",
          "value": "amd64"
        },
        {
          "name": "syft:metadata:goCompiledVersion",
          "value": "go1.23.4"
        },
        {
          "name": "syft:metadata:h1Digest",
          "value": "h1:FEBLx1zS214owpjy7qsBeixbURkuhQAwrK5UwLGTwt4="
        }
      ]
    },
    {
      "bom-ref": "pkg:golang/github.com/prometheus/client_golang@v1.19.1?package-id=aa6e650d48d4be24",
      "type": "library",
      "name": "github.com/prometheus/client_golang",
      "version": "v1.19.1",
      "cpe": "cpe:2.3:a:prometheus:client-golang:v1.19.1:*:*:*:*:*:*:*",
      "purl": "pkg:golang/github.com/prometheus/client_golang@v1.19.1",
      "properties": [
        {
          "name": "syft:package:foundBy",
          "value": "go-module-binary-cataloger"
        },
        {
          "name": "syft:package:language",
          "value": "go"
        },
        {
          "name": "syft:package:metadataType",
          "value": "GolangBinMetadata"
        },
        {
          "name": "syft:package:type",
          "value": "go-module"
        },
        {
          "name": "syft:cpe23",
          "value": "cpe:2.3:a:prometheus:client_golang:v1.19.1:*:*:*:*:*:*:*"
        },
        {
          "name": "syft:location:0:layerID",
          "value": "sha256:3e40f9622b645246f3733a14d0517fe945005ffc9ae213df611db407f989a9fb"
        },
        {
          "name": "syft:location:0:path",
          "value": "/manager"
        },
        {
          "name": "syft:metadata:architecture",
          "value": "amd64"
        },
        {
          "name": "syft:metadata:goCompiledVersion",
          "value": "go1.23.4"
        },
        {
          "name": "syft:metadata:h1Digest",
          "value": "h1:wZWJDwK+NameRJuPGDhlnFgx8e8HN3XHQeLaYJFJBOE="
        }
      ]
    },
    {
      "bom-ref": "pkg:golang/github.com/prometheus/client_model@v0.6.1?package-id=f93d8b448e56a4a8",
      "type": "library",
      "name": "github.com/prometheus/client_model",
      "version": "v0.6.1",
      "cpe": "cpe:2.3:a:prometheus:client-model:v0.6.1:*:*:*:*:*:*:*",
      "purl": "pkg:golang/github.com/prometheus/client_model@v0.6.1",
      "properties": [
        {
          "name": "syft:package:foundBy",
          "value": "go-module-binary-cataloger"
        },
        {
          "name": "syft:package:language",
          "value": "go"
        },
        {
          "name": "syft:package:metadataType",
          "value": "GolangBinMetadata"
        },
        {
          "name": "syft:package:type",
          "value": "go-module"
        },
        {
          "name": "syft:cpe23",
          "value": "cpe:2.3:a:prometheus:client_model:v0.6.1:*:*:*:*:*:*:*"
        },
        {
          "name": "syft:location:0:layerID",
          "value": "sha256:3e40f9622b645246f3733a14d0517fe945005ffc9ae213df611db407f989a9fb"
        },
        {
          "name": "syft:location:0:path",
          "value": "/manager"
        },
        {
          "name": "syft:metadata:architecture",
          "value": "amd64"
        },
        {
          "name": "syft:metadata:goCompiledVersion",
          "value": "go1.23.4"
        },
        {
          "name": "syft:metadata:h1Digest",
          "value": "h1:ZKSh/rekM+n3CeS952MLRAdFwIKqeY8b62p8ais2e9E="
        }
      ]
    },
    {
      "bom-ref": "pkg:golang/github.com/prometheus/common@v0.55.0?package-id=140b2819ae782510",
      "type": "library",
      "name": "github.com/prometheus/common",
      "version": "v0.55.0",
      "cpe": "cpe:2.3:a:prometheus:common:v0.55.0:*:*:*:*:*:*:*",
      "purl": "pkg:golang/github.com/prometheus/common@v0.55.0",
      "properties": [
        {
          "name": "syft:package:foundBy",
          "value": "go-module-binary-cataloger"
        },
        {
          "name": "syft:package:language",
          "value": "go"
        },
        {
          "name": "syft:package:metadataType",
          "value": "GolangBinMetadata"
        },
        {
          "name": "syft:package:type",
          "value": "go-module"
        },
        {
          "name": "syft:location:0:layerID",
          "value": "sha256:3e40f9622b645246f3733a14d0517fe945005ffc9ae213df611db407f989a9fb"
        },
        {
          "name": "syft:location:0:path",
          "value": "/manager"
        },
        {
          "name": "syft:metadata:architecture",
          "value": "amd64"
        },
        {
          "name": "syft:metadata:goCompiledVersion",
          "value": "go1.23.4"
        },
        {
          "name": "syft:metadata:h1Digest",
          "value": "h1:KEi6DK7lXW/m7Ig5i47x0vRzuBsHuvJdi5ee6Y3G1dc="
        }
      ]
    },
    {
      "bom-ref": "pkg:golang/github.com/prometheus/procfs@v0.15.1?package-id=2904f503fce5d75",
      "type": "library",
      "name": "github.com/prometheus/procfs",
      "version": "v0.15.1",
      "cpe": "cpe:2.3:a:prometheus:procfs:v0.15.1:*:*:*:*:*:*:*",
      "purl": "pkg:golang/github.com/prometheus/procfs@v0.15.1",
      "properties": [
        {
          "name": "syft:package:foundBy",
          "value": "go-module-binary-cataloger"
        },
        {
          "name": "syft:package:language",
          "value": "go"
        },
        {
          "name": "syft:package:metadataType",
          "value": "GolangBinMetadata"
        },
        {
          "name": "syft:package:type",
          "value": "go-module"
        },
        {
          "name": "syft:location:0:layerID",
          "value": "sha256:3e40f9622b645246f3733a14d0517fe945005ffc9ae213df611db407f989a9fb"
        },
        {
          "name": "syft:location:0:path",
          "value": "/manager"
        },
        {
          "name": "syft:metadata:architecture",
          "value": "amd64"
        },
        {
          "name": "syft:metadata:goCompiledVersion",
          "value": "go1.23.4"
        },
        {
          "name": "syft:metadata:h1Digest",
          "value": "h1:YagwOFzUgYfKKHX6Dr+sHT7km/hxC76UB0learggepc="
        }
      ]
    },
    {
      "bom-ref": "pkg:golang/github.com/spf13/pflag@v1.0.5?package-id=1699f178301fd990",
      "type": "library",
      "name": "github.com/spf13/pflag",
      "version": "v1.0.5",
      "cpe": "cpe:2.3:a:spf13:pflag:v1.0.5:*:*:*:*:*:*:*",
      "purl": "pkg:golang/github.com/spf13/pflag@v1.0.5",
      "properties": [
        {
          "name": "syft:package:foundBy",
          "value": "go-module-binary-cataloger"
        },
        {
          "name": "syft:package:language",
          "value": "go"
        },
        {
          "name": "syft:package:metadataType",
          "value": "GolangBinMetadata"
        },
        {
          "name": "syft:package:type",
          "value": "go-module"
        },
        {
          "name": "syft:location:0:layerID",
          "value": "sha256:3e40f9622b645246f3733a14d0517fe945005ffc9ae213df611db407f989a9fb"
        },
        {
          "name": "syft:location:0:path",
          "value": "/manager"
        },
        {
          "name": "syft:metadata:architecture",
          "value": "amd64"
        },
        {
          "name": "syft:metadata:goCompiledVersion",
          "value": "go1.23.4"
        },
        {
          "name": "syft:metadata:h1Digest",
          "value": "h1:iy+VFUOCP1a+8yFto/drg2CJ5u0yRoB7fZw3DKv/JXA="
        }
      ]
    },
    {
      "bom-ref": "pkg:golang/github.com/x448/float16@v0.8.4?package-id=d745d7e74ae800cb",
      "type": "library",
      "name": "github.com/x448/float16",
      "version": "v0.8.4",
      "cpe": "cpe:2.3:a:x448:float16:v0.8.4:*:*:*:*:*:*:*",
      "purl": "pkg:golang/github.com/x448/float16@v0.8.4",
      "properties": [
        {
          "name": "syft:package:foundBy",
          "value": "go-module-binary-cataloger"
        },
        {
          "name": "syft:package:language",
          "value": "go"
        },
        {
          "name": "syft:package:metadataType",
          "value": "GolangBinMetadata"
        },
        {
          "name": "syft:package:type",
          "value": "go-module"
        },
        {
          "name": "syft:location:0:layerID",
          "value": "sha256:3e40f9622b645246f3733a14d0517fe945005ffc9ae213df611db407f989a9fb"
        },
        {
          "name": "syft:location:0:path",
          "value": "/manager"
        },
        {
          "name": "syft:metadata:architecture",
          "value": "amd64"
        },
        {
          "name": "syft:metadata:goCompiledVersion",
          "value": "go1.23.4"
        },
        {
          "name": "syft:metadata:h1Digest",
          "value": "h1:qLwI1I70+NjRFUR3zs1JPUCgaCXSh3SW62uAKT1mSBM="
        }
      ]
    },
    {
      "bom-ref": "pkg:golang/go.mongodb.org/atlas@v0.37.0?package-id=3bef4059c3a2ad50",
      "type": "library",
      "name": "go.mongodb.org/atlas",
      "version": "v0.37.0",
      "purl": "pkg:golang/go.mongodb.org/atlas@v0.37.0",
      "properties": [
        {
          "name": "syft:package:foundBy",
          "value": "go-module-binary-cataloger"
        },
        {
          "name": "syft:package:language",
          "value": "go"
        },
        {
          "name": "syft:package:metadataType",
          "value": "GolangBinMetadata"
        },
        {
          "name": "syft:package:type",
          "value": "go-module"
        },
        {
          "name": "syft:location:0:layerID",
          "value": "sha256:3e40f9622b645246f3733a14d0517fe945005ffc9ae213df611db407f989a9fb"
        },
        {
          "name": "syft:location:0:path",
          "value": "/manager"
        },
        {
          "name": "syft:metadata:architecture",
          "value": "amd64"
        },
        {
          "name": "syft:metadata:goCompiledVersion",
          "value": "go1.23.4"
        },
        {
          "name": "syft:metadata:h1Digest",
          "value": "h1:zQnO1o5+bVP9IotpAYpres4UjMD2F4nwNEFTZhNL4ck="
        }
      ]
    },
    {
      "bom-ref": "pkg:golang/go.mongodb.org/atlas-sdk/v20231115008@v20231115008.5.0?package-id=1231fcc70711a8ea",
      "type": "library",
      "name": "go.mongodb.org/atlas-sdk/v20231115008",
      "version": "v20231115008.5.0",
      "cpe": "cpe:2.3:a:atlas-sdk:v20231115008:v20231115008.5.0:*:*:*:*:*:*:*",
      "purl": "pkg:golang/go.mongodb.org/atlas-sdk/v20231115008@v20231115008.5.0",
      "properties": [
        {
          "name": "syft:package:foundBy",
          "value": "go-module-binary-cataloger"
        },
        {
          "name": "syft:package:language",
          "value": "go"
        },
        {
          "name": "syft:package:metadataType",
          "value": "GolangBinMetadata"
        },
        {
          "name": "syft:package:type",
          "value": "go-module"
        },
        {
          "name": "syft:cpe23",
          "value": "cpe:2.3:a:atlas_sdk:v20231115008:v20231115008.5.0:*:*:*:*:*:*:*"
        },
        {
          "name": "syft:cpe23",
          "value": "cpe:2.3:a:atlas:v20231115008:v20231115008.5.0:*:*:*:*:*:*:*"
        },
        {
          "name": "syft:location:0:layerID",
          "value": "sha256:3e40f9622b645246f3733a14d0517fe945005ffc9ae213df611db407f989a9fb"
        },
        {
          "name": "syft:location:0:path",
          "value": "/manager"
        },
        {
          "name": "syft:metadata:architecture",
          "value": "amd64"
        },
        {
          "name": "syft:metadata:goCompiledVersion",
          "value": "go1.23.4"
        },
        {
          "name": "syft:metadata:h1Digest",
          "value": "h1:OuV1HfIpZUZa4+BKvtrvDlNqnilkCkdHspuZok6KAbM="
        }
      ]
    },
    {
      "bom-ref": "pkg:golang/go.mongodb.org/atlas-sdk/v20241113001@v20241113001.0.0?package-id=fc0d101fa193a918",
      "type": "library",
      "name": "go.mongodb.org/atlas-sdk/v20241113001",
      "version": "v20241113001.0.0",
      "cpe": "cpe:2.3:a:atlas-sdk:v20241113001:v20241113001.0.0:*:*:*:*:*:*:*",
      "purl": "pkg:golang/go.mongodb.org/atlas-sdk/v20241113001@v20241113001.0.0",
      "properties": [
        {
          "name": "syft:package:foundBy",
          "value": "go-module-binary-cataloger"
        },
        {
          "name": "syft:package:language",
          "value": "go"
        },
        {
          "name": "syft:package:metadataType",
          "value": "GolangBinMetadata"
        },
        {
          "name": "syft:package:type",
          "value": "go-module"
        },
        {
          "name": "syft:cpe23",
          "value": "cpe:2.3:a:atlas_sdk:v20241113001:v20241113001.0.0:*:*:*:*:*:*:*"
        },
        {
          "name": "syft:cpe23",
          "value": "cpe:2.3:a:atlas:v20241113001:v20241113001.0.0:*:*:*:*:*:*:*"
        },
        {
          "name": "syft:location:0:layerID",
          "value": "sha256:3e40f9622b645246f3733a14d0517fe945005ffc9ae213df611db407f989a9fb"
        },
        {
          "name": "syft:location:0:path",
          "value": "/manager"
        },
        {
          "name": "syft:metadata:architecture",
          "value": "amd64"
        },
        {
          "name": "syft:metadata:goCompiledVersion",
          "value": "go1.23.4"
        },
        {
          "name": "syft:metadata:h1Digest",
          "value": "h1:G3UZcWwWziGUuaILWp/Gc+jLm1tfu7OUhUOpMWVZSWc="
        }
      ]
    },
    {
      "bom-ref": "pkg:golang/go.uber.org/multierr@v1.11.0?package-id=43b9361d2315962",
      "type": "library",
      "name": "go.uber.org/multierr",
      "version": "v1.11.0",
      "purl": "pkg:golang/go.uber.org/multierr@v1.11.0",
      "properties": [
        {
          "name": "syft:package:foundBy",
          "value": "go-module-binary-cataloger"
        },
        {
          "name": "syft:package:language",
          "value": "go"
        },
        {
          "name": "syft:package:metadataType",
          "value": "GolangBinMetadata"
        },
        {
          "name": "syft:package:type",
          "value": "go-module"
        },
        {
          "name": "syft:location:0:layerID",
          "value": "sha256:3e40f9622b645246f3733a14d0517fe945005ffc9ae213df611db407f989a9fb"
        },
        {
          "name": "syft:location:0:path",
          "value": "/manager"
        },
        {
          "name": "syft:metadata:architecture",
          "value": "amd64"
        },
        {
          "name": "syft:metadata:goCompiledVersion",
          "value": "go1.23.4"
        },
        {
          "name": "syft:metadata:h1Digest",
          "value": "h1:blXXJkSxSSfBVBlC76pxqeO+LN3aDfLQo+309xJstO0="
        }
      ]
    },
    {
      "bom-ref": "pkg:golang/go.uber.org/zap@v1.27.0?package-id=bce7e6eb5c69b490",
      "type": "library",
      "name": "go.uber.org/zap",
      "version": "v1.27.0",
      "purl": "pkg:golang/go.uber.org/zap@v1.27.0",
      "properties": [
        {
          "name": "syft:package:foundBy",
          "value": "go-module-binary-cataloger"
        },
        {
          "name": "syft:package:language",
          "value": "go"
        },
        {
          "name": "syft:package:metadataType",
          "value": "GolangBinMetadata"
        },
        {
          "name": "syft:package:type",
          "value": "go-module"
        },
        {
          "name": "syft:location:0:layerID",
          "value": "sha256:3e40f9622b645246f3733a14d0517fe945005ffc9ae213df611db407f989a9fb"
        },
        {
          "name": "syft:location:0:path",
          "value": "/manager"
        },
        {
          "name": "syft:metadata:architecture",
          "value": "amd64"
        },
        {
          "name": "syft:metadata:goCompiledVersion",
          "value": "go1.23.4"
        },
        {
          "name": "syft:metadata:h1Digest",
          "value": "h1:aJMhYGrd5QSmlpLMr2MftRKl7t8J8PTZPA732ud/XR8="
        }
      ]
    },
    {
      "bom-ref": "pkg:golang/golang.org/x/exp@v0.0.0-20240719175910-8a7402abbf56?package-id=231ebff5f21cd0e5",
      "type": "library",
      "name": "golang.org/x/exp",
      "version": "v0.0.0-20240719175910-8a7402abbf56",
      "cpe": "cpe:2.3:a:golang:x\\/exp:v0.0.0-20240719175910-8a7402abbf56:*:*:*:*:*:*:*",
      "purl": "pkg:golang/golang.org/x/exp@v0.0.0-20240719175910-8a7402abbf56",
      "properties": [
        {
          "name": "syft:package:foundBy",
          "value": "go-module-binary-cataloger"
        },
        {
          "name": "syft:package:language",
          "value": "go"
        },
        {
          "name": "syft:package:metadataType",
          "value": "GolangBinMetadata"
        },
        {
          "name": "syft:package:type",
          "value": "go-module"
        },
        {
          "name": "syft:location:0:layerID",
          "value": "sha256:3e40f9622b645246f3733a14d0517fe945005ffc9ae213df611db407f989a9fb"
        },
        {
          "name": "syft:location:0:path",
          "value": "/manager"
        },
        {
          "name": "syft:metadata:architecture",
          "value": "amd64"
        },
        {
          "name": "syft:metadata:goCompiledVersion",
          "value": "go1.23.4"
        },
        {
          "name": "syft:metadata:h1Digest",
          "value": "h1:2dVuKD2vS7b0QIHQbpyTISPd0LeHDbnYEryqj5Q1ug8="
        }
      ]
    },
    {
      "bom-ref": "pkg:golang/golang.org/x/net@v0.33.0?package-id=e6bb4c6cf20b1294",
      "type": "library",
      "name": "golang.org/x/net",
      "version": "v0.33.0",
      "cpe": "cpe:2.3:a:golang:x\\/net:v0.33.0:*:*:*:*:*:*:*",
      "purl": "pkg:golang/golang.org/x/net@v0.33.0",
      "properties": [
        {
          "name": "syft:package:foundBy",
          "value": "go-module-binary-cataloger"
        },
        {
          "name": "syft:package:language",
          "value": "go"
        },
        {
          "name": "syft:package:metadataType",
          "value": "GolangBinMetadata"
        },
        {
          "name": "syft:package:type",
          "value": "go-module"
        },
        {
          "name": "syft:location:0:layerID",
          "value": "sha256:3e40f9622b645246f3733a14d0517fe945005ffc9ae213df611db407f989a9fb"
        },
        {
          "name": "syft:location:0:path",
          "value": "/manager"
        },
        {
          "name": "syft:metadata:architecture",
          "value": "amd64"
        },
        {
          "name": "syft:metadata:goCompiledVersion",
          "value": "go1.23.4"
        },
        {
          "name": "syft:metadata:h1Digest",
          "value": "h1:74SYHlV8BIgHIFC/LrYkOGIwL19eTYXQ5wc6TBuO36I="
        }
      ]
    },
    {
      "bom-ref": "pkg:golang/golang.org/x/oauth2@v0.24.0?package-id=6964a62e69265910",
      "type": "library",
      "name": "golang.org/x/oauth2",
      "version": "v0.24.0",
      "cpe": "cpe:2.3:a:golang:x\\/oauth2:v0.24.0:*:*:*:*:*:*:*",
      "purl": "pkg:golang/golang.org/x/oauth2@v0.24.0",
      "properties": [
        {
          "name": "syft:package:foundBy",
          "value": "go-module-binary-cataloger"
        },
        {
          "name": "syft:package:language",
          "value": "go"
        },
        {
          "name": "syft:package:metadataType",
          "value": "GolangBinMetadata"
        },
        {
          "name": "syft:package:type",
          "value": "go-module"
        },
        {
          "name": "syft:location:0:layerID",
          "value": "sha256:3e40f9622b645246f3733a14d0517fe945005ffc9ae213df611db407f989a9fb"
        },
        {
          "name": "syft:location:0:path",
          "value": "/manager"
        },
        {
          "name": "syft:metadata:architecture",
          "value": "amd64"
        },
        {
          "name": "syft:metadata:goCompiledVersion",
          "value": "go1.23.4"
        },
        {
          "name": "syft:metadata:h1Digest",
          "value": "h1:KTBBxWqUa0ykRPLtV69rRto9TLXcqYkeswu48x/gvNE="
        }
      ]
    },
    {
      "bom-ref": "pkg:golang/golang.org/x/sync@v0.10.0?package-id=402a600d87403a2f",
      "type": "library",
      "name": "golang.org/x/sync",
      "version": "v0.10.0",
      "cpe": "cpe:2.3:a:golang:x\\/sync:v0.10.0:*:*:*:*:*:*:*",
      "purl": "pkg:golang/golang.org/x/sync@v0.10.0",
      "properties": [
        {
          "name": "syft:package:foundBy",
          "value": "go-module-binary-cataloger"
        },
        {
          "name": "syft:package:language",
          "value": "go"
        },
        {
          "name": "syft:package:metadataType",
          "value": "GolangBinMetadata"
        },
        {
          "name": "syft:package:type",
          "value": "go-module"
        },
        {
          "name": "syft:location:0:layerID",
          "value": "sha256:3e40f9622b645246f3733a14d0517fe945005ffc9ae213df611db407f989a9fb"
        },
        {
          "name": "syft:location:0:path",
          "value": "/manager"
        },
        {
          "name": "syft:metadata:architecture",
          "value": "amd64"
        },
        {
          "name": "syft:metadata:goCompiledVersion",
          "value": "go1.23.4"
        },
        {
          "name": "syft:metadata:h1Digest",
          "value": "h1:3NQrjDixjgGwUOCaF8w2+VYHv0Ve/vGYSbdkTa98gmQ="
        }
      ]
    },
    {
      "bom-ref": "pkg:golang/golang.org/x/sys@v0.28.0?package-id=8291a7ef77e717f9",
      "type": "library",
      "name": "golang.org/x/sys",
      "version": "v0.28.0",
      "cpe": "cpe:2.3:a:golang:x\\/sys:v0.28.0:*:*:*:*:*:*:*",
      "purl": "pkg:golang/golang.org/x/sys@v0.28.0",
      "properties": [
        {
          "name": "syft:package:foundBy",
          "value": "go-module-binary-cataloger"
        },
        {
          "name": "syft:package:language",
          "value": "go"
        },
        {
          "name": "syft:package:metadataType",
          "value": "GolangBinMetadata"
        },
        {
          "name": "syft:package:type",
          "value": "go-module"
        },
        {
          "name": "syft:location:0:layerID",
          "value": "sha256:3e40f9622b645246f3733a14d0517fe945005ffc9ae213df611db407f989a9fb"
        },
        {
          "name": "syft:location:0:path",
          "value": "/manager"
        },
        {
          "name": "syft:metadata:architecture",
          "value": "amd64"
        },
        {
          "name": "syft:metadata:goCompiledVersion",
          "value": "go1.23.4"
        },
        {
          "name": "syft:metadata:h1Digest",
          "value": "h1:Fksou7UEQUWlKvIdsqzJmUmCX3cZuD2+P3XyyzwMhlA="
        }
      ]
    },
    {
      "bom-ref": "pkg:golang/golang.org/x/term@v0.27.0?package-id=13eb90f456306387",
      "type": "library",
      "name": "golang.org/x/term",
      "version": "v0.27.0",
      "cpe": "cpe:2.3:a:golang:x\\/term:v0.27.0:*:*:*:*:*:*:*",
      "purl": "pkg:golang/golang.org/x/term@v0.27.0",
      "properties": [
        {
          "name": "syft:package:foundBy",
          "value": "go-module-binary-cataloger"
        },
        {
          "name": "syft:package:language",
          "value": "go"
        },
        {
          "name": "syft:package:metadataType",
          "value": "GolangBinMetadata"
        },
        {
          "name": "syft:package:type",
          "value": "go-module"
        },
        {
          "name": "syft:location:0:layerID",
          "value": "sha256:3e40f9622b645246f3733a14d0517fe945005ffc9ae213df611db407f989a9fb"
        },
        {
          "name": "syft:location:0:path",
          "value": "/manager"
        },
        {
          "name": "syft:metadata:architecture",
          "value": "amd64"
        },
        {
          "name": "syft:metadata:goCompiledVersion",
          "value": "go1.23.4"
        },
        {
          "name": "syft:metadata:h1Digest",
          "value": "h1:WP60Sv1nlK1T6SupCHbXzSaN0b9wUmsPoRS9b61A23Q="
        }
      ]
    },
    {
      "bom-ref": "pkg:golang/golang.org/x/text@v0.21.0?package-id=7511082a36126f4c",
      "type": "library",
      "name": "golang.org/x/text",
      "version": "v0.21.0",
      "cpe": "cpe:2.3:a:golang:x\\/text:v0.21.0:*:*:*:*:*:*:*",
      "purl": "pkg:golang/golang.org/x/text@v0.21.0",
      "properties": [
        {
          "name": "syft:package:foundBy",
          "value": "go-module-binary-cataloger"
        },
        {
          "name": "syft:package:language",
          "value": "go"
        },
        {
          "name": "syft:package:metadataType",
          "value": "GolangBinMetadata"
        },
        {
          "name": "syft:package:type",
          "value": "go-module"
        },
        {
          "name": "syft:location:0:layerID",
          "value": "sha256:3e40f9622b645246f3733a14d0517fe945005ffc9ae213df611db407f989a9fb"
        },
        {
          "name": "syft:location:0:path",
          "value": "/manager"
        },
        {
          "name": "syft:metadata:architecture",
          "value": "amd64"
        },
        {
          "name": "syft:metadata:goCompiledVersion",
          "value": "go1.23.4"
        },
        {
          "name": "syft:metadata:h1Digest",
          "value": "h1:zyQAAkrwaneQ066sspRyJaG9VNi/YJ1NfzcGB3hZ/qo="
        }
      ]
    },
    {
      "bom-ref": "pkg:golang/golang.org/x/time@v0.8.0?package-id=687fb8123197f29f",
      "type": "library",
      "name": "golang.org/x/time",
      "version": "v0.8.0",
      "cpe": "cpe:2.3:a:golang:x\\/time:v0.8.0:*:*:*:*:*:*:*",
      "purl": "pkg:golang/golang.org/x/time@v0.8.0",
      "properties": [
        {
          "name": "syft:package:foundBy",
          "value": "go-module-binary-cataloger"
        },
        {
          "name": "syft:package:language",
          "value": "go"
        },
        {
          "name": "syft:package:metadataType",
          "value": "GolangBinMetadata"
        },
        {
          "name": "syft:package:type",
          "value": "go-module"
        },
        {
          "name": "syft:location:0:layerID",
          "value": "sha256:3e40f9622b645246f3733a14d0517fe945005ffc9ae213df611db407f989a9fb"
        },
        {
          "name": "syft:location:0:path",
          "value": "/manager"
        },
        {
          "name": "syft:metadata:architecture",
          "value": "amd64"
        },
        {
          "name": "syft:metadata:goCompiledVersion",
          "value": "go1.23.4"
        },
        {
          "name": "syft:metadata:h1Digest",
          "value": "h1:9i3RxcPv3PZnitoVGMPDKZSq1xW1gK1Xy3ArNOGZfEg="
        }
      ]
    },
    {
      "bom-ref": "pkg:golang/gomodules.xyz/jsonpatch/v2@v2.4.0?package-id=950ccafdd3c8bc15",
      "type": "library",
      "name": "gomodules.xyz/jsonpatch/v2",
      "version": "v2.4.0",
      "cpe": "cpe:2.3:a:jsonpatch:v2:v2.4.0:*:*:*:*:*:*:*",
      "purl": "pkg:golang/gomodules.xyz/jsonpatch/v2@v2.4.0",
      "properties": [
        {
          "name": "syft:package:foundBy",
          "value": "go-module-binary-cataloger"
        },
        {
          "name": "syft:package:language",
          "value": "go"
        },
        {
          "name": "syft:package:metadataType",
          "value": "GolangBinMetadata"
        },
        {
          "name": "syft:package:type",
          "value": "go-module"
        },
        {
          "name": "syft:location:0:layerID",
          "value": "sha256:3e40f9622b645246f3733a14d0517fe945005ffc9ae213df611db407f989a9fb"
        },
        {
          "name": "syft:location:0:path",
          "value": "/manager"
        },
        {
          "name": "syft:metadata:architecture",
          "value": "amd64"
        },
        {
          "name": "syft:metadata:goCompiledVersion",
          "value": "go1.23.4"
        },
        {
          "name": "syft:metadata:h1Digest",
          "value": "h1:Ci3iUJyx9UeRx7CeFN8ARgGbkESwJK+KB9lLcWxY/Zw="
        }
      ]
    },
    {
      "bom-ref": "pkg:golang/google.golang.org/protobuf@v1.36.1?package-id=fdf395862f6eab2b",
      "type": "library",
      "name": "google.golang.org/protobuf",
      "version": "v1.36.1",
      "cpe": "cpe:2.3:a:google:protobuf:v1.36.1:*:*:*:*:*:*:*",
      "purl": "pkg:golang/google.golang.org/protobuf@v1.36.1",
      "properties": [
        {
          "name": "syft:package:foundBy",
          "value": "go-module-binary-cataloger"
        },
        {
          "name": "syft:package:language",
          "value": "go"
        },
        {
          "name": "syft:package:metadataType",
          "value": "GolangBinMetadata"
        },
        {
          "name": "syft:package:type",
          "value": "go-module"
        },
        {
          "name": "syft:location:0:layerID",
          "value": "sha256:3e40f9622b645246f3733a14d0517fe945005ffc9ae213df611db407f989a9fb"
        },
        {
          "name": "syft:location:0:path",
          "value": "/manager"
        },
        {
          "name": "syft:metadata:architecture",
          "value": "amd64"
        },
        {
          "name": "syft:metadata:goCompiledVersion",
          "value": "go1.23.4"
        },
        {
          "name": "syft:metadata:h1Digest",
          "value": "h1:yBPeRvTftaleIgM3PZ/WBIZ7XM/eEYAaEyCwvyjq/gk="
        }
      ]
    },
    {
      "bom-ref": "pkg:golang/gopkg.in/evanphx/json-patch.v4@v4.12.0?package-id=1d430ac29770903b",
      "type": "library",
      "name": "gopkg.in/evanphx/json-patch.v4",
      "version": "v4.12.0",
      "purl": "pkg:golang/gopkg.in/evanphx/json-patch.v4@v4.12.0",
      "properties": [
        {
          "name": "syft:package:foundBy",
          "value": "go-module-binary-cataloger"
        },
        {
          "name": "syft:package:language",
          "value": "go"
        },
        {
          "name": "syft:package:metadataType",
          "value": "GolangBinMetadata"
        },
        {
          "name": "syft:package:type",
          "value": "go-module"
        },
        {
          "name": "syft:location:0:layerID",
          "value": "sha256:3e40f9622b645246f3733a14d0517fe945005ffc9ae213df611db407f989a9fb"
        },
        {
          "name": "syft:location:0:path",
          "value": "/manager"
        },
        {
          "name": "syft:metadata:architecture",
          "value": "amd64"
        },
        {
          "name": "syft:metadata:goCompiledVersion",
          "value": "go1.23.4"
        },
        {
          "name": "syft:metadata:h1Digest",
          "value": "h1:n6jtcsulIzXPJaxegRbvFNNrZDjbij7ny3gmSPG+6V4="
        }
      ]
    },
    {
      "bom-ref": "pkg:golang/gopkg.in/inf.v0@v0.9.1?package-id=8562cc7b083c1f5e",
      "type": "library",
      "name": "gopkg.in/inf.v0",
      "version": "v0.9.1",
      "purl": "pkg:golang/gopkg.in/inf.v0@v0.9.1",
      "properties": [
        {
          "name": "syft:package:foundBy",
          "value": "go-module-binary-cataloger"
        },
        {
          "name": "syft:package:language",
          "value": "go"
        },
        {
          "name": "syft:package:metadataType",
          "value": "GolangBinMetadata"
        },
        {
          "name": "syft:package:type",
          "value": "go-module"
        },
        {
          "name": "syft:location:0:layerID",
          "value": "sha256:3e40f9622b645246f3733a14d0517fe945005ffc9ae213df611db407f989a9fb"
        },
        {
          "name": "syft:location:0:path",
          "value": "/manager"
        },
        {
          "name": "syft:metadata:architecture",
          "value": "amd64"
        },
        {
          "name": "syft:metadata:goCompiledVersion",
          "value": "go1.23.4"
        },
        {
          "name": "syft:metadata:h1Digest",
          "value": "h1:73M5CoZyi3ZLMOyDlQh031Cx6N9NDJ2Vvfl76EDAgDc="
        }
      ]
    },
    {
      "bom-ref": "pkg:golang/gopkg.in/yaml.v3@v3.0.1?package-id=955ff72739c93e1d",
      "type": "library",
      "name": "gopkg.in/yaml.v3",
      "version": "v3.0.1",
      "purl": "pkg:golang/gopkg.in/yaml.v3@v3.0.1",
      "properties": [
        {
          "name": "syft:package:foundBy",
          "value": "go-module-binary-cataloger"
        },
        {
          "name": "syft:package:language",
          "value": "go"
        },
        {
          "name": "syft:package:metadataType",
          "value": "GolangBinMetadata"
        },
        {
          "name": "syft:package:type",
          "value": "go-module"
        },
        {
          "name": "syft:location:0:layerID",
          "value": "sha256:3e40f9622b645246f3733a14d0517fe945005ffc9ae213df611db407f989a9fb"
        },
        {
          "name": "syft:location:0:path",
          "value": "/manager"
        },
        {
          "name": "syft:metadata:architecture",
          "value": "amd64"
        },
        {
          "name": "syft:metadata:goCompiledVersion",
          "value": "go1.23.4"
        },
        {
          "name": "syft:metadata:h1Digest",
          "value": "h1:fxVm/GzAzEWqLHuvctI91KS9hhNmmWOoWu0XTYJS7CA="
        }
      ]
    },
    {
      "bom-ref": "pkg:golang/k8s.io/api@v0.32.0?package-id=959efd002ffb9731",
      "type": "library",
      "name": "k8s.io/api",
      "version": "v0.32.0",
      "purl": "pkg:golang/k8s.io/api@v0.32.0",
      "properties": [
        {
          "name": "syft:package:foundBy",
          "value": "go-module-binary-cataloger"
        },
        {
          "name": "syft:package:language",
          "value": "go"
        },
        {
          "name": "syft:package:metadataType",
          "value": "GolangBinMetadata"
        },
        {
          "name": "syft:package:type",
          "value": "go-module"
        },
        {
          "name": "syft:location:0:layerID",
          "value": "sha256:3e40f9622b645246f3733a14d0517fe945005ffc9ae213df611db407f989a9fb"
        },
        {
          "name": "syft:location:0:path",
          "value": "/manager"
        },
        {
          "name": "syft:metadata:architecture",
          "value": "amd64"
        },
        {
          "name": "syft:metadata:goCompiledVersion",
          "value": "go1.23.4"
        },
        {
          "name": "syft:metadata:h1Digest",
          "value": "h1:OL9JpbvAU5ny9ga2fb24X8H6xQlVp+aJMFlgtQjR9CE="
        }
      ]
    },
    {
      "bom-ref": "pkg:golang/k8s.io/apiextensions-apiserver@v0.32.0?package-id=379ea4e7cf2a6e98",
      "type": "library",
      "name": "k8s.io/apiextensions-apiserver",
      "version": "v0.32.0",
      "purl": "pkg:golang/k8s.io/apiextensions-apiserver@v0.32.0",
      "properties": [
        {
          "name": "syft:package:foundBy",
          "value": "go-module-binary-cataloger"
        },
        {
          "name": "syft:package:language",
          "value": "go"
        },
        {
          "name": "syft:package:metadataType",
          "value": "GolangBinMetadata"
        },
        {
          "name": "syft:package:type",
          "value": "go-module"
        },
        {
          "name": "syft:location:0:layerID",
          "value": "sha256:3e40f9622b645246f3733a14d0517fe945005ffc9ae213df611db407f989a9fb"
        },
        {
          "name": "syft:location:0:path",
          "value": "/manager"
        },
        {
          "name": "syft:metadata:architecture",
          "value": "amd64"
        },
        {
          "name": "syft:metadata:goCompiledVersion",
          "value": "go1.23.4"
        },
        {
          "name": "syft:metadata:h1Digest",
          "value": "h1:S0Xlqt51qzzqjKPxfgX1xh4HBZE+p8KKBq+k2SWNOE0="
        }
      ]
    },
    {
      "bom-ref": "pkg:golang/k8s.io/apimachinery@v0.32.0?package-id=5f6020c4d325f35a",
      "type": "library",
      "name": "k8s.io/apimachinery",
      "version": "v0.32.0",
      "purl": "pkg:golang/k8s.io/apimachinery@v0.32.0",
      "properties": [
        {
          "name": "syft:package:foundBy",
          "value": "go-module-binary-cataloger"
        },
        {
          "name": "syft:package:language",
          "value": "go"
        },
        {
          "name": "syft:package:metadataType",
          "value": "GolangBinMetadata"
        },
        {
          "name": "syft:package:type",
          "value": "go-module"
        },
        {
          "name": "syft:location:0:layerID",
          "value": "sha256:3e40f9622b645246f3733a14d0517fe945005ffc9ae213df611db407f989a9fb"
        },
        {
          "name": "syft:location:0:path",
          "value": "/manager"
        },
        {
          "name": "syft:metadata:architecture",
          "value": "amd64"
        },
        {
          "name": "syft:metadata:goCompiledVersion",
          "value": "go1.23.4"
        },
        {
          "name": "syft:metadata:h1Digest",
          "value": "h1:cFSE7N3rmEEtv4ei5X6DaJPHHX0C+upp+v5lVPiEwpg="
        }
      ]
    },
    {
      "bom-ref": "pkg:golang/k8s.io/client-go@v0.32.0?package-id=c7bcf22a189e9188",
      "type": "library",
      "name": "k8s.io/client-go",
      "version": "v0.32.0",
      "purl": "pkg:golang/k8s.io/client-go@v0.32.0",
      "properties": [
        {
          "name": "syft:package:foundBy",
          "value": "go-module-binary-cataloger"
        },
        {
          "name": "syft:package:language",
          "value": "go"
        },
        {
          "name": "syft:package:metadataType",
          "value": "GolangBinMetadata"
        },
        {
          "name": "syft:package:type",
          "value": "go-module"
        },
        {
          "name": "syft:location:0:layerID",
          "value": "sha256:3e40f9622b645246f3733a14d0517fe945005ffc9ae213df611db407f989a9fb"
        },
        {
          "name": "syft:location:0:path",
          "value": "/manager"
        },
        {
          "name": "syft:metadata:architecture",
          "value": "amd64"
        },
        {
          "name": "syft:metadata:goCompiledVersion",
          "value": "go1.23.4"
        },
        {
          "name": "syft:metadata:h1Digest",
          "value": "h1:DimtMcnN/JIKZcrSrstiwvvZvLjG0aSxy8PxN8IChp8="
        }
      ]
    },
    {
      "bom-ref": "pkg:golang/k8s.io/klog/v2@v2.130.1?package-id=3c1e2a02f32030ec",
      "type": "library",
      "name": "k8s.io/klog/v2",
      "version": "v2.130.1",
      "cpe": "cpe:2.3:a:klog:v2:v2.130.1:*:*:*:*:*:*:*",
      "purl": "pkg:golang/k8s.io/klog/v2@v2.130.1",
      "properties": [
        {
          "name": "syft:package:foundBy",
          "value": "go-module-binary-cataloger"
        },
        {
          "name": "syft:package:language",
          "value": "go"
        },
        {
          "name": "syft:package:metadataType",
          "value": "GolangBinMetadata"
        },
        {
          "name": "syft:package:type",
          "value": "go-module"
        },
        {
          "name": "syft:location:0:layerID",
          "value": "sha256:3e40f9622b645246f3733a14d0517fe945005ffc9ae213df611db407f989a9fb"
        },
        {
          "name": "syft:location:0:path",
          "value": "/manager"
        },
        {
          "name": "syft:metadata:architecture",
          "value": "amd64"
        },
        {
          "name": "syft:metadata:goCompiledVersion",
          "value": "go1.23.4"
        },
        {
          "name": "syft:metadata:h1Digest",
          "value": "h1:n9Xl7H1Xvksem4KFG4PYbdQCQxqc/tTUyrgXaOhHSzk="
        }
      ]
    },
    {
      "bom-ref": "pkg:golang/k8s.io/kube-openapi@v0.0.0-20241105132330-32ad38e42d3f?package-id=228050a8266d0871",
      "type": "library",
      "name": "k8s.io/kube-openapi",
      "version": "v0.0.0-20241105132330-32ad38e42d3f",
      "purl": "pkg:golang/k8s.io/kube-openapi@v0.0.0-20241105132330-32ad38e42d3f",
      "properties": [
        {
          "name": "syft:package:foundBy",
          "value": "go-module-binary-cataloger"
        },
        {
          "name": "syft:package:language",
          "value": "go"
        },
        {
          "name": "syft:package:metadataType",
          "value": "GolangBinMetadata"
        },
        {
          "name": "syft:package:type",
          "value": "go-module"
        },
        {
          "name": "syft:location:0:layerID",
          "value": "sha256:3e40f9622b645246f3733a14d0517fe945005ffc9ae213df611db407f989a9fb"
        },
        {
          "name": "syft:location:0:path",
          "value": "/manager"
        },
        {
          "name": "syft:metadata:architecture",
          "value": "amd64"
        },
        {
          "name": "syft:metadata:goCompiledVersion",
          "value": "go1.23.4"
        },
        {
          "name": "syft:metadata:h1Digest",
          "value": "h1:GA7//TjRY9yWGy1poLzYYJJ4JRdzg3+O6e8I+e+8T5Y="
        }
      ]
    },
    {
      "bom-ref": "pkg:golang/k8s.io/utils@v0.0.0-20241104100929-3ea5e8cea738?package-id=87711afe49fc9c3c",
      "type": "library",
      "name": "k8s.io/utils",
      "version": "v0.0.0-20241104100929-3ea5e8cea738",
      "purl": "pkg:golang/k8s.io/utils@v0.0.0-20241104100929-3ea5e8cea738",
      "properties": [
        {
          "name": "syft:package:foundBy",
          "value": "go-module-binary-cataloger"
        },
        {
          "name": "syft:package:language",
          "value": "go"
        },
        {
          "name": "syft:package:metadataType",
          "value": "GolangBinMetadata"
        },
        {
          "name": "syft:package:type",
          "value": "go-module"
        },
        {
          "name": "syft:location:0:layerID",
          "value": "sha256:3e40f9622b645246f3733a14d0517fe945005ffc9ae213df611db407f989a9fb"
        },
        {
          "name": "syft:location:0:path",
          "value": "/manager"
        },
        {
          "name": "syft:metadata:architecture",
          "value": "amd64"
        },
        {
          "name": "syft:metadata:goCompiledVersion",
          "value": "go1.23.4"
        },
        {
          "name": "syft:metadata:h1Digest",
          "value": "h1:M3sRQVHv7vB20Xc2ybTt7ODCeFj6JSWYFzOFnYeS6Ro="
        }
      ]
    },
    {
      "bom-ref": "pkg:golang/sigs.k8s.io/controller-runtime@v0.19.3?package-id=a17ee95e234c92fc",
      "type": "library",
      "name": "sigs.k8s.io/controller-runtime",
      "version": "v0.19.3",
      "purl": "pkg:golang/sigs.k8s.io/controller-runtime@v0.19.3",
      "properties": [
        {
          "name": "syft:package:foundBy",
          "value": "go-module-binary-cataloger"
        },
        {
          "name": "syft:package:language",
          "value": "go"
        },
        {
          "name": "syft:package:metadataType",
          "value": "GolangBinMetadata"
        },
        {
          "name": "syft:package:type",
          "value": "go-module"
        },
        {
          "name": "syft:location:0:layerID",
          "value": "sha256:3e40f9622b645246f3733a14d0517fe945005ffc9ae213df611db407f989a9fb"
        },
        {
          "name": "syft:location:0:path",
          "value": "/manager"
        },
        {
          "name": "syft:metadata:architecture",
          "value": "amd64"
        },
        {
          "name": "syft:metadata:goCompiledVersion",
          "value": "go1.23.4"
        },
        {
          "name": "syft:metadata:h1Digest",
          "value": "h1:XO2GvC9OPftRst6xWCpTgBZO04S2cbp0Qqkj8bX1sPw="
        }
      ]
    },
    {
      "bom-ref": "pkg:golang/sigs.k8s.io/json@v0.0.0-20241010143419-9aa6b5e7a4b3?package-id=d0c51a8936240d72",
      "type": "library",
      "name": "sigs.k8s.io/json",
      "version": "v0.0.0-20241010143419-9aa6b5e7a4b3",
      "purl": "pkg:golang/sigs.k8s.io/json@v0.0.0-20241010143419-9aa6b5e7a4b3",
      "properties": [
        {
          "name": "syft:package:foundBy",
          "value": "go-module-binary-cataloger"
        },
        {
          "name": "syft:package:language",
          "value": "go"
        },
        {
          "name": "syft:package:metadataType",
          "value": "GolangBinMetadata"
        },
        {
          "name": "syft:package:type",
          "value": "go-module"
        },
        {
          "name": "syft:location:0:layerID",
          "value": "sha256:3e40f9622b645246f3733a14d0517fe945005ffc9ae213df611db407f989a9fb"
        },
        {
          "name": "syft:location:0:path",
          "value": "/manager"
        },
        {
          "name": "syft:metadata:architecture",
          "value": "amd64"
        },
        {
          "name": "syft:metadata:goCompiledVersion",
          "value": "go1.23.4"
        },
        {
          "name": "syft:metadata:h1Digest",
          "value": "h1:/Rv+M11QRah1itp8VhT6HoVx1Ray9eB4DBr+K+/sCJ8="
        }
      ]
    },
    {
      "bom-ref": "pkg:golang/sigs.k8s.io/structured-merge-diff/v4@v4.4.2?package-id=50a231cf674f8a9d",
      "type": "library",
      "name": "sigs.k8s.io/structured-merge-diff/v4",
      "version": "v4.4.2",
      "cpe": "cpe:2.3:a:structured-merge-diff:v4:v4.4.2:*:*:*:*:*:*:*",
      "purl": "pkg:golang/sigs.k8s.io/structured-merge-diff/v4@v4.4.2",
      "properties": [
        {
          "name": "syft:package:foundBy",
          "value": "go-module-binary-cataloger"
        },
        {
          "name": "syft:package:language",
          "value": "go"
        },
        {
          "name": "syft:package:metadataType",
          "value": "GolangBinMetadata"
        },
        {
          "name": "syft:package:type",
          "value": "go-module"
        },
        {
          "name": "syft:cpe23",
          "value": "cpe:2.3:a:structured_merge_diff:v4:v4.4.2:*:*:*:*:*:*:*"
        },
        {
          "name": "syft:cpe23",
          "value": "cpe:2.3:a:structured-merge:v4:v4.4.2:*:*:*:*:*:*:*"
        },
        {
          "name": "syft:cpe23",
          "value": "cpe:2.3:a:structured_merge:v4:v4.4.2:*:*:*:*:*:*:*"
        },
        {
          "name": "syft:cpe23",
          "value": "cpe:2.3:a:structured:v4:v4.4.2:*:*:*:*:*:*:*"
        },
        {
          "name": "syft:location:0:layerID",
          "value": "sha256:3e40f9622b645246f3733a14d0517fe945005ffc9ae213df611db407f989a9fb"
        },
        {
          "name": "syft:location:0:path",
          "value": "/manager"
        },
        {
          "name": "syft:metadata:architecture",
          "value": "amd64"
        },
        {
          "name": "syft:metadata:goCompiledVersion",
          "value": "go1.23.4"
        },
        {
          "name": "syft:metadata:h1Digest",
          "value": "h1:MdmvkGuXi/8io6ixD5wud3vOLwc1rj0aNqRlpuvjmwA="
        }
      ]
    },
    {
      "bom-ref": "pkg:golang/sigs.k8s.io/yaml@v1.4.0?package-id=2cb23e544e424713",
      "type": "library",
      "name": "sigs.k8s.io/yaml",
      "version": "v1.4.0",
      "purl": "pkg:golang/sigs.k8s.io/yaml@v1.4.0",
      "properties": [
        {
          "name": "syft:package:foundBy",
          "value": "go-module-binary-cataloger"
        },
        {
          "name": "syft:package:language",
          "value": "go"
        },
        {
          "name": "syft:package:metadataType",
          "value": "GolangBinMetadata"
        },
        {
          "name": "syft:package:type",
          "value": "go-module"
        },
        {
          "name": "syft:location:0:layerID",
          "value": "sha256:3e40f9622b645246f3733a14d0517fe945005ffc9ae213df611db407f989a9fb"
        },
        {
          "name": "syft:location:0:path",
          "value": "/manager"
        },
        {
          "name": "syft:metadata:architecture",
          "value": "amd64"
        },
        {
          "name": "syft:metadata:goCompiledVersion",
          "value": "go1.23.4"
        },
        {
          "name": "syft:metadata:h1Digest",
          "value": "h1:Mk1wCc2gy/F0THH0TAp1QYyJNzRm2KCLy3o5ASXVI5E="
        }
      ]
    },
    {
      "type": "operating-system",
      "name": "rhel",
      "version": "9.5",
      "description": "Red Hat Enterprise Linux 9.5 (Plow)",
      "cpe": "cpe:/o:redhat:enterprise_linux:9::baseos",
      "swid": {
        "tagId": "rhel",
        "name": "rhel",
        "version": "9.5"
      },
      "externalReferences": [
        {
          "url": "https://issues.redhat.com/",
          "type": "issue-tracker"
        },
        {
          "url": "https://www.redhat.com/",
          "type": "website"
        }
      ],
      "properties": [
        {
          "name": "syft:distro:id",
          "value": "rhel"
        },
        {
          "name": "syft:distro:idLike:0",
          "value": "fedora"
        },
        {
          "name": "syft:distro:prettyName",
          "value": "Red Hat Enterprise Linux 9.5 (Plow)"
        },
        {
          "name": "syft:distro:versionID",
          "value": "9.5"
        }
      ]
    }
  ]
}
