{
  "components": [
    {
      "bom-ref": "pkg:github/mongodb/libmongocrypt@1.12.0",
      "externalReferences": [
        {
          "type": "distribution",
          "url": "https://github.com/mongodb/libmongocrypt/archive/refs/tags/1.12.0.tar.gz"
        },
        {
          "type": "website",
          "url": "https://github.com/mongodb/libmongocrypt/tree/1.12.0"
        }
      ],
      "group": "mongodb",
      "name": "libmongocrypt",
      "purl": "pkg:github/mongodb/libmongocrypt@1.12.0",
      "type": "library",
      "version": "1.12.0"
    },
    {
      "bom-ref": "pkg:github/mongodb/mongo-c-driver@1.30.3",
      "externalReferences": [
        {
          "type": "distribution",
          "url": "https://github.com/mongodb/mongo-c-driver/archive/refs/tags/1.30.3.tar.gz"
        },
        {
          "type": "website",
          "url": "https://github.com/mongodb/mongo-c-driver/tree/1.30.3"
        }
      ],
      "group": "mongodb",
      "name": "mongo-c-driver",
      "purl": "pkg:github/mongodb/mongo-c-driver@1.30.3",
      "type": "library",
      "version": "1.30.3"
    }
  ],
  "dependencies": [
    {
      "ref": "pkg:github/mongodb/libmongocrypt@1.12.0"
    },
    {
      "ref": "pkg:github/mongodb/mongo-c-driver@1.30.3"
    }
  ],
  "metadata": {
    "timestamp": "2025-04-09T07:40:24.233811+00:00",
    "tools": [
      {
        "externalReferences": [
          {
            "type": "build-system",
            "url": "https://github.com/CycloneDX/cyclonedx-python-lib/actions"
          },
          {
            "type": "distribution",
            "url": "https://pypi.org/project/cyclonedx-python-lib/"
          },
          {
            "type": "documentation",
            "url": "https://cyclonedx-python-library.readthedocs.io/"
          },
          {
            "type": "issue-tracker",
            "url": "https://github.com/CycloneDX/cyclonedx-python-lib/issues"
          },
          {
            "type": "license",
            "url": "https://github.com/CycloneDX/cyclonedx-python-lib/blob/main/LICENSE"
          },
          {
            "type": "release-notes",
            "url": "https://github.com/CycloneDX/cyclonedx-python-lib/blob/main/CHANGELOG.md"
          },
          {
            "type": "vcs",
            "url": "https://github.com/CycloneDX/cyclonedx-python-lib"
          },
          {
            "type": "website",
            "url": "https://github.com/CycloneDX/cyclonedx-python-lib/#readme"
          }
        ],
        "name": "cyclonedx-python-lib",
        "vendor": "CycloneDX",
        "version": "6.4.4"
      }
    ]
  },
  "serialNumber": "urn:uuid:acb30d08-ee47-4ff0-b301-d66ef1f54082",
  "version": 11,
  "$schema": "http://cyclonedx.org/schema/bom-1.5.schema.json",
  "bomFormat": "CycloneDX",
  "specVersion": "1.5"
}
