{"spdxVersion":"SPDX-2.3","dataLicense":"CC0-1.0","SPDXID":"SPDXRef-DOCUMENT","name":"nats-server","documentNamespace":"https://anchore.com/syft/file/nats-server-f17024a6-1451-40c8-930b-0d01912c5e33","creationInfo":{"licenseListVersion":"3.25","creators":["Organization: Anchore, Inc","Tool: syft-1.20.0"],"created":"2025-04-17T17:47:57Z"},"packages":[{"name":"github.com/klauspost/compress","SPDXID":"SPDXRef-Package-go-module-github.com-klauspost-compress-f4b1d87c46dd6ee2","versionInfo":"v1.18.0","supplier":"NOASSERTION","downloadLocation":"NOASSERTION","filesAnalyzed":false,"checksums":[{"algorithm":"SHA256","checksumValue":"73f0aa7dbd2bf988be26d204abbdc55975644689c195fd0244d61cf19b6dc5da"}],"sourceInfo":"acquired package info from go module information: /nats-server","licenseConcluded":"NOASSERTION","licenseDeclared":"NOASSERTION","copyrightText":"NOASSERTION","externalRefs":[{"referenceCategory":"SECURITY","referenceType":"cpe23Type","referenceLocator":"cpe:2.3:a:klauspost:compress:v1.18.0:*:*:*:*:*:*:*"},{"referenceCategory":"PACKAGE-MANAGER","referenceType":"purl","referenceLocator":"pkg:golang/github.com/klauspost/compress@v1.18.0"}]},{"name":"github.com/minio/highwayhash","SPDXID":"SPDXRef-Package-go-module-github.com-minio-highwayhash-9f98d776e199b79d","versionInfo":"v1.0.3","supplier":"NOASSERTION","downloadLocation":"NOASSERTION","filesAnalyzed":false,"checksums":[{"algorithm":"SHA256","checksumValue":"91b9ee50ca07632565eeccd68d2c499f1c35d64d94ef4f63a853cf9885320fa4"}],"sourceInfo":"acquired package info from go module information: /nats-server","licenseConcluded":"NOASSERTION","licenseDeclared":"NOASSERTION","copyrightText":"NOASSERTION","externalRefs":[{"referenceCategory":"SECURITY","referenceType":"cpe23Type","referenceLocator":"cpe:2.3:a:minio:highwayhash:v1.0.3:*:*:*:*:*:*:*"},{"referenceCategory":"PACKAGE-MANAGER","referenceType":"purl","referenceLocator":"pkg:golang/github.com/minio/highwayhash@v1.0.3"}]},{"name":"github.com/nats-io/jwt/v2","SPDXID":"SPDXRef-Package-go-module-github.com-nats-io-jwt-v2-193ebae2d1b22a44","versionInfo":"v2.7.3","supplier":"NOASSERTION","downloadLocation":"NOASSERTION","filesAnalyzed":false,"checksums":[{"algorithm":"SHA256","checksumValue":"e9b34f2be157801780a9d8f871843417c5621d16e2ef0a102eae16dbd9d40331"}],"sourceInfo":"acquired package info from go module information: /nats-server","licenseConcluded":"NOASSERTION","licenseDeclared":"NOASSERTION","copyrightText":"NOASSERTION","externalRefs":[{"referenceCategory":"SECURITY","referenceType":"cpe23Type","referenceLocator":"cpe:2.3:a:nats-io:jwt\\/v2:v2.7.3:*:*:*:*:*:*:*"},{"referenceCategory":"SECURITY","referenceType":"cpe23Type","referenceLocator":"cpe:2.3:a:nats_io:jwt\\/v2:v2.7.3:*:*:*:*:*:*:*"},{"referenceCategory":"SECURITY","referenceType":"cpe23Type","referenceLocator":"cpe:2.3:a:nats:jwt\\/v2:v2.7.3:*:*:*:*:*:*:*"},{"referenceCategory":"PACKAGE-MANAGER","referenceType":"purl","referenceLocator":"pkg:golang/github.com/nats-io/jwt@v2.7.3#v2"}]},{"name":"github.com/nats-io/nats-server/v2","SPDXID":"SPDXRef-Package-go-module-github.com-nats-io-nats-server-v2-0b02aa2815c33ec6","versionInfo":"v0.0.0-20250417174126-297c4dd7c39c","supplier":"NOASSERTION","downloadLocation":"NOASSERTION","filesAnalyzed":false,"sourceInfo":"acquired package info from go module information: /nats-server","licenseConcluded":"NOASSERTION","licenseDeclared":"NOASSERTION","copyrightText":"NOASSERTION","externalRefs":[{"referenceCategory":"SECURITY","referenceType":"cpe23Type","referenceLocator":"cpe:2.3:a:nats-io:nats-server\\/v2:v0.0.0-20250417174126-297c4dd7c39c:*:*:*:*:*:*:*"},{"referenceCategory":"SECURITY","referenceType":"cpe23Type","referenceLocator":"cpe:2.3:a:nats-io:nats_server\\/v2:v0.0.0-20250417174126-297c4dd7c39c:*:*:*:*:*:*:*"},{"referenceCategory":"SECURITY","referenceType":"cpe23Type","referenceLocator":"cpe:2.3:a:nats_io:nats-server\\/v2:v0.0.0-20250417174126-297c4dd7c39c:*:*:*:*:*:*:*"},{"referenceCategory":"SECURITY","referenceType":"cpe23Type","referenceLocator":"cpe:2.3:a:nats_io:nats_server\\/v2:v0.0.0-20250417174126-297c4dd7c39c:*:*:*:*:*:*:*"},{"referenceCategory":"SECURITY","referenceType":"cpe23Type","referenceLocator":"cpe:2.3:a:nats:nats-server\\/v2:v0.0.0-20250417174126-297c4dd7c39c:*:*:*:*:*:*:*"},{"referenceCategory":"SECURITY","referenceType":"cpe23Type","referenceLocator":"cpe:2.3:a:nats:nats_server\\/v2:v0.0.0-20250417174126-297c4dd7c39c:*:*:*:*:*:*:*"},{"referenceCategory":"PACKAGE-MANAGER","referenceType":"purl","referenceLocator":"pkg:golang/github.com/nats-io/nats-server@v0.0.0-20250417174126-297c4dd7c39c#v2"}]},{"name":"github.com/nats-io/nkeys","SPDXID":"SPDXRef-Package-go-module-github.com-nats-io-nkeys-f50c5cb13b1ecf6f","versionInfo":"v0.4.11","supplier":"NOASSERTION","downloadLocation":"NOASSERTION","filesAnalyzed":false,"checksums":[{"algorithm":"SHA256","checksumValue":"ab8e2a195d34f2461df56d5bd6710190dcef9d6c6d45243b03c068a91adc7dad"}],"sourceInfo":"acquired package info from go module information: /nats-server","licenseConcluded":"NOASSERTION","licenseDeclared":"NOASSERTION","copyrightText":"NOASSERTION","externalRefs":[{"referenceCategory":"SECURITY","referenceType":"cpe23Type","referenceLocator":"cpe:2.3:a:nats-io:nkeys:v0.4.11:*:*:*:*:*:*:*"},{"referenceCategory":"SECURITY","referenceType":"cpe23Type","referenceLocator":"cpe:2.3:a:nats_io:nkeys:v0.4.11:*:*:*:*:*:*:*"},{"referenceCategory":"SECURITY","referenceType":"cpe23Type","referenceLocator":"cpe:2.3:a:nats:nkeys:v0.4.11:*:*:*:*:*:*:*"},{"referenceCategory":"PACKAGE-MANAGER","referenceType":"purl","referenceLocator":"pkg:golang/github.com/nats-io/nkeys@v0.4.11"}]},{"name":"github.com/nats-io/nuid","SPDXID":"SPDXRef-Package-go-module-github.com-nats-io-nuid-ea49e4be19238784","versionInfo":"v1.0.1","supplier":"NOASSERTION","downloadLocation":"NOASSERTION","filesAnalyzed":false,"checksums":[{"algorithm":"SHA256","checksumValue":"e6203c0d3f15eeaf162b611272fda969d35afeb4c449cd4a7673f0e130b6a5ac"}],"sourceInfo":"acquired package info from go module information: /nats-server","licenseConcluded":"NOASSERTION","licenseDeclared":"NOASSERTION","copyrightText":"NOASSERTION","externalRefs":[{"referenceCategory":"SECURITY","referenceType":"cpe23Type","referenceLocator":"cpe:2.3:a:nats-io:nuid:v1.0.1:*:*:*:*:*:*:*"},{"referenceCategory":"SECURITY","referenceType":"cpe23Type","referenceLocator":"cpe:2.3:a:nats_io:nuid:v1.0.1:*:*:*:*:*:*:*"},{"referenceCategory":"SECURITY","referenceType":"cpe23Type","referenceLocator":"cpe:2.3:a:nats:nuid:v1.0.1:*:*:*:*:*:*:*"},{"referenceCategory":"PACKAGE-MANAGER","referenceType":"purl","referenceLocator":"pkg:golang/github.com/nats-io/nuid@v1.0.1"}]},{"name":"go.uber.org/automaxprocs","SPDXID":"SPDXRef-Package-go-module-go.uber.org-automaxprocs-36fa556e565b5ae3","versionInfo":"v1.6.0","supplier":"NOASSERTION","downloadLocation":"NOASSERTION","filesAnalyzed":false,"checksums":[{"algorithm":"SHA256","checksumValue":"3b7cb6fd035339d6c5f9efdda5734d5bb471da1678b1320fcb26dbc7236a4d4b"}],"sourceInfo":"acquired package info from go module information: /nats-server","licenseConcluded":"NOASSERTION","licenseDeclared":"NOASSERTION","copyrightText":"NOASSERTION","externalRefs":[{"referenceCategory":"PACKAGE-MANAGER","referenceType":"purl","referenceLocator":"pkg:golang/go.uber.org/automaxprocs@v1.6.0"}]},{"name":"golang.org/x/crypto","SPDXID":"SPDXRef-Package-go-module-golang.org-x-crypto-51080172a9d5420e","versionInfo":"v0.37.0","supplier":"NOASSERTION","downloadLocation":"NOASSERTION","filesAnalyzed":false,"checksums":[{"algorithm":"SHA256","checksumValue":"9093528c5fd7a7b914d2207667ef6f8933cc5b812aaacaf2c0c5cb24e3ac5d21"}],"sourceInfo":"acquired package info from go module information: /nats-server","licenseConcluded":"NOASSERTION","licenseDeclared":"NOASSERTION","copyrightText":"NOASSERTION","externalRefs":[{"referenceCategory":"SECURITY","referenceType":"cpe23Type","referenceLocator":"cpe:2.3:a:golang:x\\/crypto:v0.37.0:*:*:*:*:*:*:*"},{"referenceCategory":"PACKAGE-MANAGER","referenceType":"purl","referenceLocator":"pkg:golang/golang.org/x/crypto@v0.37.0"}]},{"name":"golang.org/x/sys","SPDXID":"SPDXRef-Package-go-module-golang.org-x-sys-9698d38034cbbf10","versionInfo":"v0.32.0","supplier":"NOASSERTION","downloadLocation":"NOASSERTION","filesAnalyzed":false,"checksums":[{"algorithm":"SHA256","checksumValue":"b3bece143bc841e89b0a67b34a793faba8807e476241a262e15ceba0216b376d"}],"sourceInfo":"acquired package info from go module information: /nats-server","licenseConcluded":"NOASSERTION","licenseDeclared":"NOASSERTION","copyrightText":"NOASSERTION","externalRefs":[{"referenceCategory":"SECURITY","referenceType":"cpe23Type","referenceLocator":"cpe:2.3:a:golang:x\\/sys:v0.32.0:*:*:*:*:*:*:*"},{"referenceCategory":"PACKAGE-MANAGER","referenceType":"purl","referenceLocator":"pkg:golang/golang.org/x/sys@v0.32.0"}]},{"name":"golang.org/x/time","SPDXID":"SPDXRef-Package-go-module-golang.org-x-time-a07614b769ec00c4","versionInfo":"v0.11.0","supplier":"NOASSERTION","downloadLocation":"NOASSERTION","filesAnalyzed":false,"checksums":[{"algorithm":"SHA256","checksumValue":"fdba631037cdf6d92837faf27981e7bf985c32573c9dc8cc70ce17064e4d595d"}],"sourceInfo":"acquired package info from go module information: /nats-server","licenseConcluded":"NOASSERTION","licenseDeclared":"NOASSERTION","copyrightText":"NOASSERTION","externalRefs":[{"referenceCategory":"SECURITY","referenceType":"cpe23Type","referenceLocator":"cpe:2.3:a:golang:x\\/time:v0.11.0:*:*:*:*:*:*:*"},{"referenceCategory":"PACKAGE-MANAGER","referenceType":"purl","referenceLocator":"pkg:golang/golang.org/x/time@v0.11.0"}]},{"name":"stdlib","SPDXID":"SPDXRef-Package-go-module-stdlib-f04c537d8141c7ab","versionInfo":"go1.24.2","supplier":"NOASSERTION","downloadLocation":"NOASSERTION","filesAnalyzed":false,"sourceInfo":"acquired package info from go module information: /nats-server","licenseConcluded":"NOASSERTION","licenseDeclared":"BSD-3-Clause","copyrightText":"NOASSERTION","externalRefs":[{"referenceCategory":"SECURITY","referenceType":"cpe23Type","referenceLocator":"cpe:2.3:a:golang:go:1.24.2:-:*:*:*:*:*:*"},{"referenceCategory":"PACKAGE-MANAGER","referenceType":"purl","referenceLocator":"pkg:golang/stdlib@1.24.2"}]},{"name":"nats-server","SPDXID":"SPDXRef-DocumentRoot-File-nats-server","versionInfo":"sha256:59608461d7b64209b176def5d85e8ab74cfd75019f2f735af849a83c614adb30","supplier":"NOASSERTION","downloadLocation":"NOASSERTION","filesAnalyzed":false,"checksums":[{"algorithm":"SHA256","checksumValue":"59608461d7b64209b176def5d85e8ab74cfd75019f2f735af849a83c614adb30"}],"licenseConcluded":"NOASSERTION","licenseDeclared":"NOASSERTION","copyrightText":"NOASSERTION","primaryPackagePurpose":"FILE"}],"files":[{"fileName":"nats-server","SPDXID":"SPDXRef-File-nats-server-f4bac97ccbcfe4d8","fileTypes":["APPLICATION","BINARY"],"checksums":[{"algorithm":"SHA1","checksumValue":"e3401bf00c0f4fde17c55479e776be16002e76d1"},{"algorithm":"SHA256","checksumValue":"59608461d7b64209b176def5d85e8ab74cfd75019f2f735af849a83c614adb30"}],"licenseConcluded":"NOASSERTION","licenseInfoInFiles":["NOASSERTION"],"copyrightText":"NOASSERTION"}],"relationships":[{"spdxElementId":"SPDXRef-Package-go-module-github.com-nats-io-jwt-v2-193ebae2d1b22a44","relatedSpdxElement":"SPDXRef-Package-go-module-github.com-nats-io-nats-server-v2-0b02aa2815c33ec6","relationshipType":"DEPENDENCY_OF"},{"spdxElementId":"SPDXRef-Package-go-module-go.uber.org-automaxprocs-36fa556e565b5ae3","relatedSpdxElement":"SPDXRef-Package-go-module-github.com-nats-io-nats-server-v2-0b02aa2815c33ec6","relationshipType":"DEPENDENCY_OF"},{"spdxElementId":"SPDXRef-Package-go-module-golang.org-x-crypto-51080172a9d5420e","relatedSpdxElement":"SPDXRef-Package-go-module-github.com-nats-io-nats-server-v2-0b02aa2815c33ec6","relationshipType":"DEPENDENCY_OF"},{"spdxElementId":"SPDXRef-Package-go-module-golang.org-x-sys-9698d38034cbbf10","relatedSpdxElement":"SPDXRef-Package-go-module-github.com-nats-io-nats-server-v2-0b02aa2815c33ec6","relationshipType":"DEPENDENCY_OF"},{"spdxElementId":"SPDXRef-Package-go-module-github.com-minio-highwayhash-9f98d776e199b79d","relatedSpdxElement":"SPDXRef-Package-go-module-github.com-nats-io-nats-server-v2-0b02aa2815c33ec6","relationshipType":"DEPENDENCY_OF"},{"spdxElementId":"SPDXRef-Package-go-module-golang.org-x-time-a07614b769ec00c4","relatedSpdxElement":"SPDXRef-Package-go-module-github.com-nats-io-nats-server-v2-0b02aa2815c33ec6","relationshipType":"DEPENDENCY_OF"},{"spdxElementId":"SPDXRef-Package-go-module-github.com-nats-io-nuid-ea49e4be19238784","relatedSpdxElement":"SPDXRef-Package-go-module-github.com-nats-io-nats-server-v2-0b02aa2815c33ec6","relationshipType":"DEPENDENCY_OF"},{"spdxElementId":"SPDXRef-Package-go-module-stdlib-f04c537d8141c7ab","relatedSpdxElement":"SPDXRef-Package-go-module-github.com-nats-io-nats-server-v2-0b02aa2815c33ec6","relationshipType":"DEPENDENCY_OF"},{"spdxElementId":"SPDXRef-Package-go-module-github.com-klauspost-compress-f4b1d87c46dd6ee2","relatedSpdxElement":"SPDXRef-Package-go-module-github.com-nats-io-nats-server-v2-0b02aa2815c33ec6","relationshipType":"DEPENDENCY_OF"},{"spdxElementId":"SPDXRef-Package-go-module-github.com-nats-io-nkeys-f50c5cb13b1ecf6f","relatedSpdxElement":"SPDXRef-Package-go-module-github.com-nats-io-nats-server-v2-0b02aa2815c33ec6","relationshipType":"DEPENDENCY_OF"},{"spdxElementId":"SPDXRef-Package-go-module-github.com-nats-io-nats-server-v2-0b02aa2815c33ec6","relatedSpdxElement":"SPDXRef-File-nats-server-f4bac97ccbcfe4d8","relationshipType":"OTHER","comment":"evident-by: indicates the package's existence is evident by the given file"},{"spdxElementId":"SPDXRef-Package-go-module-github.com-nats-io-jwt-v2-193ebae2d1b22a44","relatedSpdxElement":"SPDXRef-File-nats-server-f4bac97ccbcfe4d8","relationshipType":"OTHER","comment":"evident-by: indicates the package's existence is evident by the given file"},{"spdxElementId":"SPDXRef-Package-go-module-go.uber.org-automaxprocs-36fa556e565b5ae3","relatedSpdxElement":"SPDXRef-File-nats-server-f4bac97ccbcfe4d8","relationshipType":"OTHER","comment":"evident-by: indicates the package's existence is evident by the given file"},{"spdxElementId":"SPDXRef-Package-go-module-golang.org-x-crypto-51080172a9d5420e","relatedSpdxElement":"SPDXRef-File-nats-server-f4bac97ccbcfe4d8","relationshipType":"OTHER","comment":"evident-by: indicates the package's existence is evident by the given file"},{"spdxElementId":"SPDXRef-Package-go-module-golang.org-x-sys-9698d38034cbbf10","relatedSpdxElement":"SPDXRef-File-nats-server-f4bac97ccbcfe4d8","relationshipType":"OTHER","comment":"evident-by: indicates the package's existence is evident by the given file"},{"spdxElementId":"SPDXRef-Package-go-module-github.com-minio-highwayhash-9f98d776e199b79d","relatedSpdxElement":"SPDXRef-File-nats-server-f4bac97ccbcfe4d8","relationshipType":"OTHER","comment":"evident-by: indicates the package's existence is evident by the given file"},{"spdxElementId":"SPDXRef-Package-go-module-golang.org-x-time-a07614b769ec00c4","relatedSpdxElement":"SPDXRef-File-nats-server-f4bac97ccbcfe4d8","relationshipType":"OTHER","comment":"evident-by: indicates the package's existence is evident by the given file"},{"spdxElementId":"SPDXRef-Package-go-module-github.com-nats-io-nuid-ea49e4be19238784","relatedSpdxElement":"SPDXRef-File-nats-server-f4bac97ccbcfe4d8","relationshipType":"OTHER","comment":"evident-by: indicates the package's existence is evident by the given file"},{"spdxElementId":"SPDXRef-Package-go-module-stdlib-f04c537d8141c7ab","relatedSpdxElement":"SPDXRef-File-nats-server-f4bac97ccbcfe4d8","relationshipType":"OTHER","comment":"evident-by: indicates the package's existence is evident by the given file"},{"spdxElementId":"SPDXRef-Package-go-module-github.com-klauspost-compress-f4b1d87c46dd6ee2","relatedSpdxElement":"SPDXRef-File-nats-server-f4bac97ccbcfe4d8","relationshipType":"OTHER","comment":"evident-by: indicates the package's existence is evident by the given file"},{"spdxElementId":"SPDXRef-Package-go-module-github.com-nats-io-nkeys-f50c5cb13b1ecf6f","relatedSpdxElement":"SPDXRef-File-nats-server-f4bac97ccbcfe4d8","relationshipType":"OTHER","comment":"evident-by: indicates the package's existence is evident by the given file"},{"spdxElementId":"SPDXRef-DocumentRoot-File-nats-server","relatedSpdxElement":"SPDXRef-Package-go-module-github.com-klauspost-compress-f4b1d87c46dd6ee2","relationshipType":"CONTAINS"},{"spdxElementId":"SPDXRef-DocumentRoot-File-nats-server","relatedSpdxElement":"SPDXRef-Package-go-module-github.com-minio-highwayhash-9f98d776e199b79d","relationshipType":"CONTAINS"},{"spdxElementId":"SPDXRef-DocumentRoot-File-nats-server","relatedSpdxElement":"SPDXRef-Package-go-module-github.com-nats-io-jwt-v2-193ebae2d1b22a44","relationshipType":"CONTAINS"},{"spdxElementId":"SPDXRef-DocumentRoot-File-nats-server","relatedSpdxElement":"SPDXRef-Package-go-module-github.com-nats-io-nats-server-v2-0b02aa2815c33ec6","relationshipType":"CONTAINS"},{"spdxElementId":"SPDXRef-DocumentRoot-File-nats-server","relatedSpdxElement":"SPDXRef-Package-go-module-github.com-nats-io-nkeys-f50c5cb13b1ecf6f","relationshipType":"CONTAINS"},{"spdxElementId":"SPDXRef-DocumentRoot-File-nats-server","relatedSpdxElement":"SPDXRef-Package-go-module-github.com-nats-io-nuid-ea49e4be19238784","relationshipType":"CONTAINS"},{"spdxElementId":"SPDXRef-DocumentRoot-File-nats-server","relatedSpdxElement":"SPDXRef-Package-go-module-go.uber.org-automaxprocs-36fa556e565b5ae3","relationshipType":"CONTAINS"},{"spdxElementId":"SPDXRef-DocumentRoot-File-nats-server","relatedSpdxElement":"SPDXRef-Package-go-module-golang.org-x-crypto-51080172a9d5420e","relationshipType":"CONTAINS"},{"spdxElementId":"SPDXRef-DocumentRoot-File-nats-server","relatedSpdxElement":"SPDXRef-Package-go-module-golang.org-x-sys-9698d38034cbbf10","relationshipType":"CONTAINS"},{"spdxElementId":"SPDXRef-DocumentRoot-File-nats-server","relatedSpdxElement":"SPDXRef-Package-go-module-golang.org-x-time-a07614b769ec00c4","relationshipType":"CONTAINS"},{"spdxElementId":"SPDXRef-DocumentRoot-File-nats-server","relatedSpdxElement":"SPDXRef-Package-go-module-stdlib-f04c537d8141c7ab","relationshipType":"CONTAINS"},{"spdxElementId":"SPDXRef-DOCUMENT","relatedSpdxElement":"SPDXRef-DocumentRoot-File-nats-server","relationshipType":"DESCRIBES"}]}
