{"spdxVersion":"SPDX-2.3","dataLicense":"CC0-1.0","SPDXID":"SPDXRef-DOCUMENT","name":"nats-server","documentNamespace":"https://anchore.com/syft/file/nats-server-8b8010ff-4116-4106-a286-6c593eac7f72","creationInfo":{"licenseListVersion":"3.25","creators":["Organization: Anchore, Inc","Tool: syft-1.20.0"],"created":"2025-04-17T17:47:50Z"},"packages":[{"name":"github.com/klauspost/compress","SPDXID":"SPDXRef-Package-go-module-github.com-klauspost-compress-a5b0ad643bb68b9f","versionInfo":"v1.18.0","supplier":"NOASSERTION","downloadLocation":"NOASSERTION","filesAnalyzed":false,"checksums":[{"algorithm":"SHA256","checksumValue":"73f0aa7dbd2bf988be26d204abbdc55975644689c195fd0244d61cf19b6dc5da"}],"sourceInfo":"acquired package info from go module information: /nats-server","licenseConcluded":"NOASSERTION","licenseDeclared":"NOASSERTION","copyrightText":"NOASSERTION","externalRefs":[{"referenceCategory":"SECURITY","referenceType":"cpe23Type","referenceLocator":"cpe:2.3:a:klauspost:compress:v1.18.0:*:*:*:*:*:*:*"},{"referenceCategory":"PACKAGE-MANAGER","referenceType":"purl","referenceLocator":"pkg:golang/github.com/klauspost/compress@v1.18.0"}]},{"name":"github.com/minio/highwayhash","SPDXID":"SPDXRef-Package-go-module-github.com-minio-highwayhash-a134c8318d448fcc","versionInfo":"v1.0.3","supplier":"NOASSERTION","downloadLocation":"NOASSERTION","filesAnalyzed":false,"checksums":[{"algorithm":"SHA256","checksumValue":"91b9ee50ca07632565eeccd68d2c499f1c35d64d94ef4f63a853cf9885320fa4"}],"sourceInfo":"acquired package info from go module information: /nats-server","licenseConcluded":"NOASSERTION","licenseDeclared":"NOASSERTION","copyrightText":"NOASSERTION","externalRefs":[{"referenceCategory":"SECURITY","referenceType":"cpe23Type","referenceLocator":"cpe:2.3:a:minio:highwayhash:v1.0.3:*:*:*:*:*:*:*"},{"referenceCategory":"PACKAGE-MANAGER","referenceType":"purl","referenceLocator":"pkg:golang/github.com/minio/highwayhash@v1.0.3"}]},{"name":"github.com/nats-io/jwt/v2","SPDXID":"SPDXRef-Package-go-module-github.com-nats-io-jwt-v2-e130359d8c976fa4","versionInfo":"v2.7.3","supplier":"NOASSERTION","downloadLocation":"NOASSERTION","filesAnalyzed":false,"checksums":[{"algorithm":"SHA256","checksumValue":"e9b34f2be157801780a9d8f871843417c5621d16e2ef0a102eae16dbd9d40331"}],"sourceInfo":"acquired package info from go module information: /nats-server","licenseConcluded":"NOASSERTION","licenseDeclared":"NOASSERTION","copyrightText":"NOASSERTION","externalRefs":[{"referenceCategory":"SECURITY","referenceType":"cpe23Type","referenceLocator":"cpe:2.3:a:nats-io:jwt\\/v2:v2.7.3:*:*:*:*:*:*:*"},{"referenceCategory":"SECURITY","referenceType":"cpe23Type","referenceLocator":"cpe:2.3:a:nats_io:jwt\\/v2:v2.7.3:*:*:*:*:*:*:*"},{"referenceCategory":"SECURITY","referenceType":"cpe23Type","referenceLocator":"cpe:2.3:a:nats:jwt\\/v2:v2.7.3:*:*:*:*:*:*:*"},{"referenceCategory":"PACKAGE-MANAGER","referenceType":"purl","referenceLocator":"pkg:golang/github.com/nats-io/jwt@v2.7.3#v2"}]},{"name":"github.com/nats-io/nats-server/v2","SPDXID":"SPDXRef-Package-go-module-github.com-nats-io-nats-server-v2-a14f88424628357a","versionInfo":"v0.0.0-20250417174126-297c4dd7c39c","supplier":"NOASSERTION","downloadLocation":"NOASSERTION","filesAnalyzed":false,"sourceInfo":"acquired package info from go module information: /nats-server","licenseConcluded":"NOASSERTION","licenseDeclared":"NOASSERTION","copyrightText":"NOASSERTION","externalRefs":[{"referenceCategory":"SECURITY","referenceType":"cpe23Type","referenceLocator":"cpe:2.3:a:nats-io:nats-server\\/v2:v0.0.0-20250417174126-297c4dd7c39c:*:*:*:*:*:*:*"},{"referenceCategory":"SECURITY","referenceType":"cpe23Type","referenceLocator":"cpe:2.3:a:nats-io:nats_server\\/v2:v0.0.0-20250417174126-297c4dd7c39c:*:*:*:*:*:*:*"},{"referenceCategory":"SECURITY","referenceType":"cpe23Type","referenceLocator":"cpe:2.3:a:nats_io:nats-server\\/v2:v0.0.0-20250417174126-297c4dd7c39c:*:*:*:*:*:*:*"},{"referenceCategory":"SECURITY","referenceType":"cpe23Type","referenceLocator":"cpe:2.3:a:nats_io:nats_server\\/v2:v0.0.0-20250417174126-297c4dd7c39c:*:*:*:*:*:*:*"},{"referenceCategory":"SECURITY","referenceType":"cpe23Type","referenceLocator":"cpe:2.3:a:nats:nats-server\\/v2:v0.0.0-20250417174126-297c4dd7c39c:*:*:*:*:*:*:*"},{"referenceCategory":"SECURITY","referenceType":"cpe23Type","referenceLocator":"cpe:2.3:a:nats:nats_server\\/v2:v0.0.0-20250417174126-297c4dd7c39c:*:*:*:*:*:*:*"},{"referenceCategory":"PACKAGE-MANAGER","referenceType":"purl","referenceLocator":"pkg:golang/github.com/nats-io/nats-server@v0.0.0-20250417174126-297c4dd7c39c#v2"}]},{"name":"github.com/nats-io/nkeys","SPDXID":"SPDXRef-Package-go-module-github.com-nats-io-nkeys-5b2f1e3ed0d9a46d","versionInfo":"v0.4.11","supplier":"NOASSERTION","downloadLocation":"NOASSERTION","filesAnalyzed":false,"checksums":[{"algorithm":"SHA256","checksumValue":"ab8e2a195d34f2461df56d5bd6710190dcef9d6c6d45243b03c068a91adc7dad"}],"sourceInfo":"acquired package info from go module information: /nats-server","licenseConcluded":"NOASSERTION","licenseDeclared":"NOASSERTION","copyrightText":"NOASSERTION","externalRefs":[{"referenceCategory":"SECURITY","referenceType":"cpe23Type","referenceLocator":"cpe:2.3:a:nats-io:nkeys:v0.4.11:*:*:*:*:*:*:*"},{"referenceCategory":"SECURITY","referenceType":"cpe23Type","referenceLocator":"cpe:2.3:a:nats_io:nkeys:v0.4.11:*:*:*:*:*:*:*"},{"referenceCategory":"SECURITY","referenceType":"cpe23Type","referenceLocator":"cpe:2.3:a:nats:nkeys:v0.4.11:*:*:*:*:*:*:*"},{"referenceCategory":"PACKAGE-MANAGER","referenceType":"purl","referenceLocator":"pkg:golang/github.com/nats-io/nkeys@v0.4.11"}]},{"name":"github.com/nats-io/nuid","SPDXID":"SPDXRef-Package-go-module-github.com-nats-io-nuid-c78046e9d0ac444e","versionInfo":"v1.0.1","supplier":"NOASSERTION","downloadLocation":"NOASSERTION","filesAnalyzed":false,"checksums":[{"algorithm":"SHA256","checksumValue":"e6203c0d3f15eeaf162b611272fda969d35afeb4c449cd4a7673f0e130b6a5ac"}],"sourceInfo":"acquired package info from go module information: /nats-server","licenseConcluded":"NOASSERTION","licenseDeclared":"NOASSERTION","copyrightText":"NOASSERTION","externalRefs":[{"referenceCategory":"SECURITY","referenceType":"cpe23Type","referenceLocator":"cpe:2.3:a:nats-io:nuid:v1.0.1:*:*:*:*:*:*:*"},{"referenceCategory":"SECURITY","referenceType":"cpe23Type","referenceLocator":"cpe:2.3:a:nats_io:nuid:v1.0.1:*:*:*:*:*:*:*"},{"referenceCategory":"SECURITY","referenceType":"cpe23Type","referenceLocator":"cpe:2.3:a:nats:nuid:v1.0.1:*:*:*:*:*:*:*"},{"referenceCategory":"PACKAGE-MANAGER","referenceType":"purl","referenceLocator":"pkg:golang/github.com/nats-io/nuid@v1.0.1"}]},{"name":"go.uber.org/automaxprocs","SPDXID":"SPDXRef-Package-go-module-go.uber.org-automaxprocs-5336c2b0123305b2","versionInfo":"v1.6.0","supplier":"NOASSERTION","downloadLocation":"NOASSERTION","filesAnalyzed":false,"checksums":[{"algorithm":"SHA256","checksumValue":"3b7cb6fd035339d6c5f9efdda5734d5bb471da1678b1320fcb26dbc7236a4d4b"}],"sourceInfo":"acquired package info from go module information: /nats-server","licenseConcluded":"NOASSERTION","licenseDeclared":"NOASSERTION","copyrightText":"NOASSERTION","externalRefs":[{"referenceCategory":"PACKAGE-MANAGER","referenceType":"purl","referenceLocator":"pkg:golang/go.uber.org/automaxprocs@v1.6.0"}]},{"name":"golang.org/x/crypto","SPDXID":"SPDXRef-Package-go-module-golang.org-x-crypto-db7f7680013409c3","versionInfo":"v0.37.0","supplier":"NOASSERTION","downloadLocation":"NOASSERTION","filesAnalyzed":false,"checksums":[{"algorithm":"SHA256","checksumValue":"9093528c5fd7a7b914d2207667ef6f8933cc5b812aaacaf2c0c5cb24e3ac5d21"}],"sourceInfo":"acquired package info from go module information: /nats-server","licenseConcluded":"NOASSERTION","licenseDeclared":"NOASSERTION","copyrightText":"NOASSERTION","externalRefs":[{"referenceCategory":"SECURITY","referenceType":"cpe23Type","referenceLocator":"cpe:2.3:a:golang:x\\/crypto:v0.37.0:*:*:*:*:*:*:*"},{"referenceCategory":"PACKAGE-MANAGER","referenceType":"purl","referenceLocator":"pkg:golang/golang.org/x/crypto@v0.37.0"}]},{"name":"golang.org/x/time","SPDXID":"SPDXRef-Package-go-module-golang.org-x-time-a610eea1f050fc20","versionInfo":"v0.11.0","supplier":"NOASSERTION","downloadLocation":"NOASSERTION","filesAnalyzed":false,"checksums":[{"algorithm":"SHA256","checksumValue":"fdba631037cdf6d92837faf27981e7bf985c32573c9dc8cc70ce17064e4d595d"}],"sourceInfo":"acquired package info from go module information: /nats-server","licenseConcluded":"NOASSERTION","licenseDeclared":"NOASSERTION","copyrightText":"NOASSERTION","externalRefs":[{"referenceCategory":"SECURITY","referenceType":"cpe23Type","referenceLocator":"cpe:2.3:a:golang:x\\/time:v0.11.0:*:*:*:*:*:*:*"},{"referenceCategory":"PACKAGE-MANAGER","referenceType":"purl","referenceLocator":"pkg:golang/golang.org/x/time@v0.11.0"}]},{"name":"stdlib","SPDXID":"SPDXRef-Package-go-module-stdlib-f04c537d8141c7ab","versionInfo":"go1.24.2","supplier":"NOASSERTION","downloadLocation":"NOASSERTION","filesAnalyzed":false,"sourceInfo":"acquired package info from go module information: /nats-server","licenseConcluded":"NOASSERTION","licenseDeclared":"BSD-3-Clause","copyrightText":"NOASSERTION","externalRefs":[{"referenceCategory":"SECURITY","referenceType":"cpe23Type","referenceLocator":"cpe:2.3:a:golang:go:1.24.2:-:*:*:*:*:*:*"},{"referenceCategory":"PACKAGE-MANAGER","referenceType":"purl","referenceLocator":"pkg:golang/stdlib@1.24.2"}]},{"name":"nats-server","SPDXID":"SPDXRef-DocumentRoot-File-nats-server","versionInfo":"sha256:2570d08c305f306227c420af6831908ed888f2487d58d133413c299e0c354f63","supplier":"NOASSERTION","downloadLocation":"NOASSERTION","filesAnalyzed":false,"checksums":[{"algorithm":"SHA256","checksumValue":"2570d08c305f306227c420af6831908ed888f2487d58d133413c299e0c354f63"}],"licenseConcluded":"NOASSERTION","licenseDeclared":"NOASSERTION","copyrightText":"NOASSERTION","primaryPackagePurpose":"FILE"}],"files":[{"fileName":"nats-server","SPDXID":"SPDXRef-File-nats-server-f4bac97ccbcfe4d8","fileTypes":["APPLICATION","BINARY"],"checksums":[{"algorithm":"SHA1","checksumValue":"627cd5027753da5034d5641266dea0d78670b684"},{"algorithm":"SHA256","checksumValue":"2570d08c305f306227c420af6831908ed888f2487d58d133413c299e0c354f63"}],"licenseConcluded":"NOASSERTION","licenseInfoInFiles":["NOASSERTION"],"copyrightText":"NOASSERTION"}],"relationships":[{"spdxElementId":"SPDXRef-Package-go-module-go.uber.org-automaxprocs-5336c2b0123305b2","relatedSpdxElement":"SPDXRef-Package-go-module-github.com-nats-io-nats-server-v2-a14f88424628357a","relationshipType":"DEPENDENCY_OF"},{"spdxElementId":"SPDXRef-Package-go-module-github.com-nats-io-nkeys-5b2f1e3ed0d9a46d","relatedSpdxElement":"SPDXRef-Package-go-module-github.com-nats-io-nats-server-v2-a14f88424628357a","relationshipType":"DEPENDENCY_OF"},{"spdxElementId":"SPDXRef-Package-go-module-github.com-minio-highwayhash-a134c8318d448fcc","relatedSpdxElement":"SPDXRef-Package-go-module-github.com-nats-io-nats-server-v2-a14f88424628357a","relationshipType":"DEPENDENCY_OF"},{"spdxElementId":"SPDXRef-Package-go-module-github.com-klauspost-compress-a5b0ad643bb68b9f","relatedSpdxElement":"SPDXRef-Package-go-module-github.com-nats-io-nats-server-v2-a14f88424628357a","relationshipType":"DEPENDENCY_OF"},{"spdxElementId":"SPDXRef-Package-go-module-golang.org-x-time-a610eea1f050fc20","relatedSpdxElement":"SPDXRef-Package-go-module-github.com-nats-io-nats-server-v2-a14f88424628357a","relationshipType":"DEPENDENCY_OF"},{"spdxElementId":"SPDXRef-Package-go-module-github.com-nats-io-nuid-c78046e9d0ac444e","relatedSpdxElement":"SPDXRef-Package-go-module-github.com-nats-io-nats-server-v2-a14f88424628357a","relationshipType":"DEPENDENCY_OF"},{"spdxElementId":"SPDXRef-Package-go-module-golang.org-x-crypto-db7f7680013409c3","relatedSpdxElement":"SPDXRef-Package-go-module-github.com-nats-io-nats-server-v2-a14f88424628357a","relationshipType":"DEPENDENCY_OF"},{"spdxElementId":"SPDXRef-Package-go-module-github.com-nats-io-jwt-v2-e130359d8c976fa4","relatedSpdxElement":"SPDXRef-Package-go-module-github.com-nats-io-nats-server-v2-a14f88424628357a","relationshipType":"DEPENDENCY_OF"},{"spdxElementId":"SPDXRef-Package-go-module-stdlib-f04c537d8141c7ab","relatedSpdxElement":"SPDXRef-Package-go-module-github.com-nats-io-nats-server-v2-a14f88424628357a","relationshipType":"DEPENDENCY_OF"},{"spdxElementId":"SPDXRef-Package-go-module-go.uber.org-automaxprocs-5336c2b0123305b2","relatedSpdxElement":"SPDXRef-File-nats-server-f4bac97ccbcfe4d8","relationshipType":"OTHER","comment":"evident-by: indicates the package's existence is evident by the given file"},{"spdxElementId":"SPDXRef-Package-go-module-github.com-nats-io-nkeys-5b2f1e3ed0d9a46d","relatedSpdxElement":"SPDXRef-File-nats-server-f4bac97ccbcfe4d8","relationshipType":"OTHER","comment":"evident-by: indicates the package's existence is evident by the given file"},{"spdxElementId":"SPDXRef-Package-go-module-github.com-minio-highwayhash-a134c8318d448fcc","relatedSpdxElement":"SPDXRef-File-nats-server-f4bac97ccbcfe4d8","relationshipType":"OTHER","comment":"evident-by: indicates the package's existence is evident by the given file"},{"spdxElementId":"SPDXRef-Package-go-module-github.com-nats-io-nats-server-v2-a14f88424628357a","relatedSpdxElement":"SPDXRef-File-nats-server-f4bac97ccbcfe4d8","relationshipType":"OTHER","comment":"evident-by: indicates the package's existence is evident by the given file"},{"spdxElementId":"SPDXRef-Package-go-module-github.com-klauspost-compress-a5b0ad643bb68b9f","relatedSpdxElement":"SPDXRef-File-nats-server-f4bac97ccbcfe4d8","relationshipType":"OTHER","comment":"evident-by: indicates the package's existence is evident by the given file"},{"spdxElementId":"SPDXRef-Package-go-module-golang.org-x-time-a610eea1f050fc20","relatedSpdxElement":"SPDXRef-File-nats-server-f4bac97ccbcfe4d8","relationshipType":"OTHER","comment":"evident-by: indicates the package's existence is evident by the given file"},{"spdxElementId":"SPDXRef-Package-go-module-github.com-nats-io-nuid-c78046e9d0ac444e","relatedSpdxElement":"SPDXRef-File-nats-server-f4bac97ccbcfe4d8","relationshipType":"OTHER","comment":"evident-by: indicates the package's existence is evident by the given file"},{"spdxElementId":"SPDXRef-Package-go-module-golang.org-x-crypto-db7f7680013409c3","relatedSpdxElement":"SPDXRef-File-nats-server-f4bac97ccbcfe4d8","relationshipType":"OTHER","comment":"evident-by: indicates the package's existence is evident by the given file"},{"spdxElementId":"SPDXRef-Package-go-module-github.com-nats-io-jwt-v2-e130359d8c976fa4","relatedSpdxElement":"SPDXRef-File-nats-server-f4bac97ccbcfe4d8","relationshipType":"OTHER","comment":"evident-by: indicates the package's existence is evident by the given file"},{"spdxElementId":"SPDXRef-Package-go-module-stdlib-f04c537d8141c7ab","relatedSpdxElement":"SPDXRef-File-nats-server-f4bac97ccbcfe4d8","relationshipType":"OTHER","comment":"evident-by: indicates the package's existence is evident by the given file"},{"spdxElementId":"SPDXRef-DocumentRoot-File-nats-server","relatedSpdxElement":"SPDXRef-Package-go-module-github.com-klauspost-compress-a5b0ad643bb68b9f","relationshipType":"CONTAINS"},{"spdxElementId":"SPDXRef-DocumentRoot-File-nats-server","relatedSpdxElement":"SPDXRef-Package-go-module-github.com-minio-highwayhash-a134c8318d448fcc","relationshipType":"CONTAINS"},{"spdxElementId":"SPDXRef-DocumentRoot-File-nats-server","relatedSpdxElement":"SPDXRef-Package-go-module-github.com-nats-io-jwt-v2-e130359d8c976fa4","relationshipType":"CONTAINS"},{"spdxElementId":"SPDXRef-DocumentRoot-File-nats-server","relatedSpdxElement":"SPDXRef-Package-go-module-github.com-nats-io-nats-server-v2-a14f88424628357a","relationshipType":"CONTAINS"},{"spdxElementId":"SPDXRef-DocumentRoot-File-nats-server","relatedSpdxElement":"SPDXRef-Package-go-module-github.com-nats-io-nkeys-5b2f1e3ed0d9a46d","relationshipType":"CONTAINS"},{"spdxElementId":"SPDXRef-DocumentRoot-File-nats-server","relatedSpdxElement":"SPDXRef-Package-go-module-github.com-nats-io-nuid-c78046e9d0ac444e","relationshipType":"CONTAINS"},{"spdxElementId":"SPDXRef-DocumentRoot-File-nats-server","relatedSpdxElement":"SPDXRef-Package-go-module-go.uber.org-automaxprocs-5336c2b0123305b2","relationshipType":"CONTAINS"},{"spdxElementId":"SPDXRef-DocumentRoot-File-nats-server","relatedSpdxElement":"SPDXRef-Package-go-module-golang.org-x-crypto-db7f7680013409c3","relationshipType":"CONTAINS"},{"spdxElementId":"SPDXRef-DocumentRoot-File-nats-server","relatedSpdxElement":"SPDXRef-Package-go-module-golang.org-x-time-a610eea1f050fc20","relationshipType":"CONTAINS"},{"spdxElementId":"SPDXRef-DocumentRoot-File-nats-server","relatedSpdxElement":"SPDXRef-Package-go-module-stdlib-f04c537d8141c7ab","relationshipType":"CONTAINS"},{"spdxElementId":"SPDXRef-DOCUMENT","relatedSpdxElement":"SPDXRef-DocumentRoot-File-nats-server","relationshipType":"DESCRIBES"}]}
