{"spdxVersion":"SPDX-2.3","dataLicense":"CC0-1.0","SPDXID":"SPDXRef-DOCUMENT","name":"nats-server.exe","documentNamespace":"https://anchore.com/syft/file/nats-server.exe-a2bf3274-eea8-4bc0-972c-5c02acd084ac","creationInfo":{"licenseListVersion":"3.25","creators":["Organization: Anchore, Inc","Tool: syft-1.20.0"],"created":"2025-04-17T17:48:19Z"},"packages":[{"name":"github.com/google/go-tpm","SPDXID":"SPDXRef-Package-go-module-github.com-google-go-tpm-70ae0088268ebf29","versionInfo":"v0.9.3","supplier":"NOASSERTION","downloadLocation":"NOASSERTION","filesAnalyzed":false,"checksums":[{"algorithm":"SHA256","checksumValue":"fb2c74fda9d0b86ce2facb11a9e0fa5a95e35b62ff574748b546b23b48bdb117"}],"sourceInfo":"acquired package info from go module information: /nats-server.exe","licenseConcluded":"NOASSERTION","licenseDeclared":"NOASSERTION","copyrightText":"NOASSERTION","externalRefs":[{"referenceCategory":"SECURITY","referenceType":"cpe23Type","referenceLocator":"cpe:2.3:a:google:go-tpm:v0.9.3:*:*:*:*:*:*:*"},{"referenceCategory":"SECURITY","referenceType":"cpe23Type","referenceLocator":"cpe:2.3:a:google:go_tpm:v0.9.3:*:*:*:*:*:*:*"},{"referenceCategory":"PACKAGE-MANAGER","referenceType":"purl","referenceLocator":"pkg:golang/github.com/google/go-tpm@v0.9.3"}]},{"name":"github.com/klauspost/compress","SPDXID":"SPDXRef-Package-go-module-github.com-klauspost-compress-3ddc37129c6c1901","versionInfo":"v1.18.0","supplier":"NOASSERTION","downloadLocation":"NOASSERTION","filesAnalyzed":false,"checksums":[{"algorithm":"SHA256","checksumValue":"73f0aa7dbd2bf988be26d204abbdc55975644689c195fd0244d61cf19b6dc5da"}],"sourceInfo":"acquired package info from go module information: /nats-server.exe","licenseConcluded":"NOASSERTION","licenseDeclared":"NOASSERTION","copyrightText":"NOASSERTION","externalRefs":[{"referenceCategory":"SECURITY","referenceType":"cpe23Type","referenceLocator":"cpe:2.3:a:klauspost:compress:v1.18.0:*:*:*:*:*:*:*"},{"referenceCategory":"PACKAGE-MANAGER","referenceType":"purl","referenceLocator":"pkg:golang/github.com/klauspost/compress@v1.18.0"}]},{"name":"github.com/minio/highwayhash","SPDXID":"SPDXRef-Package-go-module-github.com-minio-highwayhash-0adef97b46d97a03","versionInfo":"v1.0.3","supplier":"NOASSERTION","downloadLocation":"NOASSERTION","filesAnalyzed":false,"checksums":[{"algorithm":"SHA256","checksumValue":"91b9ee50ca07632565eeccd68d2c499f1c35d64d94ef4f63a853cf9885320fa4"}],"sourceInfo":"acquired package info from go module information: /nats-server.exe","licenseConcluded":"NOASSERTION","licenseDeclared":"NOASSERTION","copyrightText":"NOASSERTION","externalRefs":[{"referenceCategory":"SECURITY","referenceType":"cpe23Type","referenceLocator":"cpe:2.3:a:minio:highwayhash:v1.0.3:*:*:*:*:*:*:*"},{"referenceCategory":"PACKAGE-MANAGER","referenceType":"purl","referenceLocator":"pkg:golang/github.com/minio/highwayhash@v1.0.3"}]},{"name":"github.com/nats-io/jwt/v2","SPDXID":"SPDXRef-Package-go-module-github.com-nats-io-jwt-v2-7b5f29df546127d9","versionInfo":"v2.7.3","supplier":"NOASSERTION","downloadLocation":"NOASSERTION","filesAnalyzed":false,"checksums":[{"algorithm":"SHA256","checksumValue":"e9b34f2be157801780a9d8f871843417c5621d16e2ef0a102eae16dbd9d40331"}],"sourceInfo":"acquired package info from go module information: /nats-server.exe","licenseConcluded":"NOASSERTION","licenseDeclared":"NOASSERTION","copyrightText":"NOASSERTION","externalRefs":[{"referenceCategory":"SECURITY","referenceType":"cpe23Type","referenceLocator":"cpe:2.3:a:nats-io:jwt\\/v2:v2.7.3:*:*:*:*:*:*:*"},{"referenceCategory":"SECURITY","referenceType":"cpe23Type","referenceLocator":"cpe:2.3:a:nats_io:jwt\\/v2:v2.7.3:*:*:*:*:*:*:*"},{"referenceCategory":"SECURITY","referenceType":"cpe23Type","referenceLocator":"cpe:2.3:a:nats:jwt\\/v2:v2.7.3:*:*:*:*:*:*:*"},{"referenceCategory":"PACKAGE-MANAGER","referenceType":"purl","referenceLocator":"pkg:golang/github.com/nats-io/jwt@v2.7.3#v2"}]},{"name":"github.com/nats-io/nats-server/v2","SPDXID":"SPDXRef-Package-go-module-github.com-nats-io-nats-server-v2-65149fe0f1d2b5e4","versionInfo":"v0.0.0-20250417174126-297c4dd7c39c","supplier":"NOASSERTION","downloadLocation":"NOASSERTION","filesAnalyzed":false,"sourceInfo":"acquired package info from go module information: /nats-server.exe","licenseConcluded":"NOASSERTION","licenseDeclared":"NOASSERTION","copyrightText":"NOASSERTION","externalRefs":[{"referenceCategory":"SECURITY","referenceType":"cpe23Type","referenceLocator":"cpe:2.3:a:nats-io:nats-server\\/v2:v0.0.0-20250417174126-297c4dd7c39c:*:*:*:*:*:*:*"},{"referenceCategory":"SECURITY","referenceType":"cpe23Type","referenceLocator":"cpe:2.3:a:nats-io:nats_server\\/v2:v0.0.0-20250417174126-297c4dd7c39c:*:*:*:*:*:*:*"},{"referenceCategory":"SECURITY","referenceType":"cpe23Type","referenceLocator":"cpe:2.3:a:nats_io:nats-server\\/v2:v0.0.0-20250417174126-297c4dd7c39c:*:*:*:*:*:*:*"},{"referenceCategory":"SECURITY","referenceType":"cpe23Type","referenceLocator":"cpe:2.3:a:nats_io:nats_server\\/v2:v0.0.0-20250417174126-297c4dd7c39c:*:*:*:*:*:*:*"},{"referenceCategory":"SECURITY","referenceType":"cpe23Type","referenceLocator":"cpe:2.3:a:nats:nats-server\\/v2:v0.0.0-20250417174126-297c4dd7c39c:*:*:*:*:*:*:*"},{"referenceCategory":"SECURITY","referenceType":"cpe23Type","referenceLocator":"cpe:2.3:a:nats:nats_server\\/v2:v0.0.0-20250417174126-297c4dd7c39c:*:*:*:*:*:*:*"},{"referenceCategory":"PACKAGE-MANAGER","referenceType":"purl","referenceLocator":"pkg:golang/github.com/nats-io/nats-server@v0.0.0-20250417174126-297c4dd7c39c#v2"}]},{"name":"github.com/nats-io/nkeys","SPDXID":"SPDXRef-Package-go-module-github.com-nats-io-nkeys-9ec848be776cccf2","versionInfo":"v0.4.11","supplier":"NOASSERTION","downloadLocation":"NOASSERTION","filesAnalyzed":false,"checksums":[{"algorithm":"SHA256","checksumValue":"ab8e2a195d34f2461df56d5bd6710190dcef9d6c6d45243b03c068a91adc7dad"}],"sourceInfo":"acquired package info from go module information: /nats-server.exe","licenseConcluded":"NOASSERTION","licenseDeclared":"NOASSERTION","copyrightText":"NOASSERTION","externalRefs":[{"referenceCategory":"SECURITY","referenceType":"cpe23Type","referenceLocator":"cpe:2.3:a:nats-io:nkeys:v0.4.11:*:*:*:*:*:*:*"},{"referenceCategory":"SECURITY","referenceType":"cpe23Type","referenceLocator":"cpe:2.3:a:nats_io:nkeys:v0.4.11:*:*:*:*:*:*:*"},{"referenceCategory":"SECURITY","referenceType":"cpe23Type","referenceLocator":"cpe:2.3:a:nats:nkeys:v0.4.11:*:*:*:*:*:*:*"},{"referenceCategory":"PACKAGE-MANAGER","referenceType":"purl","referenceLocator":"pkg:golang/github.com/nats-io/nkeys@v0.4.11"}]},{"name":"github.com/nats-io/nuid","SPDXID":"SPDXRef-Package-go-module-github.com-nats-io-nuid-96f78ddf25ca8b8a","versionInfo":"v1.0.1","supplier":"NOASSERTION","downloadLocation":"NOASSERTION","filesAnalyzed":false,"checksums":[{"algorithm":"SHA256","checksumValue":"e6203c0d3f15eeaf162b611272fda969d35afeb4c449cd4a7673f0e130b6a5ac"}],"sourceInfo":"acquired package info from go module information: /nats-server.exe","licenseConcluded":"NOASSERTION","licenseDeclared":"NOASSERTION","copyrightText":"NOASSERTION","externalRefs":[{"referenceCategory":"SECURITY","referenceType":"cpe23Type","referenceLocator":"cpe:2.3:a:nats-io:nuid:v1.0.1:*:*:*:*:*:*:*"},{"referenceCategory":"SECURITY","referenceType":"cpe23Type","referenceLocator":"cpe:2.3:a:nats_io:nuid:v1.0.1:*:*:*:*:*:*:*"},{"referenceCategory":"SECURITY","referenceType":"cpe23Type","referenceLocator":"cpe:2.3:a:nats:nuid:v1.0.1:*:*:*:*:*:*:*"},{"referenceCategory":"PACKAGE-MANAGER","referenceType":"purl","referenceLocator":"pkg:golang/github.com/nats-io/nuid@v1.0.1"}]},{"name":"go.uber.org/automaxprocs","SPDXID":"SPDXRef-Package-go-module-go.uber.org-automaxprocs-0fad5b7b3462e8af","versionInfo":"v1.6.0","supplier":"NOASSERTION","downloadLocation":"NOASSERTION","filesAnalyzed":false,"checksums":[{"algorithm":"SHA256","checksumValue":"3b7cb6fd035339d6c5f9efdda5734d5bb471da1678b1320fcb26dbc7236a4d4b"}],"sourceInfo":"acquired package info from go module information: /nats-server.exe","licenseConcluded":"NOASSERTION","licenseDeclared":"NOASSERTION","copyrightText":"NOASSERTION","externalRefs":[{"referenceCategory":"PACKAGE-MANAGER","referenceType":"purl","referenceLocator":"pkg:golang/go.uber.org/automaxprocs@v1.6.0"}]},{"name":"golang.org/x/crypto","SPDXID":"SPDXRef-Package-go-module-golang.org-x-crypto-0a0e3ee8d43197db","versionInfo":"v0.37.0","supplier":"NOASSERTION","downloadLocation":"NOASSERTION","filesAnalyzed":false,"checksums":[{"algorithm":"SHA256","checksumValue":"9093528c5fd7a7b914d2207667ef6f8933cc5b812aaacaf2c0c5cb24e3ac5d21"}],"sourceInfo":"acquired package info from go module information: /nats-server.exe","licenseConcluded":"NOASSERTION","licenseDeclared":"NOASSERTION","copyrightText":"NOASSERTION","externalRefs":[{"referenceCategory":"SECURITY","referenceType":"cpe23Type","referenceLocator":"cpe:2.3:a:golang:x\\/crypto:v0.37.0:*:*:*:*:*:*:*"},{"referenceCategory":"PACKAGE-MANAGER","referenceType":"purl","referenceLocator":"pkg:golang/golang.org/x/crypto@v0.37.0"}]},{"name":"golang.org/x/sys","SPDXID":"SPDXRef-Package-go-module-golang.org-x-sys-e2d392e5e33cd268","versionInfo":"v0.32.0","supplier":"NOASSERTION","downloadLocation":"NOASSERTION","filesAnalyzed":false,"checksums":[{"algorithm":"SHA256","checksumValue":"b3bece143bc841e89b0a67b34a793faba8807e476241a262e15ceba0216b376d"}],"sourceInfo":"acquired package info from go module information: /nats-server.exe","licenseConcluded":"NOASSERTION","licenseDeclared":"NOASSERTION","copyrightText":"NOASSERTION","externalRefs":[{"referenceCategory":"SECURITY","referenceType":"cpe23Type","referenceLocator":"cpe:2.3:a:golang:x\\/sys:v0.32.0:*:*:*:*:*:*:*"},{"referenceCategory":"PACKAGE-MANAGER","referenceType":"purl","referenceLocator":"pkg:golang/golang.org/x/sys@v0.32.0"}]},{"name":"golang.org/x/time","SPDXID":"SPDXRef-Package-go-module-golang.org-x-time-6dc0286f5ed195ec","versionInfo":"v0.11.0","supplier":"NOASSERTION","downloadLocation":"NOASSERTION","filesAnalyzed":false,"checksums":[{"algorithm":"SHA256","checksumValue":"fdba631037cdf6d92837faf27981e7bf985c32573c9dc8cc70ce17064e4d595d"}],"sourceInfo":"acquired package info from go module information: /nats-server.exe","licenseConcluded":"NOASSERTION","licenseDeclared":"NOASSERTION","copyrightText":"NOASSERTION","externalRefs":[{"referenceCategory":"SECURITY","referenceType":"cpe23Type","referenceLocator":"cpe:2.3:a:golang:x\\/time:v0.11.0:*:*:*:*:*:*:*"},{"referenceCategory":"PACKAGE-MANAGER","referenceType":"purl","referenceLocator":"pkg:golang/golang.org/x/time@v0.11.0"}]},{"name":"stdlib","SPDXID":"SPDXRef-Package-go-module-stdlib-a09d741993ca083a","versionInfo":"go1.24.2","supplier":"NOASSERTION","downloadLocation":"NOASSERTION","filesAnalyzed":false,"sourceInfo":"acquired package info from go module information: /nats-server.exe","licenseConcluded":"NOASSERTION","licenseDeclared":"BSD-3-Clause","copyrightText":"NOASSERTION","externalRefs":[{"referenceCategory":"SECURITY","referenceType":"cpe23Type","referenceLocator":"cpe:2.3:a:golang:go:1.24.2:-:*:*:*:*:*:*"},{"referenceCategory":"PACKAGE-MANAGER","referenceType":"purl","referenceLocator":"pkg:golang/stdlib@1.24.2"}]},{"name":"nats-server.exe","SPDXID":"SPDXRef-DocumentRoot-File-nats-server.exe","versionInfo":"sha256:933ab42cc285a3441cd23a890da437c24ace80dcc226ca2cd7c2b68d70495567","supplier":"NOASSERTION","downloadLocation":"NOASSERTION","filesAnalyzed":false,"checksums":[{"algorithm":"SHA256","checksumValue":"933ab42cc285a3441cd23a890da437c24ace80dcc226ca2cd7c2b68d70495567"}],"licenseConcluded":"NOASSERTION","licenseDeclared":"NOASSERTION","copyrightText":"NOASSERTION","primaryPackagePurpose":"FILE"}],"files":[{"fileName":"nats-server.exe","SPDXID":"SPDXRef-File-nats-server.exe-bff2ecb95654eae9","fileTypes":["APPLICATION","BINARY"],"checksums":[{"algorithm":"SHA1","checksumValue":"64fb6d0c46d91259bff97ebf150e8b9e6c286273"},{"algorithm":"SHA256","checksumValue":"933ab42cc285a3441cd23a890da437c24ace80dcc226ca2cd7c2b68d70495567"}],"licenseConcluded":"NOASSERTION","licenseInfoInFiles":["NOASSERTION"],"copyrightText":"NOASSERTION"}],"relationships":[{"spdxElementId":"SPDXRef-Package-go-module-golang.org-x-crypto-0a0e3ee8d43197db","relatedSpdxElement":"SPDXRef-Package-go-module-github.com-nats-io-nats-server-v2-65149fe0f1d2b5e4","relationshipType":"DEPENDENCY_OF"},{"spdxElementId":"SPDXRef-Package-go-module-github.com-minio-highwayhash-0adef97b46d97a03","relatedSpdxElement":"SPDXRef-Package-go-module-github.com-nats-io-nats-server-v2-65149fe0f1d2b5e4","relationshipType":"DEPENDENCY_OF"},{"spdxElementId":"SPDXRef-Package-go-module-go.uber.org-automaxprocs-0fad5b7b3462e8af","relatedSpdxElement":"SPDXRef-Package-go-module-github.com-nats-io-nats-server-v2-65149fe0f1d2b5e4","relationshipType":"DEPENDENCY_OF"},{"spdxElementId":"SPDXRef-Package-go-module-github.com-klauspost-compress-3ddc37129c6c1901","relatedSpdxElement":"SPDXRef-Package-go-module-github.com-nats-io-nats-server-v2-65149fe0f1d2b5e4","relationshipType":"DEPENDENCY_OF"},{"spdxElementId":"SPDXRef-Package-go-module-golang.org-x-time-6dc0286f5ed195ec","relatedSpdxElement":"SPDXRef-Package-go-module-github.com-nats-io-nats-server-v2-65149fe0f1d2b5e4","relationshipType":"DEPENDENCY_OF"},{"spdxElementId":"SPDXRef-Package-go-module-github.com-google-go-tpm-70ae0088268ebf29","relatedSpdxElement":"SPDXRef-Package-go-module-github.com-nats-io-nats-server-v2-65149fe0f1d2b5e4","relationshipType":"DEPENDENCY_OF"},{"spdxElementId":"SPDXRef-Package-go-module-github.com-nats-io-jwt-v2-7b5f29df546127d9","relatedSpdxElement":"SPDXRef-Package-go-module-github.com-nats-io-nats-server-v2-65149fe0f1d2b5e4","relationshipType":"DEPENDENCY_OF"},{"spdxElementId":"SPDXRef-Package-go-module-github.com-nats-io-nuid-96f78ddf25ca8b8a","relatedSpdxElement":"SPDXRef-Package-go-module-github.com-nats-io-nats-server-v2-65149fe0f1d2b5e4","relationshipType":"DEPENDENCY_OF"},{"spdxElementId":"SPDXRef-Package-go-module-github.com-nats-io-nkeys-9ec848be776cccf2","relatedSpdxElement":"SPDXRef-Package-go-module-github.com-nats-io-nats-server-v2-65149fe0f1d2b5e4","relationshipType":"DEPENDENCY_OF"},{"spdxElementId":"SPDXRef-Package-go-module-stdlib-a09d741993ca083a","relatedSpdxElement":"SPDXRef-Package-go-module-github.com-nats-io-nats-server-v2-65149fe0f1d2b5e4","relationshipType":"DEPENDENCY_OF"},{"spdxElementId":"SPDXRef-Package-go-module-golang.org-x-sys-e2d392e5e33cd268","relatedSpdxElement":"SPDXRef-Package-go-module-github.com-nats-io-nats-server-v2-65149fe0f1d2b5e4","relationshipType":"DEPENDENCY_OF"},{"spdxElementId":"SPDXRef-Package-go-module-golang.org-x-crypto-0a0e3ee8d43197db","relatedSpdxElement":"SPDXRef-File-nats-server.exe-bff2ecb95654eae9","relationshipType":"OTHER","comment":"evident-by: indicates the package's existence is evident by the given file"},{"spdxElementId":"SPDXRef-Package-go-module-github.com-minio-highwayhash-0adef97b46d97a03","relatedSpdxElement":"SPDXRef-File-nats-server.exe-bff2ecb95654eae9","relationshipType":"OTHER","comment":"evident-by: indicates the package's existence is evident by the given file"},{"spdxElementId":"SPDXRef-Package-go-module-go.uber.org-automaxprocs-0fad5b7b3462e8af","relatedSpdxElement":"SPDXRef-File-nats-server.exe-bff2ecb95654eae9","relationshipType":"OTHER","comment":"evident-by: indicates the package's existence is evident by the given file"},{"spdxElementId":"SPDXRef-Package-go-module-github.com-klauspost-compress-3ddc37129c6c1901","relatedSpdxElement":"SPDXRef-File-nats-server.exe-bff2ecb95654eae9","relationshipType":"OTHER","comment":"evident-by: indicates the package's existence is evident by the given file"},{"spdxElementId":"SPDXRef-Package-go-module-github.com-nats-io-nats-server-v2-65149fe0f1d2b5e4","relatedSpdxElement":"SPDXRef-File-nats-server.exe-bff2ecb95654eae9","relationshipType":"OTHER","comment":"evident-by: indicates the package's existence is evident by the given file"},{"spdxElementId":"SPDXRef-Package-go-module-golang.org-x-time-6dc0286f5ed195ec","relatedSpdxElement":"SPDXRef-File-nats-server.exe-bff2ecb95654eae9","relationshipType":"OTHER","comment":"evident-by: indicates the package's existence is evident by the given file"},{"spdxElementId":"SPDXRef-Package-go-module-github.com-google-go-tpm-70ae0088268ebf29","relatedSpdxElement":"SPDXRef-File-nats-server.exe-bff2ecb95654eae9","relationshipType":"OTHER","comment":"evident-by: indicates the package's existence is evident by the given file"},{"spdxElementId":"SPDXRef-Package-go-module-github.com-nats-io-jwt-v2-7b5f29df546127d9","relatedSpdxElement":"SPDXRef-File-nats-server.exe-bff2ecb95654eae9","relationshipType":"OTHER","comment":"evident-by: indicates the package's existence is evident by the given file"},{"spdxElementId":"SPDXRef-Package-go-module-github.com-nats-io-nuid-96f78ddf25ca8b8a","relatedSpdxElement":"SPDXRef-File-nats-server.exe-bff2ecb95654eae9","relationshipType":"OTHER","comment":"evident-by: indicates the package's existence is evident by the given file"},{"spdxElementId":"SPDXRef-Package-go-module-github.com-nats-io-nkeys-9ec848be776cccf2","relatedSpdxElement":"SPDXRef-File-nats-server.exe-bff2ecb95654eae9","relationshipType":"OTHER","comment":"evident-by: indicates the package's existence is evident by the given file"},{"spdxElementId":"SPDXRef-Package-go-module-stdlib-a09d741993ca083a","relatedSpdxElement":"SPDXRef-File-nats-server.exe-bff2ecb95654eae9","relationshipType":"OTHER","comment":"evident-by: indicates the package's existence is evident by the given file"},{"spdxElementId":"SPDXRef-Package-go-module-golang.org-x-sys-e2d392e5e33cd268","relatedSpdxElement":"SPDXRef-File-nats-server.exe-bff2ecb95654eae9","relationshipType":"OTHER","comment":"evident-by: indicates the package's existence is evident by the given file"},{"spdxElementId":"SPDXRef-DocumentRoot-File-nats-server.exe","relatedSpdxElement":"SPDXRef-Package-go-module-github.com-google-go-tpm-70ae0088268ebf29","relationshipType":"CONTAINS"},{"spdxElementId":"SPDXRef-DocumentRoot-File-nats-server.exe","relatedSpdxElement":"SPDXRef-Package-go-module-github.com-klauspost-compress-3ddc37129c6c1901","relationshipType":"CONTAINS"},{"spdxElementId":"SPDXRef-DocumentRoot-File-nats-server.exe","relatedSpdxElement":"SPDXRef-Package-go-module-github.com-minio-highwayhash-0adef97b46d97a03","relationshipType":"CONTAINS"},{"spdxElementId":"SPDXRef-DocumentRoot-File-nats-server.exe","relatedSpdxElement":"SPDXRef-Package-go-module-github.com-nats-io-jwt-v2-7b5f29df546127d9","relationshipType":"CONTAINS"},{"spdxElementId":"SPDXRef-DocumentRoot-File-nats-server.exe","relatedSpdxElement":"SPDXRef-Package-go-module-github.com-nats-io-nats-server-v2-65149fe0f1d2b5e4","relationshipType":"CONTAINS"},{"spdxElementId":"SPDXRef-DocumentRoot-File-nats-server.exe","relatedSpdxElement":"SPDXRef-Package-go-module-github.com-nats-io-nkeys-9ec848be776cccf2","relationshipType":"CONTAINS"},{"spdxElementId":"SPDXRef-DocumentRoot-File-nats-server.exe","relatedSpdxElement":"SPDXRef-Package-go-module-github.com-nats-io-nuid-96f78ddf25ca8b8a","relationshipType":"CONTAINS"},{"spdxElementId":"SPDXRef-DocumentRoot-File-nats-server.exe","relatedSpdxElement":"SPDXRef-Package-go-module-go.uber.org-automaxprocs-0fad5b7b3462e8af","relationshipType":"CONTAINS"},{"spdxElementId":"SPDXRef-DocumentRoot-File-nats-server.exe","relatedSpdxElement":"SPDXRef-Package-go-module-golang.org-x-crypto-0a0e3ee8d43197db","relationshipType":"CONTAINS"},{"spdxElementId":"SPDXRef-DocumentRoot-File-nats-server.exe","relatedSpdxElement":"SPDXRef-Package-go-module-golang.org-x-sys-e2d392e5e33cd268","relationshipType":"CONTAINS"},{"spdxElementId":"SPDXRef-DocumentRoot-File-nats-server.exe","relatedSpdxElement":"SPDXRef-Package-go-module-golang.org-x-time-6dc0286f5ed195ec","relationshipType":"CONTAINS"},{"spdxElementId":"SPDXRef-DocumentRoot-File-nats-server.exe","relatedSpdxElement":"SPDXRef-Package-go-module-stdlib-a09d741993ca083a","relationshipType":"CONTAINS"},{"spdxElementId":"SPDXRef-DOCUMENT","relatedSpdxElement":"SPDXRef-DocumentRoot-File-nats-server.exe","relationshipType":"DESCRIBES"}]}
