{"version":1,"metadata":{"timestamp":"2025-03-17T21:38:40Z"},"bomFormat":"CycloneDX","components":[{"version":"3.0.0_pre20250208","type":"application","name":"apk-openssl","licenses":[{"license":{"name":"GPL-2.0-only"}}]},{"version":"0.8","type":"application","cpe":"cpe:/a:avahi:avahi:0.8","name":"avahi-dbus-daemon","licenses":[{"license":{"name":"LGPL-2.1-or-later"}}]},{"licenses":[{"license":{"name":"GPL-2.0"}}],"name":"base-files","type":"application","version":"1655~e75ab0aa25"},{"type":"application","licenses":[{"license":{"name":"GPL-2.0-only"}}],"name":"blkid","cpe":"cpe:/a:kernel:util-linux:2.40.2","version":"2.40.2"},{"licenses":[{"license":{"name":"GPL-2.0"}}],"name":"bridger","type":"application","version":"2024.04.22~40b1c5b6"},{"type":"application","licenses":[{"license":{"name":"GPL-2.0"}}],"name":"busybox","cpe":"cpe:/a:busybox:busybox:1.37.0","version":"1.37.0"},{"type":"application","name":"ca-bundle","licenses":[{"license":{"name":"GPL-2.0-or-later"}},{"license":{"name":"MPL-2.0"}}],"version":"20240203"},{"type":"application","licenses":[{"license":{"name":"GPL-2.0-or-later"}}],"name":"cgi-io","version":"2022.08.10~901b0f04"},{"licenses":[{"license":{"name":"AFL-2.1"}}],"cpe":"cpe:/a:freedesktop:dbus:1.14.10","name":"dbus","type":"application","version":"1.14.10"},{"name":"dnsmasq-full","cpe":"cpe:/a:thekelleys:dnsmasq:2.90","licenses":[{"license":{"name":"GPL-2.0"}}],"type":"application","version":"2.90"},{"type":"application","name":"dropbear","cpe":"cpe:/a:dropbear_ssh_project:dropbear_ssh:2024.86","licenses":[{"license":{"name":"MIT"}}],"version":"2024.86"},{"version":"1.47.2","licenses":[{"license":{"name":"GPL-2.0"}}],"cpe":"cpe:/a:e2fsprogs_project:e2fsprogs:1.47.2","name":"e2fsprogs","type":"application"},{"type":"firmware","name":"eip197-mini-firmware","version":"20250314"},{"cpe":"cpe:/a:kernel:ethtool:6.11","name":"ethtool","licenses":[{"license":{"name":"GPL-2.0"}}],"type":"application","version":"6.11"},{"type":"application","cpe":"cpe:/a:f2fs-tools_project:f2fs-tools:1.16.0","name":"f2fsck","licenses":[{"license":{"name":"GPL-2.0-only"}}],"version":"1.16.0"},{"type":"application","name":"firewall4","licenses":[{"license":{"name":"ISC"}}],"version":"2024.12.18~18fc0ead"},{"licenses":[{"license":{"name":"GPL-2.0-only"}}],"name":"fitblk","type":"application","version":"2"},{"version":"2024.12.02~49d36ba2","licenses":[{"license":{"name":"GPL-2.0"}}],"name":"fstools","type":"application"},{"version":"2019.11.12~8f7fe925","type":"application","name":"fwtool","licenses":[{"license":{"name":"GPL-2.0"}}]},{"version":"2024.04.26~85f10530","type":"application","licenses":[{"license":{"name":"GPL-2.0"}}],"name":"getrandom"},{"version":"2025.02.09~c8c7d56a","type":"application","licenses":[{"license":{"name":"BSD-3-Clause"}}],"cpe":"cpe:/a:w1.fi:hostapd:2025.02.09~c8c7d56a","name":"hostapd-common"},{"licenses":[{"license":{"name":"GPL-2.0"}}],"cpe":"cpe:/a:iproute2_project:iproute2:6.13.0","name":"ip-full","type":"application","version":"6.13.0"},{"version":"6.9","type":"application","cpe":"cpe:/a:kernel:iw:6.9","name":"iw","licenses":[{"license":{"name":"GPL-2.0"}}]},{"version":"2025.02.06~9cec6b4d","name":"iwinfo","licenses":[{"license":{"name":"GPL-2.0"}}],"type":"application"},{"licenses":[{"license":{"name":"MIT"}}],"name":"jansson","cpe":"cpe:/a:jansson_project:jansson:2.14","type":"library","version":"2.14"},{"name":"jshn","licenses":[{"license":{"name":"ISC"}}],"type":"application","version":"2024.03.29~eb9bcb64"},{"version":"2024.01.23~594cfa86","name":"jsonfilter","licenses":[{"license":{"name":"ISC"}}],"type":"application"},{"version":"6.6.83","licenses":[{"license":{"name":"GPL-2.0"}}],"cpe":"cpe:/o:linux:linux_kernel:6.6.83","name":"kernel","type":"operating-system"},{"version":"6.6.83","type":"application","name":"kmod-asn1-decoder","licenses":[{"license":{"name":"GPL-2.0-only"}}]},{"name":"kmod-br-netfilter","licenses":[{"license":{"name":"GPL-2.0-only"}}],"type":"application","version":"6.6.83"},{"licenses":[{"license":{"name":"GPL-2.0-only"}}],"name":"kmod-cfg80211","type":"application","version":"6.6.83"},{"version":"6.6.83","name":"kmod-crypto-acompress","licenses":[{"license":{"name":"GPL-2.0-only"}}],"type":"application"},{"version":"6.6.83","type":"application","licenses":[{"license":{"name":"GPL-2.0-only"}}],"name":"kmod-crypto-aead"},{"version":"6.6.83","licenses":[{"license":{"name":"GPL-2.0-only"}}],"name":"kmod-crypto-authenc","type":"application"},{"version":"6.6.83","licenses":[{"license":{"name":"GPL-2.0-only"}}],"name":"kmod-crypto-ccm","type":"application"},{"name":"kmod-crypto-cmac","licenses":[{"license":{"name":"GPL-2.0-only"}}],"type":"application","version":"6.6.83"},{"licenses":[{"license":{"name":"GPL-2.0-only"}}],"name":"kmod-crypto-crc32","type":"application","version":"6.6.83"},{"version":"6.6.83","type":"application","licenses":[{"license":{"name":"GPL-2.0-only"}}],"name":"kmod-crypto-crc32c"},{"version":"6.6.83","type":"application","name":"kmod-crypto-ctr","licenses":[{"license":{"name":"GPL-2.0-only"}}]},{"type":"application","licenses":[{"license":{"name":"GPL-2.0-only"}}],"name":"kmod-crypto-des","version":"6.6.83"},{"version":"6.6.83","name":"kmod-crypto-ecb","licenses":[{"license":{"name":"GPL-2.0-only"}}],"type":"application"},{"version":"6.6.83","type":"application","name":"kmod-crypto-gcm","licenses":[{"license":{"name":"GPL-2.0-only"}}]},{"type":"application","name":"kmod-crypto-geniv","licenses":[{"license":{"name":"GPL-2.0-only"}}],"version":"6.6.83"},{"type":"application","licenses":[{"license":{"name":"GPL-2.0-only"}}],"name":"kmod-crypto-gf128","version":"6.6.83"},{"licenses":[{"license":{"name":"GPL-2.0-only"}}],"name":"kmod-crypto-ghash","type":"application","version":"6.6.83"},{"version":"6.6.83","licenses":[{"license":{"name":"GPL-2.0-only"}}],"name":"kmod-crypto-hash","type":"application"},{"licenses":[{"license":{"name":"GPL-2.0-only"}}],"name":"kmod-crypto-hmac","type":"application","version":"6.6.83"},{"version":"6.6.83","type":"application","name":"kmod-crypto-hw-safexcel","licenses":[{"license":{"name":"GPL-2.0-only"}}]},{"version":"6.6.83","name":"kmod-crypto-manager","licenses":[{"license":{"name":"GPL-2.0-only"}}],"type":"application"},{"version":"6.6.83","type":"application","licenses":[{"license":{"name":"GPL-2.0-only"}}],"name":"kmod-crypto-md5"},{"name":"kmod-crypto-null","licenses":[{"license":{"name":"GPL-2.0-only"}}],"type":"application","version":"6.6.83"},{"version":"6.6.83","type":"application","licenses":[{"license":{"name":"GPL-2.0-only"}}],"name":"kmod-crypto-rng"},{"type":"application","name":"kmod-crypto-seqiv","licenses":[{"license":{"name":"GPL-2.0-only"}}],"version":"6.6.83"},{"type":"application","licenses":[{"license":{"name":"GPL-2.0-only"}}],"name":"kmod-crypto-sha1","version":"6.6.83"},{"type":"application","licenses":[{"license":{"name":"GPL-2.0-only"}}],"name":"kmod-crypto-sha256","version":"6.6.83"},{"licenses":[{"license":{"name":"GPL-2.0-only"}}],"name":"kmod-crypto-sha3","type":"application","version":"6.6.83"},{"version":"6.6.83","licenses":[{"license":{"name":"GPL-2.0-only"}}],"name":"kmod-crypto-sha512","type":"application"},{"type":"application","licenses":[{"license":{"name":"GPL-2.0"}}],"name":"kmod-cryptodev","version":"6.6.83"},{"version":"6.6.83","name":"kmod-fs-exfat","licenses":[{"license":{"name":"GPL-2.0-only"}}],"type":"application"},{"type":"application","name":"kmod-fs-ext4","licenses":[{"license":{"name":"GPL-2.0-only"}}],"version":"6.6.83"},{"version":"6.6.83","name":"kmod-fs-f2fs","licenses":[{"license":{"name":"GPL-2.0-only"}}],"type":"application"},{"name":"kmod-fs-ksmbd","licenses":[{"license":{"name":"GPL-2.0-only"}}],"type":"application","version":"6.6.83"},{"version":"6.6.83","type":"application","licenses":[{"license":{"name":"GPL-2.0-only"}}],"name":"kmod-fs-netfs"},{"name":"kmod-fs-ntfs3","licenses":[{"license":{"name":"GPL-2.0-only"}}],"type":"application","version":"6.6.83"},{"version":"6.6.83","type":"application","licenses":[{"license":{"name":"GPL-2.0-only"}}],"name":"kmod-fs-smbfs-common"},{"type":"application","name":"kmod-fs-vfat","licenses":[{"license":{"name":"GPL-2.0-only"}}],"version":"6.6.83"},{"type":"application","name":"kmod-gpio-button-hotplug","licenses":[{"license":{"name":"GPL-2.0"}}],"version":"6.6.83"},{"type":"application","licenses":[{"license":{"name":"GPL-2.0-only"}}],"name":"kmod-hwmon-core","version":"6.6.83"},{"version":"6.6.83","type":"application","licenses":[{"license":{"name":"GPL-2.0-only"}}],"name":"kmod-ifb"},{"type":"application","name":"kmod-ip6tables","licenses":[{"license":{"name":"GPL-2.0-only"}}],"version":"6.6.83"},{"version":"6.6.83","type":"application","licenses":[{"license":{"name":"GPL-2.0-only"}}],"name":"kmod-ipt-conntrack"},{"type":"application","licenses":[{"license":{"name":"GPL-2.0-only"}}],"name":"kmod-ipt-conntrack-extra","version":"6.6.83"},{"version":"6.6.83","type":"application","licenses":[{"license":{"name":"GPL-2.0-only"}}],"name":"kmod-ipt-core"},{"type":"application","name":"kmod-ipt-extra","licenses":[{"license":{"name":"GPL-2.0-only"}}],"version":"6.6.83"},{"version":"6.6.83","type":"application","name":"kmod-ipt-ipopt","licenses":[{"license":{"name":"GPL-2.0-only"}}]},{"type":"application","name":"kmod-ipt-offload","licenses":[{"license":{"name":"GPL-2.0-only"}}],"version":"6.6.83"},{"type":"application","licenses":[{"license":{"name":"GPL-2.0-only"}}],"name":"kmod-leds-gpio","version":"6.6.83"},{"version":"6.6.83","type":"application","name":"kmod-lib-crc-ccitt","licenses":[{"license":{"name":"GPL-2.0-only"}}]},{"version":"6.6.83","licenses":[{"license":{"name":"GPL-2.0-only"}}],"name":"kmod-lib-crc16","type":"application"},{"name":"kmod-lib-crc32c","licenses":[{"license":{"name":"GPL-2.0-only"}}],"type":"application","version":"6.6.83"},{"version":"6.6.83","type":"application","name":"kmod-lib-lzo","licenses":[{"license":{"name":"GPL-2.0-only"}}]},{"name":"kmod-mac80211","licenses":[{"license":{"name":"GPL-2.0-only"}}],"type":"application","version":"6.6.83"},{"licenses":[{"license":{"name":"GPLv2"}}],"name":"kmod-mt76-connac","type":"application","version":"6.6.83"},{"type":"application","licenses":[{"license":{"name":"GPLv2"}}],"name":"kmod-mt76-core","version":"6.6.83"},{"type":"application","name":"kmod-mt7915e","licenses":[{"license":{"name":"GPLv2"}}],"version":"6.6.83"},{"licenses":[{"license":{"name":"GPLv2"}}],"name":"kmod-mt7986-firmware","type":"application","version":"6.6.83"},{"type":"application","licenses":[{"license":{"name":"GPL-2.0-only"}}],"name":"kmod-netlink-diag","version":"6.6.83"},{"version":"6.6.83","licenses":[{"license":{"name":"GPL-2.0-only"}}],"name":"kmod-nf-conncount","type":"application"},{"type":"application","licenses":[{"license":{"name":"GPL-2.0-only"}}],"name":"kmod-nf-conntrack","version":"6.6.83"},{"licenses":[{"license":{"name":"GPL-2.0-only"}}],"name":"kmod-nf-conntrack-netlink","type":"application","version":"6.6.83"},{"version":"6.6.83","licenses":[{"license":{"name":"GPL-2.0-only"}}],"name":"kmod-nf-conntrack6","type":"application"},{"type":"application","name":"kmod-nf-flow","licenses":[{"license":{"name":"GPL-2.0-only"}}],"version":"6.6.83"},{"version":"6.6.83","name":"kmod-nf-ipt","licenses":[{"license":{"name":"GPL-2.0-only"}}],"type":"application"},{"version":"6.6.83","name":"kmod-nf-ipt6","licenses":[{"license":{"name":"GPL-2.0-only"}}],"type":"application"},{"version":"6.6.83","licenses":[{"license":{"name":"GPL-2.0-only"}}],"name":"kmod-nf-log","type":"application"},{"version":"6.6.83","name":"kmod-nf-log6","licenses":[{"license":{"name":"GPL-2.0-only"}}],"type":"application"},{"licenses":[{"license":{"name":"GPL-2.0-only"}}],"name":"kmod-nf-nat","type":"application","version":"6.6.83"},{"version":"6.6.83","name":"kmod-nf-reject","licenses":[{"license":{"name":"GPL-2.0-only"}}],"type":"application"},{"version":"6.6.83","name":"kmod-nf-reject6","licenses":[{"license":{"name":"GPL-2.0-only"}}],"type":"application"},{"version":"6.6.83","type":"application","name":"kmod-nfnetlink","licenses":[{"license":{"name":"GPL-2.0-only"}}]},{"version":"6.6.83","type":"application","licenses":[{"license":{"name":"GPL-2.0-only"}}],"name":"kmod-nft-compat"},{"licenses":[{"license":{"name":"GPL-2.0-only"}}],"name":"kmod-nft-core","type":"application","version":"6.6.83"},{"type":"application","licenses":[{"license":{"name":"GPL-2.0-only"}}],"name":"kmod-nft-fib","version":"6.6.83"},{"version":"6.6.83","licenses":[{"license":{"name":"GPL-2.0-only"}}],"name":"kmod-nft-nat","type":"application"},{"type":"application","licenses":[{"license":{"name":"GPL-2.0-only"}}],"name":"kmod-nft-offload","version":"6.6.83"},{"licenses":[{"license":{"name":"GPL-2.0-only"}}],"name":"kmod-nls-base","type":"application","version":"6.6.83"},{"version":"6.6.83","type":"application","name":"kmod-nls-cp437","licenses":[{"license":{"name":"GPL-2.0-only"}}]},{"version":"6.6.83","licenses":[{"license":{"name":"GPL-2.0-only"}}],"name":"kmod-nls-iso8859-1","type":"application"},{"name":"kmod-nls-ucs2-utils","licenses":[{"license":{"name":"GPL-2.0-only"}}],"type":"application","version":"6.6.83"},{"type":"application","name":"kmod-nls-utf8","licenses":[{"license":{"name":"GPL-2.0-only"}}],"version":"6.6.83"},{"version":"6.6.83","type":"application","name":"kmod-oid-registry","licenses":[{"license":{"name":"GPL-2.0-only"}}]},{"type":"application","name":"kmod-ppp","licenses":[{"license":{"name":"GPL-2.0-only"}}],"version":"6.6.83"},{"version":"6.6.83","name":"kmod-pppoe","licenses":[{"license":{"name":"GPL-2.0-only"}}],"type":"application"},{"type":"application","name":"kmod-pppox","licenses":[{"license":{"name":"GPL-2.0-only"}}],"version":"6.6.83"},{"version":"6.6.83","name":"kmod-sched-act-vlan","licenses":[{"license":{"name":"GPL-2.0-only"}}],"type":"application"},{"licenses":[{"license":{"name":"GPL-2.0-only"}}],"name":"kmod-sched-bpf","type":"application","version":"6.6.83"},{"type":"application","licenses":[{"license":{"name":"GPL-2.0-only"}}],"name":"kmod-sched-core","version":"6.6.83"},{"type":"application","licenses":[{"license":{"name":"GPL-2.0-only"}}],"name":"kmod-sched-flower","version":"6.6.83"},{"licenses":[{"license":{"name":"GPL-2.0-only"}}],"name":"kmod-scsi-core","type":"application","version":"6.6.83"},{"version":"6.6.83","type":"application","licenses":[{"license":{"name":"GPL-2.0-only"}}],"name":"kmod-slhc"},{"type":"application","name":"kmod-tcp-bbr","licenses":[{"license":{"name":"GPL-2.0-only"}}],"version":"6.6.83"},{"version":"6.6.83","type":"application","licenses":[{"license":{"name":"GPL-2.0-only"}}],"name":"kmod-thermal"},{"version":"6.6.83","licenses":[{"license":{"name":"GPL-2.0-only"}}],"name":"kmod-usb-core","type":"application"},{"version":"6.6.83","licenses":[{"license":{"name":"GPL-2.0-only"}}],"name":"kmod-usb-storage","type":"application"},{"version":"6.6.83","type":"application","name":"kmod-usb-storage-extras","licenses":[{"license":{"name":"GPL-2.0-only"}}]},{"version":"6.6.83","licenses":[{"license":{"name":"GPL-2.0-only"}}],"name":"kmod-usb-storage-uas","type":"application"},{"version":"6.6.83","type":"application","licenses":[{"license":{"name":"GPL-2.0-only"}}],"name":"kmod-usb-xhci-hcd"},{"version":"6.6.83","name":"kmod-usb-xhci-mtk","licenses":[{"license":{"name":"GPL-2.0-only"}}],"type":"application"},{"version":"6.6.83","type":"application","name":"kmod-usb3","licenses":[{"license":{"name":"GPL-2.0-only"}}]},{"name":"ksmbd-avahi-service","licenses":[{"license":{"name":"GPL-2.0-or-later"}}],"type":"application","version":"3.5.3"},{"type":"application","licenses":[{"license":{"name":"GPL-2.0-or-later"}}],"name":"ksmbd-server","version":"3.5.3"},{"name":"libatomic","licenses":[{"license":{"name":"GPL-3.0-with-GCC-exception"}}],"type":"application","version":"13.3.0"},{"type":"library","name":"libavahi-dbus-support","cpe":"cpe:/a:avahi:avahi:0.8","licenses":[{"license":{"name":"LGPL-2.1-or-later"}}],"version":"0.8"},{"licenses":[{"license":{"name":"GPL-2.0-only"}}],"cpe":"cpe:/a:kernel:util-linux:2.40.2","name":"libblkid","type":"library","version":"2.40.2"},{"name":"libblobmsg-json","licenses":[{"license":{"name":"ISC"}}],"type":"library","version":"2024.03.29~eb9bcb64"},{"version":"1.5.0","licenses":[{"license":{"name":"LGPL-2.1"}},{"license":{"name":"OR"}},{"license":{"name":"BSD-2-Clause"}}],"name":"libbpf","cpe":"cpe:/a:libbpf_project:libbpf:1.5.0","type":"library"},{"version":"1.2.5","type":"application","licenses":[{"license":{"name":"GPL-3.0-with-GCC-exception"}}],"name":"libc"},{"version":"1.47.2","licenses":[{"license":{"name":"GPL-2.0"}}],"cpe":"cpe:/a:e2fsprogs_project:e2fsprogs:1.47.2","name":"libcomerr","type":"library"},{"version":"0.14","type":"library","name":"libdaemon","cpe":"cpe:/a:libdaemon_project:libdaemon:0.14"},{"type":"library","licenses":[{"license":{"name":"AFL-2.1"}}],"cpe":"cpe:/a:freedesktop:dbus:1.14.10","name":"libdbus","version":"1.14.10"},{"type":"library","licenses":[{"license":{"name":"GPL-2.0"}}],"name":"libe2p","cpe":"cpe:/a:e2fsprogs_project:e2fsprogs:1.47.2","version":"1.47.2"},{"type":"library","cpe":"cpe:/a:elfutils_project:elfutils:0.192","name":"libelf","licenses":[{"license":{"name":"GPL-3.0-or-later"}}],"version":"0.192"},{"version":"1.13.1","type":"library","name":"libevdev","licenses":[{"license":{"name":"MIT"}}]},{"version":"2.6.3","cpe":"cpe:/a:libexpat_project:libexpat:2.6.3","name":"libexpat","licenses":[{"license":{"name":"MIT"}}],"type":"library"},{"type":"library","licenses":[{"license":{"name":"GPL-2.0"}}],"cpe":"cpe:/a:e2fsprogs_project:e2fsprogs:1.47.2","name":"libext2fs","version":"1.47.2"},{"name":"libf2fs","cpe":"cpe:/a:f2fs-tools_project:f2fs-tools:1.16.0","licenses":[{"license":{"name":"GPL-2.0-only"}}],"type":"library","version":"1.16.0"},{"version":"13.3.0","type":"application","licenses":[{"license":{"name":"GPL-3.0-with-GCC-exception"}}],"name":"libgcc"},{"version":"6.3.0","licenses":[{"license":{"name":"GPL-2.0-or-later"}}],"cpe":"cpe:/a:gmplib:gmp:6.3.0","name":"libgmp","type":"library"},{"licenses":[{"license":{"name":"GPL-2.0"}}],"name":"libiwinfo-data","type":"application","version":"2025.02.06~9cec6b4d"},{"version":"2025.02.06~9cec6b4d","type":"library","name":"libiwinfo","licenses":[{"license":{"name":"GPL-2.0"}}]},{"type":"library","name":"libjson-c","cpe":"cpe:/a:json-c:json-c:0.18","licenses":[{"license":{"name":"MIT"}}],"version":"0.18"},{"version":"2024.03.29~eb9bcb64","name":"libjson-script","licenses":[{"license":{"name":"ISC"}}],"type":"application"},{"version":"2023.03.15~9b5b683f","type":"library","name":"liblucihttp-ucode","licenses":[{"license":{"name":"ISC"}}]},{"name":"liblucihttp","licenses":[{"license":{"name":"ISC"}}],"type":"library","version":"2023.03.15~9b5b683f"},{"licenses":[{"license":{"name":"LGPL-2.1+"}}],"cpe":"cpe:/a:netfilter:libmnl:1.0.5","name":"libmnl","type":"library","version":"1.0.5"},{"licenses":[{"license":{"name":"GPL-2.0-or-later"}}],"name":"libnetfilter-conntrack","cpe":"cpe:/a:netfilter:libnetfilter_conntrack:1.0.9","type":"library","version":"1.0.9"},{"version":"3.9.1","licenses":[{"license":{"name":"GPL-2.0-or-later"}}],"cpe":"cpe:/a:nettle_project:nettle:3.9.1","name":"libnettle","type":"library"},{"version":"1.0.2","licenses":[{"license":{"name":"GPL-2.0+"}}],"cpe":"cpe:/a:netfilter:libnfnetlink:1.0.2","name":"libnfnetlink","type":"library"},{"version":"1.2.8","name":"libnftnl","cpe":"cpe:/a:netfilter:libnftnl:1.2.8","licenses":[{"license":{"name":"GPL-2.0-or-later"}}],"type":"library"},{"version":"3.11.0","type":"library","cpe":"cpe:/a:libnl_project:libnl:3.11.0","name":"libnl-core","licenses":[{"license":{"name":"LGPL-2.1"}}]},{"version":"3.11.0","type":"library","licenses":[{"license":{"name":"LGPL-2.1"}}],"name":"libnl-genl","cpe":"cpe:/a:libnl_project:libnl:3.11.0"},{"type":"library","licenses":[{"license":{"name":"LGPL-2.1"}}],"name":"libnl-tiny","version":"2023.12.05~965c4bf4"},{"name":"libopenssl-conf","cpe":"cpe:/a:openssl:openssl:3.0.16","licenses":[{"license":{"name":"Apache-2.0"}}],"type":"library","version":"3.0.16"},{"type":"library","cpe":"cpe:/a:openssl:openssl:3.0.16","name":"libopenssl-legacy","licenses":[{"license":{"name":"Apache-2.0"}}],"version":"3.0.16"},{"type":"library","licenses":[{"license":{"name":"Apache-2.0"}}],"cpe":"cpe:/a:openssl:openssl:3.0.16","name":"libopenssl","version":"3.0.16"},{"licenses":[{"license":{"name":"GPL-3.0-with-GCC-exception"}}],"name":"libpthread","type":"application","version":"1.2.5"},{"type":"application","licenses":[{"license":{"name":"GPL-3.0-with-GCC-exception"}}],"name":"librt","version":"1.2.5"},{"cpe":"cpe:/a:e2fsprogs_project:e2fsprogs:1.47.2","name":"libss","licenses":[{"license":{"name":"GPL-2.0"}}],"type":"library","version":"1.47.2"},{"version":"2024.03.29~eb9bcb64","name":"libubox","licenses":[{"license":{"name":"ISC"}}],"type":"library"},{"version":"2025.01.02~afa57cce","type":"library","name":"libubus","licenses":[{"license":{"name":"LGPL-2.1"}}]},{"version":"2025.01.20~16ff0bad","name":"libuci","licenses":[{"license":{"name":"LGPL-2.1"}}],"type":"library"},{"version":"2024.10.22~88ae8f20","name":"libuclient","licenses":[{"license":{"name":"ISC"}}],"type":"library"},{"version":"2025.02.10~a8a11aea","licenses":[{"license":{"name":"ISC"}}],"name":"libucode","type":"library"},{"version":"2023.12.06~6d3f51f9","name":"libudebug","licenses":[{"license":{"name":"GPL-2.0"}}],"type":"library"},{"type":"library","licenses":[{"license":{"name":"MIT"}}],"name":"libudev-zero","version":"1.0.3"},{"licenses":[{"license":{"name":"ISC"}}],"name":"libustream-openssl","type":"library","version":"2024.07.28~99bd3d2b"},{"cpe":"cpe:/a:kernel:util-linux:2.40.2","name":"libuuid","licenses":[{"license":{"name":"GPL-2.0-only"}}],"type":"library","version":"2.40.2"},{"type":"application","licenses":[{"license":{"name":"GPL-2.0"}}],"name":"logd","version":"2024.04.26~85f10530"},{"type":"application","name":"luci","licenses":[{"license":{"name":"Apache-2.0"}}],"version":"25.004.31611~0f09054"},{"version":"1.0.3","licenses":[{"license":{"name":"GPL-2.0"}}],"name":"luci-app-advanced","type":"application"},{"version":"25.058.66051~4be4bde","licenses":[{"license":{"name":"Apache-2.0"}}],"name":"luci-app-firewall","type":"application"},{"name":"luci-app-ksmbd","licenses":[{"license":{"name":"Apache-2.0"}}],"type":"application","version":"25.004.31611~0f09054"},{"licenses":[{"license":{"name":"Apache-2.0"}}],"name":"luci-app-package-manager","type":"application","version":"25.057.54985~eb422f5"},{"version":"25.073.76666~a948f59","name":"luci-base","licenses":[{"license":{"name":"Apache-2.0"}}],"type":"application"},{"version":"25.004.31611~0f09054","licenses":[{"license":{"name":"Apache-2.0"}}],"name":"luci-light","type":"application"},{"version":"25.004.31611~0f09054","licenses":[{"license":{"name":"Apache-2.0"}}],"name":"luci-mod-admin-full","type":"application"},{"version":"25.065.62592~81c3b93","type":"application","licenses":[{"license":{"name":"Apache-2.0"}}],"name":"luci-mod-network"},{"type":"application","licenses":[{"license":{"name":"Apache-2.0"}}],"name":"luci-mod-status","version":"25.076.52435~62c401c"},{"version":"25.056.78127~3e45fc6","name":"luci-mod-system","licenses":[{"license":{"name":"Apache-2.0"}}],"type":"application"},{"type":"application","licenses":[{"license":{"name":"Apache-2.0"}}],"name":"luci-proto-ipv6","version":"25.004.31611~0f09054"},{"type":"application","name":"luci-proto-ppp","licenses":[{"license":{"name":"Apache-2.0"}}],"version":"25.009.71487~a88d4af"},{"name":"luci-theme-bootstrap","licenses":[{"license":{"name":"Apache-2.0"}}],"type":"application","version":"25.065.62492~046a121"},{"version":"1.16.0","licenses":[{"license":{"name":"GPL-2.0-only"}}],"cpe":"cpe:/a:f2fs-tools_project:f2fs-tools:1.16.0","name":"mkf2fs","type":"application"},{"version":"20250314","type":"firmware","name":"mt7986-wo-firmware"},{"version":"26","licenses":[{"license":{"name":"GPL-2.0+"}}],"name":"mtd","type":"application"},{"version":"1.4","type":"application","name":"mtkhnat_util"},{"version":"2024.12.17~ea01ed41","type":"application","name":"netifd","licenses":[{"license":{"name":"GPL-2.0"}}]},{"version":"1.1.1","name":"nftables-json","licenses":[{"license":{"name":"GPL-2.0"}}],"type":"application"},{"type":"application","licenses":[{"license":{"name":"GPL-2.0"}}],"name":"odhcp6c","version":"2024.09.25~b6ae9ffa"},{"type":"application","name":"odhcpd-ipv6only","licenses":[{"license":{"name":"GPL-2.0"}}],"version":"2024.05.08~a2988231"},{"name":"openwrt-keyring","licenses":[{"license":{"name":"GPL-2.0"}}],"type":"application","version":"2024.11.01~fbae29d7"},{"version":"2.5.2","cpe":"cpe:/a:samba:ppp:2.5.2","name":"ppp","licenses":[{"license":{"name":"BSD-4-Clause"}}],"type":"application"},{"type":"application","licenses":[{"license":{"name":"BSD-4-Clause"}}],"cpe":"cpe:/a:samba:ppp:2.5.2","name":"ppp-mod-pppoe","version":"2.5.2"},{"type":"application","licenses":[{"license":{"name":"GPL-2.0"}}],"name":"procd","version":"2025.03.13~891094ae"},{"version":"2025.03.13~891094ae","type":"application","name":"procd-seccomp","licenses":[{"license":{"name":"GPL-2.0"}}]},{"version":"2025.03.13~891094ae","type":"application","name":"procd-ujail","licenses":[{"license":{"name":"GPL-2.0"}}]},{"version":"2024.12.02~cc9a471c","type":"application","name":"rpcd","licenses":[{"license":{"name":"ISC"}}]},{"version":"2024.12.02~cc9a471c","name":"rpcd-mod-file","licenses":[{"license":{"name":"ISC"}}],"type":"application"},{"licenses":[{"license":{"name":"ISC"}}],"name":"rpcd-mod-iwinfo","type":"application","version":"2024.12.02~cc9a471c"},{"type":"library","name":"rpcd-mod-luci","licenses":[{"license":{"name":"Apache-2.0"}}],"version":"20240305"},{"version":"2024.12.02~cc9a471c","type":"application","name":"rpcd-mod-rpcsys","licenses":[{"license":{"name":"ISC"}}]},{"type":"library","name":"rpcd-mod-rrdns","licenses":[{"license":{"name":"Apache-2.0"}}],"version":"20170710"},{"type":"application","name":"rpcd-mod-ucode","licenses":[{"license":{"name":"ISC"}}],"version":"2024.12.02~cc9a471c"},{"version":"6.13.0","type":"application","cpe":"cpe:/a:iproute2_project:iproute2:6.13.0","name":"ss","licenses":[{"license":{"name":"GPL-2.0"}}]},{"name":"ubi-utils","cpe":"cpe:/a:mtd-utils_project:mtd-utils:2.2.1","licenses":[{"license":{"name":"GPLv2"}}],"type":"application","version":"2.2.1"},{"version":"2025.01","licenses":[{"license":{"name":"GPL-2.0"}},{"license":{"name":"GPL-2.0+"}}],"name":"uboot-envtools","type":"application"},{"type":"application","name":"ubox","licenses":[{"license":{"name":"GPL-2.0"}}],"version":"2024.04.26~85f10530"},{"type":"application","licenses":[{"license":{"name":"LGPL-2.1"}}],"name":"ubus","version":"2025.01.02~afa57cce"},{"version":"2025.01.02~afa57cce","licenses":[{"license":{"name":"LGPL-2.1"}}],"name":"ubusd","type":"application"},{"version":"2025.01.20~16ff0bad","type":"application","name":"uci","licenses":[{"license":{"name":"LGPL-2.1"}}]},{"version":"2024.10.22~88ae8f20","type":"application","licenses":[{"license":{"name":"ISC"}}],"name":"uclient-fetch"},{"type":"application","name":"ucode","licenses":[{"license":{"name":"ISC"}}],"version":"2025.02.10~a8a11aea"},{"version":"2025.02.10~a8a11aea","type":"application","licenses":[{"license":{"name":"ISC"}}],"name":"ucode-mod-digest"},{"version":"2025.02.10~a8a11aea","type":"application","name":"ucode-mod-fs","licenses":[{"license":{"name":"ISC"}}]},{"version":"1","name":"ucode-mod-html","licenses":[{"license":{"name":"ISC"}}],"type":"application"},{"version":"2025.02.10~a8a11aea","type":"application","licenses":[{"license":{"name":"ISC"}}],"name":"ucode-mod-math"},{"type":"application","name":"ucode-mod-nl80211","licenses":[{"license":{"name":"ISC"}}],"version":"2025.02.10~a8a11aea"},{"licenses":[{"license":{"name":"ISC"}}],"name":"ucode-mod-rtnl","type":"application","version":"2025.02.10~a8a11aea"},{"type":"application","licenses":[{"license":{"name":"ISC"}}],"name":"ucode-mod-ubus","version":"2025.02.10~a8a11aea"},{"version":"2025.02.10~a8a11aea","type":"application","licenses":[{"license":{"name":"ISC"}}],"name":"ucode-mod-uci"},{"type":"application","licenses":[{"license":{"name":"ISC"}}],"name":"ucode-mod-uloop","version":"2025.02.10~a8a11aea"},{"name":"uhttpd","licenses":[{"license":{"name":"ISC"}}],"type":"application","version":"2023.06.25~34a8a74d"},{"version":"2023.06.25~34a8a74d","name":"uhttpd-mod-ubus","licenses":[{"license":{"name":"ISC"}}],"type":"application"},{"version":"3","licenses":[{"license":{"name":"GPL-2.0-only"}}],"name":"urandom-seed","type":"application"},{"version":"2023.11.01~44365eb1","name":"urngd","licenses":[{"license":{"name":"GPL-2.0"}},{"license":{"name":"BSD-3-Clause"}}],"type":"application"},{"version":"0.387","type":"application","licenses":[{"license":{"name":"GPL-2.0-or-later"}},{"license":{"name":"XFree86-1.0"}}],"name":"usbids"},{"version":"017","type":"application","licenses":[{"license":{"name":"GPL-2.0-only"}}],"name":"usbutils"},{"type":"application","licenses":[{"license":{"name":"ISC"}}],"name":"usign","version":"2020.05.23~f1f65026"},{"type":"application","licenses":[{"license":{"name":"GPL-2.0"}}],"name":"wifi-scripts","version":"1.0"},{"version":"2025.02.20","name":"wireless-regdb","licenses":[{"license":{"name":"ISC"}}],"type":"firmware"},{"name":"wpad-openssl","cpe":"cpe:/a:w1.fi:hostapd:2025.02.09~c8c7d56a","licenses":[{"license":{"name":"BSD-3-Clause"}}],"type":"application","version":"2025.02.09~c8c7d56a"},{"version":"2023.12.21~b676d8ac","type":"application","name":"wsdd2","licenses":[{"license":{"name":"GPL-3.0-only"}}]},{"version":"1.3.1","licenses":[{"license":{"name":"Zlib"}}],"cpe":"cpe:/a:zlib:zlib:1.3.1","name":"zlib","type":"library"}],"serialNumber":"urn:uuid:37e44c34-53dd-4695-a10e-f798cd59ca13","specVersion":"1.4"}