{"components":[{"name":"apk-openssl","licenses":[{"license":{"name":"GPL-2.0-only"}}],"type":"application","version":"3.0.0_pre20241130"},{"type":"application","version":"0.8","name":"avahi-dbus-daemon","cpe":"cpe:/a:avahi:avahi:0.8","licenses":[{"license":{"name":"LGPL-2.1-or-later"}}]},{"version":"1649~83f150fb3f","type":"application","licenses":[{"license":{"name":"GPL-2.0"}}],"name":"base-files"},{"version":"2.40.2","type":"application","licenses":[{"license":{"name":"GPL-2.0-only"}}],"name":"blkid","cpe":"cpe:/a:kernel:util-linux:2.40.2"},{"type":"application","version":"1.37.0","cpe":"cpe:/a:busybox:busybox:1.37.0","name":"busybox","licenses":[{"license":{"name":"GPL-2.0"}}]},{"type":"application","version":"20240203","name":"ca-bundle","licenses":[{"license":{"name":"GPL-2.0-or-later"}},{"license":{"name":"MPL-2.0"}}]},{"type":"application","version":"2022.08.10~901b0f04","name":"cgi-io","licenses":[{"license":{"name":"GPL-2.0-or-later"}}]},{"type":"application","version":"1.14.10","name":"dbus","cpe":"cpe:/a:freedesktop:dbus:1.14.10","licenses":[{"license":{"name":"AFL-2.1"}}]},{"type":"application","version":"2.90","name":"dnsmasq-full","cpe":"cpe:/a:thekelleys:dnsmasq:2.90","licenses":[{"license":{"name":"GPL-2.0"}}]},{"licenses":[{"license":{"name":"MIT"}}],"cpe":"cpe:/a:dropbear_ssh_project:dropbear_ssh:2024.86","name":"dropbear","version":"2024.86","type":"application"},{"version":"1.47.0","type":"application","licenses":[{"license":{"name":"GPL-2.0"}}],"name":"e2fsprogs","cpe":"cpe:/a:e2fsprogs_project:e2fsprogs:1.47.0"},{"type":"firmware","version":"20241130","name":"eip197-mini-firmware"},{"name":"f2fsck","cpe":"cpe:/a:f2fs-tools_project:f2fs-tools:1.16.0","licenses":[{"license":{"name":"GPL-2.0-only"}}],"type":"application","version":"1.16.0"},{"type":"application","version":"2024.12.18~18fc0ead","name":"firewall4","licenses":[{"license":{"name":"ISC"}}]},{"type":"application","version":"2","name":"fitblk","licenses":[{"license":{"name":"GPL-2.0-only"}}]},{"version":"2024.12.02~49d36ba2","type":"application","licenses":[{"license":{"name":"GPL-2.0"}}],"name":"fstools"},{"licenses":[{"license":{"name":"GPL-2.0"}}],"name":"fwtool","version":"2019.11.12~8f7fe925","type":"application"},{"name":"getrandom","licenses":[{"license":{"name":"GPL-2.0"}}],"type":"application","version":"2024.04.26~85f10530"},{"type":"application","version":"2024.10.24~b80b3791","cpe":"cpe:/a:w1.fi:hostapd:2024.10.24~b80b3791","name":"hostapd-common","licenses":[{"license":{"name":"BSD-3-Clause"}}]},{"licenses":[{"license":{"name":"GPL-2.0"}}],"cpe":"cpe:/a:kernel:iw:6.9","name":"iw","version":"6.9","type":"application"},{"version":"2024.10.20~b94f066e","type":"application","licenses":[{"license":{"name":"GPL-2.0"}}],"name":"iwinfo"},{"licenses":[{"license":{"name":"MIT"}}],"name":"jansson","cpe":"cpe:/a:jansson_project:jansson:2.14","version":"2.14","type":"library"},{"licenses":[{"license":{"name":"ISC"}}],"name":"jshn","version":"2024.03.29~eb9bcb64","type":"application"},{"version":"2024.01.23~594cfa86","type":"application","licenses":[{"license":{"name":"ISC"}}],"name":"jsonfilter"},{"version":"6.6.67","type":"operating-system","licenses":[{"license":{"name":"GPL-2.0"}}],"cpe":"cpe:/o:linux:linux_kernel:6.6.67","name":"kernel"},{"type":"application","version":"6.6.67","name":"kmod-asn1-decoder","licenses":[{"license":{"name":"GPL-2.0-only"}}]},{"name":"kmod-cfg80211","licenses":[{"license":{"name":"GPL-2.0-only"}}],"type":"application","version":"6.6.67"},{"name":"kmod-crypto-acompress","licenses":[{"license":{"name":"GPL-2.0-only"}}],"type":"application","version":"6.6.67"},{"type":"application","version":"6.6.67","name":"kmod-crypto-aead","licenses":[{"license":{"name":"GPL-2.0-only"}}]},{"type":"application","version":"6.6.67","name":"kmod-crypto-authenc","licenses":[{"license":{"name":"GPL-2.0-only"}}]},{"type":"application","version":"6.6.67","name":"kmod-crypto-ccm","licenses":[{"license":{"name":"GPL-2.0-only"}}]},{"version":"6.6.67","type":"application","licenses":[{"license":{"name":"GPL-2.0-only"}}],"name":"kmod-crypto-cmac"},{"type":"application","version":"6.6.67","name":"kmod-crypto-crc32","licenses":[{"license":{"name":"GPL-2.0-only"}}]},{"licenses":[{"license":{"name":"GPL-2.0-only"}}],"name":"kmod-crypto-crc32c","version":"6.6.67","type":"application"},{"licenses":[{"license":{"name":"GPL-2.0-only"}}],"name":"kmod-crypto-ctr","version":"6.6.67","type":"application"},{"version":"6.6.67","type":"application","licenses":[{"license":{"name":"GPL-2.0-only"}}],"name":"kmod-crypto-des"},{"type":"application","version":"6.6.67","name":"kmod-crypto-ecb","licenses":[{"license":{"name":"GPL-2.0-only"}}]},{"name":"kmod-crypto-gcm","licenses":[{"license":{"name":"GPL-2.0-only"}}],"type":"application","version":"6.6.67"},{"name":"kmod-crypto-geniv","licenses":[{"license":{"name":"GPL-2.0-only"}}],"type":"application","version":"6.6.67"},{"licenses":[{"license":{"name":"GPL-2.0-only"}}],"name":"kmod-crypto-gf128","version":"6.6.67","type":"application"},{"licenses":[{"license":{"name":"GPL-2.0-only"}}],"name":"kmod-crypto-ghash","version":"6.6.67","type":"application"},{"licenses":[{"license":{"name":"GPL-2.0-only"}}],"name":"kmod-crypto-hash","version":"6.6.67","type":"application"},{"version":"6.6.67","type":"application","licenses":[{"license":{"name":"GPL-2.0-only"}}],"name":"kmod-crypto-hmac"},{"licenses":[{"license":{"name":"GPL-2.0-only"}}],"name":"kmod-crypto-hw-safexcel","version":"6.6.67","type":"application"},{"licenses":[{"license":{"name":"GPL-2.0-only"}}],"name":"kmod-crypto-manager","version":"6.6.67","type":"application"},{"name":"kmod-crypto-md5","licenses":[{"license":{"name":"GPL-2.0-only"}}],"type":"application","version":"6.6.67"},{"version":"6.6.67","type":"application","licenses":[{"license":{"name":"GPL-2.0-only"}}],"name":"kmod-crypto-null"},{"type":"application","version":"6.6.67","name":"kmod-crypto-rng","licenses":[{"license":{"name":"GPL-2.0-only"}}]},{"type":"application","version":"6.6.67","name":"kmod-crypto-seqiv","licenses":[{"license":{"name":"GPL-2.0-only"}}]},{"name":"kmod-crypto-sha1","licenses":[{"license":{"name":"GPL-2.0-only"}}],"type":"application","version":"6.6.67"},{"version":"6.6.67","type":"application","licenses":[{"license":{"name":"GPL-2.0-only"}}],"name":"kmod-crypto-sha256"},{"licenses":[{"license":{"name":"GPL-2.0-only"}}],"name":"kmod-crypto-sha3","version":"6.6.67","type":"application"},{"version":"6.6.67","type":"application","licenses":[{"license":{"name":"GPL-2.0-only"}}],"name":"kmod-crypto-sha512"},{"version":"6.6.67","type":"application","licenses":[{"license":{"name":"GPL-2.0"}}],"name":"kmod-cryptodev"},{"type":"application","version":"6.6.67","name":"kmod-fs-exfat","licenses":[{"license":{"name":"GPL-2.0-only"}}]},{"licenses":[{"license":{"name":"GPL-2.0-only"}}],"name":"kmod-fs-ext4","version":"6.6.67","type":"application"},{"type":"application","version":"6.6.67","name":"kmod-fs-f2fs","licenses":[{"license":{"name":"GPL-2.0-only"}}]},{"name":"kmod-fs-ksmbd","licenses":[{"license":{"name":"GPL-2.0-only"}}],"type":"application","version":"6.6.67"},{"type":"application","version":"6.6.67","name":"kmod-fs-netfs","licenses":[{"license":{"name":"GPL-2.0-only"}}]},{"type":"application","version":"6.6.67","name":"kmod-fs-ntfs3","licenses":[{"license":{"name":"GPL-2.0-only"}}]},{"licenses":[{"license":{"name":"GPL-2.0-only"}}],"name":"kmod-fs-smbfs-common","version":"6.6.67","type":"application"},{"version":"6.6.67","type":"application","licenses":[{"license":{"name":"GPL-2.0-only"}}],"name":"kmod-fs-vfat"},{"name":"kmod-gpio-button-hotplug","licenses":[{"license":{"name":"GPL-2.0"}}],"type":"application","version":"6.6.67"},{"type":"application","version":"6.6.67","name":"kmod-hwmon-core","licenses":[{"license":{"name":"GPL-2.0-only"}}]},{"type":"application","version":"6.6.67","name":"kmod-leds-gpio","licenses":[{"license":{"name":"GPL-2.0-only"}}]},{"version":"6.6.67","type":"application","licenses":[{"license":{"name":"GPL-2.0-only"}}],"name":"kmod-lib-crc-ccitt"},{"licenses":[{"license":{"name":"GPL-2.0-only"}}],"name":"kmod-lib-crc16","version":"6.6.67","type":"application"},{"type":"application","version":"6.6.67","name":"kmod-lib-crc32c","licenses":[{"license":{"name":"GPL-2.0-only"}}]},{"licenses":[{"license":{"name":"GPL-2.0-only"}}],"name":"kmod-lib-lzo","version":"6.6.67","type":"application"},{"name":"kmod-mac80211","licenses":[{"license":{"name":"GPL-2.0-only"}}],"type":"application","version":"6.6.67"},{"type":"application","version":"6.6.67","name":"kmod-mt76-connac","licenses":[{"license":{"name":"GPLv2"}}]},{"version":"6.6.67","type":"application","licenses":[{"license":{"name":"GPLv2"}}],"name":"kmod-mt76-core"},{"type":"application","version":"6.6.67","name":"kmod-mt7915e","licenses":[{"license":{"name":"GPLv2"}}]},{"type":"application","version":"6.6.67","name":"kmod-mt7986-firmware","licenses":[{"license":{"name":"GPLv2"}}]},{"type":"application","version":"6.6.67","name":"kmod-nf-conntrack","licenses":[{"license":{"name":"GPL-2.0-only"}}]},{"licenses":[{"license":{"name":"GPL-2.0-only"}}],"name":"kmod-nf-conntrack-netlink","version":"6.6.67","type":"application"},{"version":"6.6.67","type":"application","licenses":[{"license":{"name":"GPL-2.0-only"}}],"name":"kmod-nf-conntrack6"},{"licenses":[{"license":{"name":"GPL-2.0-only"}}],"name":"kmod-nf-flow","version":"6.6.67","type":"application"},{"name":"kmod-nf-log","licenses":[{"license":{"name":"GPL-2.0-only"}}],"type":"application","version":"6.6.67"},{"name":"kmod-nf-log6","licenses":[{"license":{"name":"GPL-2.0-only"}}],"type":"application","version":"6.6.67"},{"licenses":[{"license":{"name":"GPL-2.0-only"}}],"name":"kmod-nf-nat","version":"6.6.67","type":"application"},{"licenses":[{"license":{"name":"GPL-2.0-only"}}],"name":"kmod-nf-reject","version":"6.6.67","type":"application"},{"licenses":[{"license":{"name":"GPL-2.0-only"}}],"name":"kmod-nf-reject6","version":"6.6.67","type":"application"},{"version":"6.6.67","type":"application","licenses":[{"license":{"name":"GPL-2.0-only"}}],"name":"kmod-nfnetlink"},{"type":"application","version":"6.6.67","name":"kmod-nft-core","licenses":[{"license":{"name":"GPL-2.0-only"}}]},{"type":"application","version":"6.6.67","name":"kmod-nft-fib","licenses":[{"license":{"name":"GPL-2.0-only"}}]},{"name":"kmod-nft-nat","licenses":[{"license":{"name":"GPL-2.0-only"}}],"type":"application","version":"6.6.67"},{"type":"application","version":"6.6.67","name":"kmod-nft-offload","licenses":[{"license":{"name":"GPL-2.0-only"}}]},{"type":"application","version":"6.6.67","name":"kmod-nls-base","licenses":[{"license":{"name":"GPL-2.0-only"}}]},{"version":"6.6.67","type":"application","licenses":[{"license":{"name":"GPL-2.0-only"}}],"name":"kmod-nls-cp437"},{"version":"6.6.67","type":"application","licenses":[{"license":{"name":"GPL-2.0-only"}}],"name":"kmod-nls-iso8859-1"},{"version":"6.6.67","type":"application","licenses":[{"license":{"name":"GPL-2.0-only"}}],"name":"kmod-nls-ucs2-utils"},{"version":"6.6.67","type":"application","licenses":[{"license":{"name":"GPL-2.0-only"}}],"name":"kmod-nls-utf8"},{"licenses":[{"license":{"name":"GPL-2.0-only"}}],"name":"kmod-oid-registry","version":"6.6.67","type":"application"},{"type":"application","version":"6.6.67","name":"kmod-ppp","licenses":[{"license":{"name":"GPL-2.0-only"}}]},{"name":"kmod-pppoe","licenses":[{"license":{"name":"GPL-2.0-only"}}],"type":"application","version":"6.6.67"},{"licenses":[{"license":{"name":"GPL-2.0-only"}}],"name":"kmod-pppox","version":"6.6.67","type":"application"},{"type":"application","version":"6.6.67","name":"kmod-scsi-core","licenses":[{"license":{"name":"GPL-2.0-only"}}]},{"licenses":[{"license":{"name":"GPL-2.0-only"}}],"name":"kmod-slhc","version":"6.6.67","type":"application"},{"name":"kmod-thermal","licenses":[{"license":{"name":"GPL-2.0-only"}}],"type":"application","version":"6.6.67"},{"licenses":[{"license":{"name":"GPL-2.0-only"}}],"name":"kmod-usb-core","version":"6.6.67","type":"application"},{"licenses":[{"license":{"name":"GPL-2.0-only"}}],"name":"kmod-usb-storage","version":"6.6.67","type":"application"},{"licenses":[{"license":{"name":"GPL-2.0-only"}}],"name":"kmod-usb-storage-extras","version":"6.6.67","type":"application"},{"version":"6.6.67","type":"application","licenses":[{"license":{"name":"GPL-2.0-only"}}],"name":"kmod-usb-storage-uas"},{"name":"kmod-usb-xhci-hcd","licenses":[{"license":{"name":"GPL-2.0-only"}}],"type":"application","version":"6.6.67"},{"licenses":[{"license":{"name":"GPL-2.0-only"}}],"name":"kmod-usb-xhci-mtk","version":"6.6.67","type":"application"},{"type":"application","version":"6.6.67","name":"kmod-usb3","licenses":[{"license":{"name":"GPL-2.0-only"}}]},{"licenses":[{"license":{"name":"GPL-2.0-or-later"}}],"name":"ksmbd-avahi-service","version":"3.5.3","type":"application"},{"name":"ksmbd-server","licenses":[{"license":{"name":"GPL-2.0-or-later"}}],"type":"application","version":"3.5.3"},{"type":"application","version":"13.3.0","name":"libatomic","licenses":[{"license":{"name":"GPL-3.0-with-GCC-exception"}}]},{"name":"libavahi-dbus-support","cpe":"cpe:/a:avahi:avahi:0.8","licenses":[{"license":{"name":"LGPL-2.1-or-later"}}],"type":"library","version":"0.8"},{"licenses":[{"license":{"name":"GPL-2.0-only"}}],"cpe":"cpe:/a:kernel:util-linux:2.40.2","name":"libblkid","version":"2.40.2","type":"library"},{"licenses":[{"license":{"name":"ISC"}}],"name":"libblobmsg-json","version":"2024.03.29~eb9bcb64","type":"library"},{"type":"application","version":"1.2.5","name":"libc","licenses":[{"license":{"name":"GPL-3.0-with-GCC-exception"}}]},{"type":"library","version":"1.47.0","name":"libcomerr","cpe":"cpe:/a:e2fsprogs_project:e2fsprogs:1.47.0","licenses":[{"license":{"name":"GPL-2.0"}}]},{"type":"library","version":"0.14","cpe":"cpe:/a:libdaemon_project:libdaemon:0.14","name":"libdaemon"},{"licenses":[{"license":{"name":"AFL-2.1"}}],"name":"libdbus","cpe":"cpe:/a:freedesktop:dbus:1.14.10","version":"1.14.10","type":"library"},{"version":"1.47.0","type":"library","licenses":[{"license":{"name":"GPL-2.0"}}],"cpe":"cpe:/a:e2fsprogs_project:e2fsprogs:1.47.0","name":"libe2p"},{"version":"1.13.1","type":"library","licenses":[{"license":{"name":"MIT"}}],"name":"libevdev"},{"version":"2.6.3","type":"library","licenses":[{"license":{"name":"MIT"}}],"name":"libexpat","cpe":"cpe:/a:libexpat_project:libexpat:2.6.3"},{"name":"libext2fs","cpe":"cpe:/a:e2fsprogs_project:e2fsprogs:1.47.0","licenses":[{"license":{"name":"GPL-2.0"}}],"type":"library","version":"1.47.0"},{"version":"1.16.0","type":"library","licenses":[{"license":{"name":"GPL-2.0-only"}}],"name":"libf2fs","cpe":"cpe:/a:f2fs-tools_project:f2fs-tools:1.16.0"},{"licenses":[{"license":{"name":"GPL-3.0-with-GCC-exception"}}],"name":"libgcc","version":"13.3.0","type":"application"},{"type":"library","version":"6.3.0","name":"libgmp","cpe":"cpe:/a:gmplib:gmp:6.3.0","licenses":[{"license":{"name":"GPL-2.0-or-later"}}]},{"name":"libiwinfo-data","licenses":[{"license":{"name":"GPL-2.0"}}],"type":"application","version":"2024.10.20~b94f066e"},{"type":"library","version":"2024.10.20~b94f066e","name":"libiwinfo","licenses":[{"license":{"name":"GPL-2.0"}}]},{"type":"library","version":"0.18","cpe":"cpe:/a:json-c:json-c:0.18","name":"libjson-c","licenses":[{"license":{"name":"MIT"}}]},{"version":"2024.03.29~eb9bcb64","type":"application","licenses":[{"license":{"name":"ISC"}}],"name":"libjson-script"},{"version":"2023.03.15~9b5b683f","type":"library","licenses":[{"license":{"name":"ISC"}}],"name":"liblucihttp-ucode"},{"version":"2023.03.15~9b5b683f","type":"library","licenses":[{"license":{"name":"ISC"}}],"name":"liblucihttp"},{"cpe":"cpe:/a:netfilter:libmnl:1.0.5","name":"libmnl","licenses":[{"license":{"name":"LGPL-2.1+"}}],"type":"library","version":"1.0.5"},{"version":"1.0.9","type":"library","licenses":[{"license":{"name":"GPL-2.0-or-later"}}],"name":"libnetfilter-conntrack","cpe":"cpe:/a:netfilter:libnetfilter_conntrack:1.0.9"},{"version":"3.9.1","type":"library","licenses":[{"license":{"name":"GPL-2.0-or-later"}}],"name":"libnettle","cpe":"cpe:/a:nettle_project:nettle:3.9.1"},{"type":"library","version":"1.0.2","cpe":"cpe:/a:netfilter:libnfnetlink:1.0.2","name":"libnfnetlink","licenses":[{"license":{"name":"GPL-2.0+"}}]},{"licenses":[{"license":{"name":"GPL-2.0-or-later"}}],"cpe":"cpe:/a:netfilter:libnftnl:1.2.8","name":"libnftnl","version":"1.2.8","type":"library"},{"licenses":[{"license":{"name":"LGPL-2.1"}}],"cpe":"cpe:/a:libnl_project:libnl:3.10.0","name":"libnl-core","version":"3.10.0","type":"library"},{"licenses":[{"license":{"name":"LGPL-2.1"}}],"name":"libnl-genl","cpe":"cpe:/a:libnl_project:libnl:3.10.0","version":"3.10.0","type":"library"},{"version":"2023.12.05~965c4bf4","type":"library","licenses":[{"license":{"name":"LGPL-2.1"}}],"name":"libnl-tiny"},{"type":"library","version":"3.0.15","cpe":"cpe:/a:openssl:openssl:3.0.15","name":"libopenssl-conf","licenses":[{"license":{"name":"Apache-2.0"}}]},{"version":"3.0.15","type":"library","licenses":[{"license":{"name":"Apache-2.0"}}],"name":"libopenssl-devcrypto","cpe":"cpe:/a:openssl:openssl:3.0.15"},{"version":"3.0.15","type":"library","licenses":[{"license":{"name":"Apache-2.0"}}],"cpe":"cpe:/a:openssl:openssl:3.0.15","name":"libopenssl-legacy"},{"version":"3.0.15","type":"library","licenses":[{"license":{"name":"Apache-2.0"}}],"cpe":"cpe:/a:openssl:openssl:3.0.15","name":"libopenssl"},{"version":"1.2.5","type":"application","licenses":[{"license":{"name":"GPL-3.0-with-GCC-exception"}}],"name":"libpthread"},{"name":"librt","licenses":[{"license":{"name":"GPL-3.0-with-GCC-exception"}}],"type":"application","version":"1.2.5"},{"version":"1.47.0","type":"library","licenses":[{"license":{"name":"GPL-2.0"}}],"name":"libss","cpe":"cpe:/a:e2fsprogs_project:e2fsprogs:1.47.0"},{"licenses":[{"license":{"name":"ISC"}}],"name":"libubox","version":"2024.03.29~eb9bcb64","type":"library"},{"type":"library","version":"2024.10.20~252a9b0c","name":"libubus","licenses":[{"license":{"name":"LGPL-2.1"}}]},{"version":"2024.11.26~10f7996e","type":"library","licenses":[{"license":{"name":"LGPL-2.1"}}],"name":"libuci"},{"licenses":[{"license":{"name":"ISC"}}],"name":"libuclient","version":"2024.10.22~88ae8f20","type":"library"},{"licenses":[{"license":{"name":"ISC"}}],"name":"libucode","version":"2024.12.06~209f041f","type":"library"},{"licenses":[{"license":{"name":"GPL-2.0"}}],"name":"libudebug","version":"2023.12.06~6d3f51f9","type":"library"},{"name":"libudev-zero","licenses":[{"license":{"name":"MIT"}}],"type":"library","version":"1.0.3"},{"name":"libustream-openssl","licenses":[{"license":{"name":"ISC"}}],"type":"library","version":"2024.07.28~99bd3d2b"},{"cpe":"cpe:/a:kernel:util-linux:2.40.2","name":"libuuid","licenses":[{"license":{"name":"GPL-2.0-only"}}],"type":"library","version":"2.40.2"},{"name":"logd","licenses":[{"license":{"name":"GPL-2.0"}}],"type":"application","version":"2024.04.26~85f10530"},{"version":"24.364.04864~37d93f3","type":"application","licenses":[{"license":{"name":"Apache-2.0"}}],"name":"luci"},{"licenses":[{"license":{"name":"Apache-2.0"}}],"name":"luci-app-firewall","version":"24.364.04864~37d93f3","type":"application"},{"licenses":[{"license":{"name":"Apache-2.0"}}],"name":"luci-app-ksmbd","version":"24.364.04864~37d93f3","type":"application"},{"version":"24.364.04864~37d93f3","type":"application","licenses":[{"license":{"name":"Apache-2.0"}}],"name":"luci-app-package-manager"},{"licenses":[{"license":{"name":"Apache-2.0"}}],"name":"luci-base","version":"24.364.04864~37d93f3","type":"application"},{"licenses":[{"license":{"name":"Apache-2.0"}}],"name":"luci-light","version":"24.364.04864~37d93f3","type":"application"},{"name":"luci-mod-admin-full","licenses":[{"license":{"name":"Apache-2.0"}}],"type":"application","version":"24.364.04864~37d93f3"},{"licenses":[{"license":{"name":"Apache-2.0"}}],"name":"luci-mod-network","version":"24.364.04864~37d93f3","type":"application"},{"type":"application","version":"24.364.04864~37d93f3","name":"luci-mod-status","licenses":[{"license":{"name":"Apache-2.0"}}]},{"licenses":[{"license":{"name":"Apache-2.0"}}],"name":"luci-mod-system","version":"24.364.04864~37d93f3","type":"application"},{"licenses":[{"license":{"name":"Apache-2.0"}}],"name":"luci-proto-ipv6","version":"24.364.04864~37d93f3","type":"application"},{"name":"luci-proto-ppp","licenses":[{"license":{"name":"Apache-2.0"}}],"type":"application","version":"24.364.04864~37d93f3"},{"name":"luci-theme-bootstrap","licenses":[{"license":{"name":"Apache-2.0"}}],"type":"application","version":"24.364.04864~37d93f3"},{"type":"application","version":"1.16.0","name":"mkf2fs","cpe":"cpe:/a:f2fs-tools_project:f2fs-tools:1.16.0","licenses":[{"license":{"name":"GPL-2.0-only"}}]},{"name":"mt7986-wo-firmware","version":"20241130","type":"firmware"},{"name":"mtd","licenses":[{"license":{"name":"GPL-2.0+"}}],"type":"application","version":"26"},{"licenses":[{"license":{"name":"GPL-2.0"}}],"name":"netifd","version":"2024.12.17~ea01ed41","type":"application"},{"version":"1.1.1","type":"application","licenses":[{"license":{"name":"GPL-2.0"}}],"name":"nftables-json"},{"type":"application","version":"2024.09.25~b6ae9ffa","name":"odhcp6c","licenses":[{"license":{"name":"GPL-2.0"}}]},{"licenses":[{"license":{"name":"GPL-2.0"}}],"name":"odhcpd-ipv6only","version":"2024.05.08~a2988231","type":"application"},{"type":"application","version":"2024.11.01~fbae29d7","name":"openwrt-keyring","licenses":[{"license":{"name":"GPL-2.0"}}]},{"name":"ppp","cpe":"cpe:/a:samba:ppp:2.5.1","licenses":[{"license":{"name":"BSD-4-Clause"}}],"type":"application","version":"2.5.1"},{"name":"ppp-mod-pppoe","cpe":"cpe:/a:samba:ppp:2.5.1","licenses":[{"license":{"name":"BSD-4-Clause"}}],"type":"application","version":"2.5.1"},{"name":"procd","licenses":[{"license":{"name":"GPL-2.0"}}],"type":"application","version":"2024.12.22~42d39376"},{"version":"2024.12.22~42d39376","type":"application","licenses":[{"license":{"name":"GPL-2.0"}}],"name":"procd-seccomp"},{"type":"application","version":"2024.12.22~42d39376","name":"procd-ujail","licenses":[{"license":{"name":"GPL-2.0"}}]},{"licenses":[{"license":{"name":"ISC"}}],"name":"rpcd","version":"2024.12.02~cc9a471c","type":"application"},{"name":"rpcd-mod-file","licenses":[{"license":{"name":"ISC"}}],"type":"application","version":"2024.12.02~cc9a471c"},{"licenses":[{"license":{"name":"ISC"}}],"name":"rpcd-mod-iwinfo","version":"2024.12.02~cc9a471c","type":"application"},{"type":"library","version":"20240305","name":"rpcd-mod-luci","licenses":[{"license":{"name":"Apache-2.0"}}]},{"name":"rpcd-mod-rrdns","licenses":[{"license":{"name":"Apache-2.0"}}],"type":"library","version":"20170710"},{"type":"application","version":"2024.12.02~cc9a471c","name":"rpcd-mod-ucode","licenses":[{"license":{"name":"ISC"}}]},{"type":"application","version":"2.2.1","cpe":"cpe:/a:mtd-utils_project:mtd-utils:2.2.1","name":"ubi-utils","licenses":[{"license":{"name":"GPLv2"}}]},{"version":"2024.07","type":"application","licenses":[{"license":{"name":"GPL-2.0"}},{"license":{"name":"GPL-2.0+"}}],"name":"uboot-envtools"},{"name":"ubox","licenses":[{"license":{"name":"GPL-2.0"}}],"type":"application","version":"2024.04.26~85f10530"},{"name":"ubus","licenses":[{"license":{"name":"LGPL-2.1"}}],"type":"application","version":"2024.10.20~252a9b0c"},{"version":"2024.10.20~252a9b0c","type":"application","licenses":[{"license":{"name":"LGPL-2.1"}}],"name":"ubusd"},{"licenses":[{"license":{"name":"LGPL-2.1"}}],"name":"uci","version":"2024.11.26~10f7996e","type":"application"},{"version":"2024.10.22~88ae8f20","type":"application","licenses":[{"license":{"name":"ISC"}}],"name":"uclient-fetch"},{"licenses":[{"license":{"name":"ISC"}}],"name":"ucode","version":"2024.12.06~209f041f","type":"application"},{"version":"2024.12.06~209f041f","type":"application","licenses":[{"license":{"name":"ISC"}}],"name":"ucode-mod-digest"},{"type":"application","version":"2024.12.06~209f041f","name":"ucode-mod-fs","licenses":[{"license":{"name":"ISC"}}]},{"type":"application","version":"1","name":"ucode-mod-html","licenses":[{"license":{"name":"ISC"}}]},{"type":"application","version":"2024.12.06~209f041f","name":"ucode-mod-math","licenses":[{"license":{"name":"ISC"}}]},{"version":"2024.12.06~209f041f","type":"application","licenses":[{"license":{"name":"ISC"}}],"name":"ucode-mod-nl80211"},{"version":"2024.12.06~209f041f","type":"application","licenses":[{"license":{"name":"ISC"}}],"name":"ucode-mod-rtnl"},{"version":"2024.12.06~209f041f","type":"application","licenses":[{"license":{"name":"ISC"}}],"name":"ucode-mod-ubus"},{"name":"ucode-mod-uci","licenses":[{"license":{"name":"ISC"}}],"type":"application","version":"2024.12.06~209f041f"},{"licenses":[{"license":{"name":"ISC"}}],"name":"ucode-mod-uloop","version":"2024.12.06~209f041f","type":"application"},{"name":"uhttpd","licenses":[{"license":{"name":"ISC"}}],"type":"application","version":"2023.06.25~34a8a74d"},{"type":"application","version":"2023.06.25~34a8a74d","name":"uhttpd-mod-ubus","licenses":[{"license":{"name":"ISC"}}]},{"version":"3","type":"application","licenses":[{"license":{"name":"GPL-2.0-only"}}],"name":"urandom-seed"},{"type":"application","version":"2023.11.01~44365eb1","name":"urngd","licenses":[{"license":{"name":"GPL-2.0"}},{"license":{"name":"BSD-3-Clause"}}]},{"name":"usbids","licenses":[{"license":{"name":"GPL-2.0-or-later"}},{"license":{"name":"XFree86-1.0"}}],"type":"application","version":"0.387"},{"name":"usbutils","licenses":[{"license":{"name":"GPL-2.0-only"}}],"type":"application","version":"017"},{"name":"usign","licenses":[{"license":{"name":"ISC"}}],"type":"application","version":"2020.05.23~f1f65026"},{"name":"wifi-scripts","licenses":[{"license":{"name":"GPL-2.0"}}],"type":"application","version":"1.0"},{"type":"firmware","version":"2024.10.07","name":"wireless-regdb","licenses":[{"license":{"name":"ISC"}}]},{"name":"wpad-openssl","cpe":"cpe:/a:w1.fi:hostapd:2024.10.24~b80b3791","licenses":[{"license":{"name":"BSD-3-Clause"}}],"type":"application","version":"2024.10.24~b80b3791"},{"licenses":[{"license":{"name":"GPL-3.0-only"}}],"name":"wsdd2","version":"2023.12.21~b676d8ac","type":"application"},{"type":"library","version":"1.3.1","cpe":"cpe:/a:gnu:zlib:1.3.1","name":"zlib","licenses":[{"license":{"name":"Zlib"}}]}],"metadata":{"timestamp":"2024-12-29T02:14:49Z"},"bomFormat":"CycloneDX","version":1,"serialNumber":"urn:uuid:ac9e3a60-a81c-4b2e-8abd-1ac31daeb293","specVersion":"1.4"}