{
  "$schema": "http://cyclonedx.org/schema/bom-1.6.schema.json",
  "bomFormat": "CycloneDX",
  "specVersion": "1.6",
  "serialNumber": "urn:uuid:20e70811-389c-49f3-aec5-0ba7a29a9050",
  "version": 1,
  "metadata": {
    "timestamp": "2025-04-04T07:57:45Z",
    "tools": [
      {
        "vendor": "CycloneDX",
        "name": "cyclonedx-gomod",
        "version": "v1.9.0",
        "hashes": [
          {
            "alg": "MD5",
            "content": "c3d43dcbd0fe759f08bf015a813a9b8a"
          },
          {
            "alg": "SHA-1",
            "content": "535e04b2bbf30291996459f00500006093d693c9"
          },
          {
            "alg": "SHA-256",
            "content": "64440820e5d881ec20bc7b9937fdc9bd67d15ba4637b2e7959a8f31dd12c5b21"
          },
          {
            "alg": "SHA-384",
            "content": "4471110c85093e7c488e4c8581800e333bd5ae4ab1b236b8c07423a919b1b1f118a6183ab7c98d7787d7bf6eb2fc01db"
          },
          {
            "alg": "SHA-512",
            "content": "1761f6f63ed47db7e67754cee46db306f25c894862ac09de99d97e47eba604906f4d38838b50ddbcbd3f15573f772951c9b9c6eba79794feedacafd5c17e38e5"
          }
        ],
        "externalReferences": [
          {
            "url": "https://github.com/CycloneDX/cyclonedx-gomod",
            "type": "vcs"
          },
          {
            "url": "https://cyclonedx.org",
            "type": "website"
          }
        ]
      }
    ],
    "component": {
      "bom-ref": "pkg:golang/github.com/securego/gosec/v2?type=module",
      "type": "application",
      "name": "github.com/securego/gosec/v2",
      "purl": "pkg:golang/github.com/securego/gosec/v2?type=module\u0026goos=linux\u0026goarch=amd64",
      "externalReferences": [
        {
          "url": "https://github.com/securego/gosec",
          "type": "vcs"
        }
      ],
      "evidence": {
        "licenses": [
          {
            "license": {
              "id": "Apache-2.0"
            }
          }
        ]
      }
    }
  },
  "components": [
    {
      "bom-ref": "pkg:golang/cloud.google.com/go@v0.116.0?type=module",
      "type": "library",
      "name": "cloud.google.com/go",
      "version": "v0.116.0",
      "scope": "required",
      "hashes": [
        {
          "alg": "SHA-256",
          "content": "0777d1ad20e42d1b79a921d67b8d04449be1be7430759887bb46c93a995dc1e1"
        }
      ],
      "purl": "pkg:golang/cloud.google.com/go@v0.116.0?type=module\u0026goos=linux\u0026goarch=amd64",
      "evidence": {
        "licenses": [
          {
            "license": {
              "id": "Apache-2.0"
            }
          }
        ]
      }
    },
    {
      "bom-ref": "pkg:golang/cloud.google.com/go/ai@v0.8.0?type=module",
      "type": "library",
      "name": "cloud.google.com/go/ai",
      "version": "v0.8.0",
      "scope": "required",
      "hashes": [
        {
          "alg": "SHA-256",
          "content": "ad7504cfc5a9d8e96b33caf56df9a9176f952aa735549a5a7c4dc78334670ffc"
        }
      ],
      "purl": "pkg:golang/cloud.google.com/go/ai@v0.8.0?type=module\u0026goos=linux\u0026goarch=amd64",
      "evidence": {
        "licenses": [
          {
            "license": {
              "id": "Apache-2.0"
            }
          }
        ]
      }
    },
    {
      "bom-ref": "pkg:golang/cloud.google.com/go/auth@v0.15.0?type=module",
      "type": "library",
      "name": "cloud.google.com/go/auth",
      "version": "v0.15.0",
      "scope": "required",
      "hashes": [
        {
          "alg": "SHA-256",
          "content": "2f2d2ee1a039bc6fdfb12b31bbdf2a09005e997b40b497fef79cfd1caf9cc69b"
        }
      ],
      "purl": "pkg:golang/cloud.google.com/go/auth@v0.15.0?type=module\u0026goos=linux\u0026goarch=amd64",
      "evidence": {
        "licenses": [
          {
            "license": {
              "id": "Apache-2.0"
            }
          }
        ]
      }
    },
    {
      "bom-ref": "pkg:golang/cloud.google.com/go/auth/oauth2adapt@v0.2.8?type=module",
      "type": "library",
      "name": "cloud.google.com/go/auth/oauth2adapt",
      "version": "v0.2.8",
      "scope": "required",
      "hashes": [
        {
          "alg": "SHA-256",
          "content": "91ea3c35a6b2419eb08a6a4d4a65b938f736f3783ae5034888ba599e41d16e77"
        }
      ],
      "purl": "pkg:golang/cloud.google.com/go/auth/oauth2adapt@v0.2.8?type=module\u0026goos=linux\u0026goarch=amd64",
      "evidence": {
        "licenses": [
          {
            "license": {
              "id": "Apache-2.0"
            }
          }
        ]
      }
    },
    {
      "bom-ref": "pkg:golang/cloud.google.com/go/compute/metadata@v0.6.0?type=module",
      "type": "library",
      "name": "cloud.google.com/go/compute/metadata",
      "version": "v0.6.0",
      "scope": "required",
      "hashes": [
        {
          "alg": "SHA-256",
          "content": "03a84436312c083b42d64f1bc95b20c2f55c8a86a6107bd9e23d353b02b11bd2"
        }
      ],
      "purl": "pkg:golang/cloud.google.com/go/compute/metadata@v0.6.0?type=module\u0026goos=linux\u0026goarch=amd64",
      "evidence": {
        "licenses": [
          {
            "license": {
              "id": "Apache-2.0"
            }
          }
        ]
      }
    },
    {
      "bom-ref": "pkg:golang/cloud.google.com/go/longrunning@v0.5.7?type=module",
      "type": "library",
      "name": "cloud.google.com/go/longrunning",
      "version": "v0.5.7",
      "scope": "required",
      "hashes": [
        {
          "alg": "SHA-256",
          "content": "58b6c77a40db8cad5f5450f789ba45155a328b394b465ef723b60ab802a29615"
        }
      ],
      "purl": "pkg:golang/cloud.google.com/go/longrunning@v0.5.7?type=module\u0026goos=linux\u0026goarch=amd64",
      "evidence": {
        "licenses": [
          {
            "license": {
              "id": "Apache-2.0"
            }
          }
        ]
      }
    },
    {
      "bom-ref": "pkg:golang/github.com/ccojocar/zxcvbn-go@v1.0.2?type=module",
      "type": "library",
      "name": "github.com/ccojocar/zxcvbn-go",
      "version": "v1.0.2",
      "scope": "required",
      "hashes": [
        {
          "alg": "SHA-256",
          "content": "9dafdccd753c46b8573b811999ee9e4092d1e0fcdc1ac6a1b01380c14e88dd58"
        }
      ],
      "purl": "pkg:golang/github.com/ccojocar/zxcvbn-go@v1.0.2?type=module\u0026goos=linux\u0026goarch=amd64",
      "externalReferences": [
        {
          "url": "https://github.com/ccojocar/zxcvbn-go",
          "type": "vcs"
        }
      ],
      "evidence": {
        "licenses": [
          {
            "license": {
              "id": "MIT"
            }
          }
        ]
      }
    },
    {
      "bom-ref": "pkg:golang/github.com/felixge/httpsnoop@v1.0.4?type=module",
      "type": "library",
      "name": "github.com/felixge/httpsnoop",
      "version": "v1.0.4",
      "scope": "required",
      "hashes": [
        {
          "alg": "SHA-256",
          "content": "3454d5d998f56cbe2673db2a5800976d01550418365b718fbeaa7cfc4492d968"
        }
      ],
      "purl": "pkg:golang/github.com/felixge/httpsnoop@v1.0.4?type=module\u0026goos=linux\u0026goarch=amd64",
      "externalReferences": [
        {
          "url": "https://github.com/felixge/httpsnoop",
          "type": "vcs"
        }
      ],
      "evidence": {
        "licenses": [
          {
            "license": {
              "id": "MIT"
            }
          }
        ]
      }
    },
    {
      "bom-ref": "pkg:golang/github.com/go-logr/stdr@v1.2.2?type=module",
      "type": "library",
      "name": "github.com/go-logr/stdr",
      "version": "v1.2.2",
      "scope": "required",
      "hashes": [
        {
          "alg": "SHA-256",
          "content": "8525b11e8a93816d92daa19cd0b4c0239eb7299e582984614f730529931b8da8"
        }
      ],
      "purl": "pkg:golang/github.com/go-logr/stdr@v1.2.2?type=module\u0026goos=linux\u0026goarch=amd64",
      "externalReferences": [
        {
          "url": "https://github.com/go-logr/stdr",
          "type": "vcs"
        }
      ],
      "evidence": {
        "licenses": [
          {
            "license": {
              "id": "Apache-2.0"
            }
          }
        ]
      }
    },
    {
      "bom-ref": "pkg:golang/github.com/google/generative-ai-go@v0.19.0?type=module",
      "type": "library",
      "name": "github.com/google/generative-ai-go",
      "version": "v0.19.0",
      "scope": "required",
      "hashes": [
        {
          "alg": "SHA-256",
          "content": "47bd6cce0821f301cc09494432c5b603fdd3fb92dd108922687498812a5481d8"
        }
      ],
      "purl": "pkg:golang/github.com/google/generative-ai-go@v0.19.0?type=module\u0026goos=linux\u0026goarch=amd64",
      "externalReferences": [
        {
          "url": "https://github.com/google/generative-ai-go",
          "type": "vcs"
        }
      ],
      "evidence": {
        "licenses": [
          {
            "license": {
              "id": "Apache-2.0"
            }
          }
        ]
      }
    },
    {
      "bom-ref": "pkg:golang/github.com/google/s2a-go@v0.1.9?type=module",
      "type": "library",
      "name": "github.com/google/s2a-go",
      "version": "v0.1.9",
      "scope": "required",
      "hashes": [
        {
          "alg": "SHA-256",
          "content": "2c60fb82d3207b377c6bf5da93b98458bd0f8e84d016fa51b9d37cf79caa296d"
        }
      ],
      "purl": "pkg:golang/github.com/google/s2a-go@v0.1.9?type=module\u0026goos=linux\u0026goarch=amd64",
      "externalReferences": [
        {
          "url": "https://github.com/google/s2a-go",
          "type": "vcs"
        }
      ],
      "evidence": {
        "licenses": [
          {
            "license": {
              "id": "Apache-2.0"
            }
          }
        ]
      }
    },
    {
      "bom-ref": "pkg:golang/github.com/google/uuid@v1.6.0?type=module",
      "type": "library",
      "name": "github.com/google/uuid",
      "version": "v1.6.0",
      "scope": "required",
      "hashes": [
        {
          "alg": "SHA-256",
          "content": "348bda24330eb231c0f27d630212d2833ac0cf2d4782bfa136b6f9edefbde05d"
        }
      ],
      "purl": "pkg:golang/github.com/google/uuid@v1.6.0?type=module\u0026goos=linux\u0026goarch=amd64",
      "externalReferences": [
        {
          "url": "https://github.com/google/uuid",
          "type": "vcs"
        }
      ],
      "evidence": {
        "licenses": [
          {
            "license": {
              "id": "BSD-3-Clause"
            }
          }
        ]
      }
    },
    {
      "bom-ref": "pkg:golang/github.com/googleapis/enterprise-certificate-proxy@v0.3.6?type=module",
      "type": "library",
      "name": "github.com/googleapis/enterprise-certificate-proxy",
      "version": "v0.3.6",
      "scope": "required",
      "hashes": [
        {
          "alg": "SHA-256",
          "content": "196fd76ddc81150f107be60098553db872e8ece9c5e6d2f9d8714080c9b2adfe"
        }
      ],
      "purl": "pkg:golang/github.com/googleapis/enterprise-certificate-proxy@v0.3.6?type=module\u0026goos=linux\u0026goarch=amd64",
      "externalReferences": [
        {
          "url": "https://github.com/googleapis/enterprise-certificate-proxy",
          "type": "vcs"
        }
      ],
      "evidence": {
        "licenses": [
          {
            "license": {
              "id": "Apache-2.0"
            }
          }
        ]
      }
    },
    {
      "bom-ref": "pkg:golang/github.com/googleapis/gax-go/v2@v2.14.1?type=module",
      "type": "library",
      "name": "github.com/googleapis/gax-go/v2",
      "version": "v2.14.1",
      "scope": "required",
      "hashes": [
        {
          "alg": "SHA-256",
          "content": "85bd0515e88f690b249af6a42aee446c26e99ed427e3c8f21eebeb92ead24bf4"
        }
      ],
      "purl": "pkg:golang/github.com/googleapis/gax-go/v2@v2.14.1?type=module\u0026goos=linux\u0026goarch=amd64",
      "externalReferences": [
        {
          "url": "https://github.com/googleapis/gax-go",
          "type": "vcs"
        }
      ],
      "evidence": {
        "licenses": [
          {
            "license": {
              "id": "BSD-3-Clause"
            }
          }
        ]
      }
    },
    {
      "bom-ref": "pkg:golang/github.com/gookit/color@v1.5.4?type=module",
      "type": "library",
      "name": "github.com/gookit/color",
      "version": "v1.5.4",
      "scope": "required",
      "hashes": [
        {
          "alg": "SHA-256",
          "content": "1599aab3b5cec86802031996c8fb25a62a24d64d39c266374894f2b60bd816cd"
        }
      ],
      "purl": "pkg:golang/github.com/gookit/color@v1.5.4?type=module\u0026goos=linux\u0026goarch=amd64",
      "externalReferences": [
        {
          "url": "https://github.com/gookit/color",
          "type": "vcs"
        }
      ],
      "evidence": {
        "licenses": [
          {
            "license": {
              "id": "MIT"
            }
          }
        ]
      }
    },
    {
      "bom-ref": "pkg:golang/github.com/lib/pq@v1.10.9?type=module",
      "type": "library",
      "name": "github.com/lib/pq",
      "version": "v1.10.9",
      "scope": "required",
      "hashes": [
        {
          "alg": "SHA-256",
          "content": "6171bb441f8922384fdbd5fe3ad9220e761a5d0c294b82445aaeddb42091504c"
        }
      ],
      "purl": "pkg:golang/github.com/lib/pq@v1.10.9?type=module\u0026goos=linux\u0026goarch=amd64",
      "externalReferences": [
        {
          "url": "https://github.com/lib/pq",
          "type": "vcs"
        }
      ],
      "evidence": {
        "licenses": [
          {
            "license": {
              "id": "MIT"
            }
          }
        ]
      }
    },
    {
      "bom-ref": "pkg:golang/github.com/mozilla/tls-observatory@v0.0.0-20210609171429-7bc42856d2e5?type=module",
      "type": "library",
      "name": "github.com/mozilla/tls-observatory",
      "version": "v0.0.0-20210609171429-7bc42856d2e5",
      "scope": "required",
      "hashes": [
        {
          "alg": "SHA-256",
          "content": "d0aa82ebfb0bcbb7c3a417726e156492fe18cfe3e607b73d0f3f73ddd2d6f34e"
        }
      ],
      "purl": "pkg:golang/github.com/mozilla/tls-observatory@v0.0.0-20210609171429-7bc42856d2e5?type=module\u0026goos=linux\u0026goarch=amd64",
      "externalReferences": [
        {
          "url": "https://github.com/mozilla/tls-observatory",
          "type": "vcs"
        }
      ],
      "evidence": {
        "licenses": [
          {
            "license": {
              "id": "MPL-2.0"
            }
          }
        ]
      }
    },
    {
      "bom-ref": "pkg:golang/github.com/xo/terminfo@v0.0.0-20210125001918-ca9a967f8778?type=module",
      "type": "library",
      "name": "github.com/xo/terminfo",
      "version": "v0.0.0-20210125001918-ca9a967f8778",
      "scope": "required",
      "hashes": [
        {
          "alg": "SHA-256",
          "content": "42577222efcbeb7a0fa72bd098782f822724a75630e75d0a24ea97ec7db89a0f"
        }
      ],
      "purl": "pkg:golang/github.com/xo/terminfo@v0.0.0-20210125001918-ca9a967f8778?type=module\u0026goos=linux\u0026goarch=amd64",
      "externalReferences": [
        {
          "url": "https://github.com/xo/terminfo",
          "type": "vcs"
        }
      ],
      "evidence": {
        "licenses": [
          {
            "license": {
              "id": "MIT"
            }
          }
        ]
      }
    },
    {
      "bom-ref": "pkg:golang/go.opentelemetry.io/auto/sdk@v1.1.0?type=module",
      "type": "library",
      "name": "go.opentelemetry.io/auto/sdk",
      "version": "v1.1.0",
      "scope": "required",
      "hashes": [
        {
          "alg": "SHA-256",
          "content": "707e778de84b50de9414b63bd73f8d0ce88d26a0dd3d1697cd37a5d2c2724980"
        }
      ],
      "purl": "pkg:golang/go.opentelemetry.io/auto/sdk@v1.1.0?type=module\u0026goos=linux\u0026goarch=amd64",
      "evidence": {
        "licenses": [
          {
            "license": {
              "id": "Apache-2.0"
            }
          }
        ]
      }
    },
    {
      "bom-ref": "pkg:golang/go.opentelemetry.io/contrib/instrumentation/google.golang.org/grpc/otelgrpc@v0.59.0?type=module",
      "type": "library",
      "name": "go.opentelemetry.io/contrib/instrumentation/google.golang.org/grpc/otelgrpc",
      "version": "v0.59.0",
      "scope": "required",
      "hashes": [
        {
          "alg": "SHA-256",
          "content": "ae03249a219f8b1f6f1490dc0e2d4f2bc58440fe052d0c0b0df869e592e915e1"
        }
      ],
      "purl": "pkg:golang/go.opentelemetry.io/contrib/instrumentation/google.golang.org/grpc/otelgrpc@v0.59.0?type=module\u0026goos=linux\u0026goarch=amd64",
      "evidence": {
        "licenses": [
          {
            "license": {
              "id": "Apache-2.0"
            }
          }
        ]
      }
    },
    {
      "bom-ref": "pkg:golang/go.opentelemetry.io/contrib/instrumentation/net/http/otelhttp@v0.59.0?type=module",
      "type": "library",
      "name": "go.opentelemetry.io/contrib/instrumentation/net/http/otelhttp",
      "version": "v0.59.0",
      "scope": "required",
      "hashes": [
        {
          "alg": "SHA-256",
          "content": "095ed4752189b7f028e86a780977242f155146c4600c7a08f178db2f73c397cb"
        }
      ],
      "purl": "pkg:golang/go.opentelemetry.io/contrib/instrumentation/net/http/otelhttp@v0.59.0?type=module\u0026goos=linux\u0026goarch=amd64",
      "evidence": {
        "licenses": [
          {
            "license": {
              "id": "Apache-2.0"
            }
          }
        ]
      }
    },
    {
      "bom-ref": "pkg:golang/go.opentelemetry.io/otel@v1.34.0?type=module",
      "type": "library",
      "name": "go.opentelemetry.io/otel",
      "version": "v1.34.0",
      "scope": "required",
      "hashes": [
        {
          "alg": "SHA-256",
          "content": "cd12d7c4b0a02f55b22ac3d5ae06d274c37873414c90302c9124d03fed217546"
        }
      ],
      "purl": "pkg:golang/go.opentelemetry.io/otel@v1.34.0?type=module\u0026goos=linux\u0026goarch=amd64",
      "evidence": {
        "licenses": [
          {
            "license": {
              "id": "Apache-2.0"
            }
          }
        ]
      }
    },
    {
      "bom-ref": "pkg:golang/go.opentelemetry.io/otel/metric@v1.34.0?type=module",
      "type": "library",
      "name": "go.opentelemetry.io/otel/metric",
      "version": "v1.34.0",
      "scope": "required",
      "hashes": [
        {
          "alg": "SHA-256",
          "content": "f9e4d1dd4d0cc9f5a344386614cc5ed92b16eb842b67ce003a1bea4bb63e3e84"
        }
      ],
      "purl": "pkg:golang/go.opentelemetry.io/otel/metric@v1.34.0?type=module\u0026goos=linux\u0026goarch=amd64",
      "evidence": {
        "licenses": [
          {
            "license": {
              "id": "Apache-2.0"
            }
          }
        ]
      }
    },
    {
      "bom-ref": "pkg:golang/go.opentelemetry.io/otel/trace@v1.34.0?type=module",
      "type": "library",
      "name": "go.opentelemetry.io/otel/trace",
      "version": "v1.34.0",
      "scope": "required",
      "hashes": [
        {
          "alg": "SHA-256",
          "content": "fa8b974b657c45de21a78e7cd1af2adb76e0d1acc5da723c72a2d89c2f2687f9"
        }
      ],
      "purl": "pkg:golang/go.opentelemetry.io/otel/trace@v1.34.0?type=module\u0026goos=linux\u0026goarch=amd64",
      "evidence": {
        "licenses": [
          {
            "license": {
              "id": "Apache-2.0"
            }
          }
        ]
      }
    },
    {
      "bom-ref": "pkg:golang/golang.org/x/crypto@v0.36.0?type=module",
      "type": "library",
      "name": "golang.org/x/crypto",
      "version": "v0.36.0",
      "scope": "required",
      "hashes": [
        {
          "alg": "SHA-256",
          "content": "027004be10dd76f05da58fae47e3321e6b99cf336a5d27bf1afb837a86f92f7e"
        }
      ],
      "purl": "pkg:golang/golang.org/x/crypto@v0.36.0?type=module\u0026goos=linux\u0026goarch=amd64",
      "evidence": {
        "licenses": [
          {
            "license": {
              "id": "BSD-Source-Code"
            }
          }
        ]
      }
    },
    {
      "bom-ref": "pkg:golang/golang.org/x/mod@v0.24.0?type=module",
      "type": "library",
      "name": "golang.org/x/mod",
      "version": "v0.24.0",
      "scope": "required",
      "hashes": [
        {
          "alg": "SHA-256",
          "content": "65fb6129a29a4f836b8465591ced7f5834f01844b80def0ab563b44886cd24c5"
        }
      ],
      "purl": "pkg:golang/golang.org/x/mod@v0.24.0?type=module\u0026goos=linux\u0026goarch=amd64",
      "evidence": {
        "licenses": [
          {
            "license": {
              "id": "BSD-Source-Code"
            }
          }
        ]
      }
    },
    {
      "bom-ref": "pkg:golang/golang.org/x/net@v0.37.0?type=module",
      "type": "library",
      "name": "golang.org/x/net",
      "version": "v0.37.0",
      "scope": "required",
      "hashes": [
        {
          "alg": "SHA-256",
          "content": "d732e8ac76f3f8b623ecc42549fd7edad3c822089bab678be7192b1a4e9ffb67"
        }
      ],
      "purl": "pkg:golang/golang.org/x/net@v0.37.0?type=module\u0026goos=linux\u0026goarch=amd64",
      "evidence": {
        "licenses": [
          {
            "license": {
              "id": "BSD-Source-Code"
            }
          }
        ]
      }
    },
    {
      "bom-ref": "pkg:golang/golang.org/x/oauth2@v0.28.0?type=module",
      "type": "library",
      "name": "golang.org/x/oauth2",
      "version": "v0.28.0",
      "scope": "required",
      "hashes": [
        {
          "alg": "SHA-256",
          "content": "0ab8022a5f0f3c056d2e753773e103c3ac75d7af7d11696c0de58d58a7483a47"
        }
      ],
      "purl": "pkg:golang/golang.org/x/oauth2@v0.28.0?type=module\u0026goos=linux\u0026goarch=amd64",
      "evidence": {
        "licenses": [
          {
            "license": {
              "id": "BSD-Source-Code"
            }
          }
        ]
      }
    },
    {
      "bom-ref": "pkg:golang/golang.org/x/sync@v0.12.0?type=module",
      "type": "library",
      "name": "golang.org/x/sync",
      "version": "v0.12.0",
      "scope": "required",
      "hashes": [
        {
          "alg": "SHA-256",
          "content": "3077390693ee0b7d2e264e7ded18bc4d5dc23597132eee81eb3e25272fa0e89c"
        }
      ],
      "purl": "pkg:golang/golang.org/x/sync@v0.12.0?type=module\u0026goos=linux\u0026goarch=amd64",
      "evidence": {
        "licenses": [
          {
            "license": {
              "id": "BSD-Source-Code"
            }
          }
        ]
      }
    },
    {
      "bom-ref": "pkg:golang/golang.org/x/sys@v0.31.0?type=module",
      "type": "library",
      "name": "golang.org/x/sys",
      "version": "v0.31.0",
      "scope": "required",
      "hashes": [
        {
          "alg": "SHA-256",
          "content": "8a869b66598562d5a12fe4d16297273652f0872c5a33d9164c31267e7a6baa29"
        }
      ],
      "purl": "pkg:golang/golang.org/x/sys@v0.31.0?type=module\u0026goos=linux\u0026goarch=amd64",
      "evidence": {
        "licenses": [
          {
            "license": {
              "id": "BSD-Source-Code"
            }
          }
        ]
      }
    },
    {
      "bom-ref": "pkg:golang/golang.org/x/text@v0.23.0?type=module",
      "type": "library",
      "name": "golang.org/x/text",
      "version": "v0.23.0",
      "scope": "required",
      "hashes": [
        {
          "alg": "SHA-256",
          "content": "0fbd48edd52b958f955f48104a101384d187171675ddd18b04740b565d662656"
        }
      ],
      "purl": "pkg:golang/golang.org/x/text@v0.23.0?type=module\u0026goos=linux\u0026goarch=amd64",
      "evidence": {
        "licenses": [
          {
            "license": {
              "id": "BSD-Source-Code"
            }
          }
        ]
      }
    },
    {
      "bom-ref": "pkg:golang/golang.org/x/time@v0.11.0?type=module",
      "type": "library",
      "name": "golang.org/x/time",
      "version": "v0.11.0",
      "scope": "required",
      "hashes": [
        {
          "alg": "SHA-256",
          "content": "fdba631037cdf6d92837faf27981e7bf985c32573c9dc8cc70ce17064e4d595d"
        }
      ],
      "purl": "pkg:golang/golang.org/x/time@v0.11.0?type=module\u0026goos=linux\u0026goarch=amd64",
      "evidence": {
        "licenses": [
          {
            "license": {
              "id": "BSD-Source-Code"
            }
          }
        ]
      }
    },
    {
      "bom-ref": "pkg:golang/golang.org/x/tools@v0.31.0?type=module",
      "type": "library",
      "name": "golang.org/x/tools",
      "version": "v0.31.0",
      "scope": "required",
      "hashes": [
        {
          "alg": "SHA-256",
          "content": "d0479d92f2836e1faa8acb454ddd017307bf60b878bc7c16124888d2da052015"
        }
      ],
      "purl": "pkg:golang/golang.org/x/tools@v0.31.0?type=module\u0026goos=linux\u0026goarch=amd64",
      "evidence": {
        "licenses": [
          {
            "license": {
              "id": "BSD-Source-Code"
            }
          }
        ]
      }
    },
    {
      "bom-ref": "pkg:golang/google.golang.org/api@v0.228.0?type=module",
      "type": "library",
      "name": "google.golang.org/api",
      "version": "v0.228.0",
      "scope": "required",
      "hashes": [
        {
          "alg": "SHA-256",
          "content": "5f60c9feea161a7639a1b5637b06e9f227122f9538173b827f2f4e8db2d29cbb"
        }
      ],
      "purl": "pkg:golang/google.golang.org/api@v0.228.0?type=module\u0026goos=linux\u0026goarch=amd64",
      "evidence": {
        "licenses": [
          {
            "license": {
              "id": "BSD-3-Clause"
            }
          }
        ]
      }
    },
    {
      "bom-ref": "pkg:golang/google.golang.org/genproto/googleapis/api@v0.0.0-20250106144421-5f5ef82da422?type=module",
      "type": "library",
      "name": "google.golang.org/genproto/googleapis/api",
      "version": "v0.0.0-20250106144421-5f5ef82da422",
      "scope": "required",
      "hashes": [
        {
          "alg": "SHA-256",
          "content": "19520a3f23ff90b23254e80e9d3c053abbd06905333b318c0b180550e1269b6e"
        }
      ],
      "purl": "pkg:golang/google.golang.org/genproto/googleapis/api@v0.0.0-20250106144421-5f5ef82da422?type=module\u0026goos=linux\u0026goarch=amd64",
      "evidence": {
        "licenses": [
          {
            "license": {
              "id": "Apache-2.0"
            }
          }
        ]
      }
    },
    {
      "bom-ref": "pkg:golang/google.golang.org/genproto/googleapis/rpc@v0.0.0-20250313205543-e70fdf4c4cb4?type=module",
      "type": "library",
      "name": "google.golang.org/genproto/googleapis/rpc",
      "version": "v0.0.0-20250313205543-e70fdf4c4cb4",
      "scope": "required",
      "hashes": [
        {
          "alg": "SHA-256",
          "content": "88ada36e458bf3a0d78c4c74aa21dc444f5d138fc086e6b993a57c39615bfff7"
        }
      ],
      "purl": "pkg:golang/google.golang.org/genproto/googleapis/rpc@v0.0.0-20250313205543-e70fdf4c4cb4?type=module\u0026goos=linux\u0026goarch=amd64",
      "evidence": {
        "licenses": [
          {
            "license": {
              "id": "Apache-2.0"
            }
          }
        ]
      }
    },
    {
      "bom-ref": "pkg:golang/google.golang.org/grpc@v1.71.0?type=module",
      "type": "library",
      "name": "google.golang.org/grpc",
      "version": "v1.71.0",
      "scope": "required",
      "hashes": [
        {
          "alg": "SHA-256",
          "content": "905efb04674f4d0e3f25958c95bf55a49e696b6e5aaaf56aa20b313471dd7818"
        }
      ],
      "purl": "pkg:golang/google.golang.org/grpc@v1.71.0?type=module\u0026goos=linux\u0026goarch=amd64",
      "evidence": {
        "licenses": [
          {
            "license": {
              "id": "Apache-2.0"
            }
          }
        ]
      }
    },
    {
      "bom-ref": "pkg:golang/google.golang.org/protobuf@v1.36.6?type=module",
      "type": "library",
      "name": "google.golang.org/protobuf",
      "version": "v1.36.6",
      "scope": "required",
      "hashes": [
        {
          "alg": "SHA-256",
          "content": "cf53693c8f24bb65a08969dffadf704cfb27e9e3f52fb92c1d49647cbbddf716"
        }
      ],
      "purl": "pkg:golang/google.golang.org/protobuf@v1.36.6?type=module\u0026goos=linux\u0026goarch=amd64",
      "evidence": {
        "licenses": [
          {
            "license": {
              "id": "BSD-3-Clause"
            }
          }
        ]
      }
    },
    {
      "bom-ref": "pkg:golang/gopkg.in/yaml.v3@v3.0.1?type=module",
      "type": "library",
      "name": "gopkg.in/yaml.v3",
      "version": "v3.0.1",
      "scope": "required",
      "hashes": [
        {
          "alg": "SHA-256",
          "content": "7f1566fc6cc0cc45aa2c7baf72d23dd4a4bd8613669963a85aed174d8252ec20"
        }
      ],
      "purl": "pkg:golang/gopkg.in/yaml.v3@v3.0.1?type=module\u0026goos=linux\u0026goarch=amd64",
      "externalReferences": [
        {
          "url": "https://github.com/go-yaml/yaml",
          "type": "vcs"
        }
      ],
      "evidence": {
        "licenses": [
          {
            "license": {
              "id": "Apache-2.0"
            }
          }
        ]
      }
    }
  ],
  "dependencies": [
    {
      "ref": "pkg:golang/github.com/securego/gosec/v2?type=module",
      "dependsOn": [
        "pkg:golang/github.com/ccojocar/zxcvbn-go@v1.0.2?type=module",
        "pkg:golang/github.com/google/generative-ai-go@v0.19.0?type=module",
        "pkg:golang/github.com/google/uuid@v1.6.0?type=module",
        "pkg:golang/github.com/gookit/color@v1.5.4?type=module",
        "pkg:golang/github.com/lib/pq@v1.10.9?type=module",
        "pkg:golang/github.com/mozilla/tls-observatory@v0.0.0-20210609171429-7bc42856d2e5?type=module",
        "pkg:golang/golang.org/x/crypto@v0.36.0?type=module",
        "pkg:golang/golang.org/x/text@v0.23.0?type=module",
        "pkg:golang/golang.org/x/tools@v0.31.0?type=module",
        "pkg:golang/google.golang.org/api@v0.228.0?type=module",
        "pkg:golang/gopkg.in/yaml.v3@v3.0.1?type=module"
      ]
    },
    {
      "ref": "pkg:golang/cloud.google.com/go@v0.116.0?type=module",
      "dependsOn": [
        "pkg:golang/cloud.google.com/go/auth@v0.15.0?type=module",
        "pkg:golang/cloud.google.com/go/auth/oauth2adapt@v0.2.8?type=module",
        "pkg:golang/cloud.google.com/go/compute/metadata@v0.6.0?type=module",
        "pkg:golang/github.com/felixge/httpsnoop@v1.0.4?type=module",
        "pkg:golang/github.com/go-logr/stdr@v1.2.2?type=module",
        "pkg:golang/github.com/google/s2a-go@v0.1.9?type=module",
        "pkg:golang/github.com/google/uuid@v1.6.0?type=module",
        "pkg:golang/github.com/googleapis/enterprise-certificate-proxy@v0.3.6?type=module",
        "pkg:golang/github.com/googleapis/gax-go/v2@v2.14.1?type=module",
        "pkg:golang/go.opentelemetry.io/contrib/instrumentation/google.golang.org/grpc/otelgrpc@v0.59.0?type=module",
        "pkg:golang/go.opentelemetry.io/contrib/instrumentation/net/http/otelhttp@v0.59.0?type=module",
        "pkg:golang/go.opentelemetry.io/otel@v1.34.0?type=module",
        "pkg:golang/go.opentelemetry.io/otel/metric@v1.34.0?type=module",
        "pkg:golang/go.opentelemetry.io/otel/trace@v1.34.0?type=module",
        "pkg:golang/golang.org/x/crypto@v0.36.0?type=module",
        "pkg:golang/golang.org/x/net@v0.37.0?type=module",
        "pkg:golang/golang.org/x/oauth2@v0.28.0?type=module",
        "pkg:golang/golang.org/x/sync@v0.12.0?type=module",
        "pkg:golang/golang.org/x/sys@v0.31.0?type=module",
        "pkg:golang/golang.org/x/text@v0.23.0?type=module",
        "pkg:golang/golang.org/x/time@v0.11.0?type=module",
        "pkg:golang/google.golang.org/api@v0.228.0?type=module",
        "pkg:golang/google.golang.org/genproto/googleapis/api@v0.0.0-20250106144421-5f5ef82da422?type=module",
        "pkg:golang/google.golang.org/genproto/googleapis/rpc@v0.0.0-20250313205543-e70fdf4c4cb4?type=module",
        "pkg:golang/google.golang.org/grpc@v1.71.0?type=module",
        "pkg:golang/google.golang.org/protobuf@v1.36.6?type=module"
      ]
    },
    {
      "ref": "pkg:golang/cloud.google.com/go/ai@v0.8.0?type=module",
      "dependsOn": [
        "pkg:golang/cloud.google.com/go@v0.116.0?type=module",
        "pkg:golang/cloud.google.com/go/auth@v0.15.0?type=module",
        "pkg:golang/cloud.google.com/go/auth/oauth2adapt@v0.2.8?type=module",
        "pkg:golang/cloud.google.com/go/compute/metadata@v0.6.0?type=module",
        "pkg:golang/cloud.google.com/go/longrunning@v0.5.7?type=module",
        "pkg:golang/github.com/felixge/httpsnoop@v1.0.4?type=module",
        "pkg:golang/github.com/go-logr/stdr@v1.2.2?type=module",
        "pkg:golang/github.com/google/s2a-go@v0.1.9?type=module",
        "pkg:golang/github.com/googleapis/enterprise-certificate-proxy@v0.3.6?type=module",
        "pkg:golang/github.com/googleapis/gax-go/v2@v2.14.1?type=module",
        "pkg:golang/go.opentelemetry.io/contrib/instrumentation/google.golang.org/grpc/otelgrpc@v0.59.0?type=module",
        "pkg:golang/go.opentelemetry.io/contrib/instrumentation/net/http/otelhttp@v0.59.0?type=module",
        "pkg:golang/go.opentelemetry.io/otel@v1.34.0?type=module",
        "pkg:golang/go.opentelemetry.io/otel/metric@v1.34.0?type=module",
        "pkg:golang/go.opentelemetry.io/otel/trace@v1.34.0?type=module",
        "pkg:golang/golang.org/x/crypto@v0.36.0?type=module",
        "pkg:golang/golang.org/x/net@v0.37.0?type=module",
        "pkg:golang/golang.org/x/oauth2@v0.28.0?type=module",
        "pkg:golang/golang.org/x/sync@v0.12.0?type=module",
        "pkg:golang/golang.org/x/sys@v0.31.0?type=module",
        "pkg:golang/golang.org/x/text@v0.23.0?type=module",
        "pkg:golang/golang.org/x/time@v0.11.0?type=module",
        "pkg:golang/google.golang.org/api@v0.228.0?type=module",
        "pkg:golang/google.golang.org/genproto/googleapis/api@v0.0.0-20250106144421-5f5ef82da422?type=module",
        "pkg:golang/google.golang.org/genproto/googleapis/rpc@v0.0.0-20250313205543-e70fdf4c4cb4?type=module",
        "pkg:golang/google.golang.org/grpc@v1.71.0?type=module",
        "pkg:golang/google.golang.org/protobuf@v1.36.6?type=module"
      ]
    },
    {
      "ref": "pkg:golang/cloud.google.com/go/auth@v0.15.0?type=module",
      "dependsOn": [
        "pkg:golang/cloud.google.com/go/compute/metadata@v0.6.0?type=module",
        "pkg:golang/github.com/felixge/httpsnoop@v1.0.4?type=module",
        "pkg:golang/github.com/go-logr/stdr@v1.2.2?type=module",
        "pkg:golang/github.com/google/s2a-go@v0.1.9?type=module",
        "pkg:golang/github.com/googleapis/enterprise-certificate-proxy@v0.3.6?type=module",
        "pkg:golang/github.com/googleapis/gax-go/v2@v2.14.1?type=module",
        "pkg:golang/go.opentelemetry.io/auto/sdk@v1.1.0?type=module",
        "pkg:golang/go.opentelemetry.io/contrib/instrumentation/google.golang.org/grpc/otelgrpc@v0.59.0?type=module",
        "pkg:golang/go.opentelemetry.io/contrib/instrumentation/net/http/otelhttp@v0.59.0?type=module",
        "pkg:golang/go.opentelemetry.io/otel@v1.34.0?type=module",
        "pkg:golang/go.opentelemetry.io/otel/metric@v1.34.0?type=module",
        "pkg:golang/go.opentelemetry.io/otel/trace@v1.34.0?type=module",
        "pkg:golang/golang.org/x/crypto@v0.36.0?type=module",
        "pkg:golang/golang.org/x/net@v0.37.0?type=module",
        "pkg:golang/golang.org/x/oauth2@v0.28.0?type=module",
        "pkg:golang/golang.org/x/sync@v0.12.0?type=module",
        "pkg:golang/golang.org/x/sys@v0.31.0?type=module",
        "pkg:golang/golang.org/x/text@v0.23.0?type=module",
        "pkg:golang/google.golang.org/genproto/googleapis/rpc@v0.0.0-20250313205543-e70fdf4c4cb4?type=module",
        "pkg:golang/google.golang.org/grpc@v1.71.0?type=module",
        "pkg:golang/google.golang.org/protobuf@v1.36.6?type=module"
      ]
    },
    {
      "ref": "pkg:golang/cloud.google.com/go/auth/oauth2adapt@v0.2.8?type=module",
      "dependsOn": [
        "pkg:golang/cloud.google.com/go/auth@v0.15.0?type=module",
        "pkg:golang/cloud.google.com/go/compute/metadata@v0.6.0?type=module",
        "pkg:golang/github.com/googleapis/enterprise-certificate-proxy@v0.3.6?type=module",
        "pkg:golang/github.com/googleapis/gax-go/v2@v2.14.1?type=module",
        "pkg:golang/golang.org/x/net@v0.37.0?type=module",
        "pkg:golang/golang.org/x/oauth2@v0.28.0?type=module",
        "pkg:golang/golang.org/x/sys@v0.31.0?type=module",
        "pkg:golang/google.golang.org/genproto/googleapis/rpc@v0.0.0-20250313205543-e70fdf4c4cb4?type=module",
        "pkg:golang/google.golang.org/grpc@v1.71.0?type=module"
      ]
    },
    {
      "ref": "pkg:golang/cloud.google.com/go/compute/metadata@v0.6.0?type=module",
      "dependsOn": [
        "pkg:golang/golang.org/x/sys@v0.31.0?type=module"
      ]
    },
    {
      "ref": "pkg:golang/cloud.google.com/go/longrunning@v0.5.7?type=module",
      "dependsOn": [
        "pkg:golang/cloud.google.com/go@v0.116.0?type=module",
        "pkg:golang/cloud.google.com/go/auth@v0.15.0?type=module",
        "pkg:golang/cloud.google.com/go/auth/oauth2adapt@v0.2.8?type=module",
        "pkg:golang/cloud.google.com/go/compute/metadata@v0.6.0?type=module",
        "pkg:golang/github.com/felixge/httpsnoop@v1.0.4?type=module",
        "pkg:golang/github.com/go-logr/stdr@v1.2.2?type=module",
        "pkg:golang/github.com/google/s2a-go@v0.1.9?type=module",
        "pkg:golang/github.com/googleapis/enterprise-certificate-proxy@v0.3.6?type=module",
        "pkg:golang/github.com/googleapis/gax-go/v2@v2.14.1?type=module",
        "pkg:golang/go.opentelemetry.io/contrib/instrumentation/google.golang.org/grpc/otelgrpc@v0.59.0?type=module",
        "pkg:golang/go.opentelemetry.io/contrib/instrumentation/net/http/otelhttp@v0.59.0?type=module",
        "pkg:golang/go.opentelemetry.io/otel@v1.34.0?type=module",
        "pkg:golang/go.opentelemetry.io/otel/metric@v1.34.0?type=module",
        "pkg:golang/go.opentelemetry.io/otel/trace@v1.34.0?type=module",
        "pkg:golang/golang.org/x/crypto@v0.36.0?type=module",
        "pkg:golang/golang.org/x/net@v0.37.0?type=module",
        "pkg:golang/golang.org/x/oauth2@v0.28.0?type=module",
        "pkg:golang/golang.org/x/sync@v0.12.0?type=module",
        "pkg:golang/golang.org/x/sys@v0.31.0?type=module",
        "pkg:golang/golang.org/x/text@v0.23.0?type=module",
        "pkg:golang/golang.org/x/time@v0.11.0?type=module",
        "pkg:golang/google.golang.org/api@v0.228.0?type=module",
        "pkg:golang/google.golang.org/genproto/googleapis/api@v0.0.0-20250106144421-5f5ef82da422?type=module",
        "pkg:golang/google.golang.org/genproto/googleapis/rpc@v0.0.0-20250313205543-e70fdf4c4cb4?type=module",
        "pkg:golang/google.golang.org/grpc@v1.71.0?type=module",
        "pkg:golang/google.golang.org/protobuf@v1.36.6?type=module"
      ]
    },
    {
      "ref": "pkg:golang/github.com/ccojocar/zxcvbn-go@v1.0.2?type=module",
      "dependsOn": [
        "pkg:golang/gopkg.in/yaml.v3@v3.0.1?type=module"
      ]
    },
    {
      "ref": "pkg:golang/github.com/felixge/httpsnoop@v1.0.4?type=module"
    },
    {
      "ref": "pkg:golang/github.com/go-logr/stdr@v1.2.2?type=module"
    },
    {
      "ref": "pkg:golang/github.com/google/generative-ai-go@v0.19.0?type=module",
      "dependsOn": [
        "pkg:golang/cloud.google.com/go@v0.116.0?type=module",
        "pkg:golang/cloud.google.com/go/ai@v0.8.0?type=module",
        "pkg:golang/cloud.google.com/go/auth@v0.15.0?type=module",
        "pkg:golang/cloud.google.com/go/auth/oauth2adapt@v0.2.8?type=module",
        "pkg:golang/cloud.google.com/go/compute/metadata@v0.6.0?type=module",
        "pkg:golang/cloud.google.com/go/longrunning@v0.5.7?type=module",
        "pkg:golang/github.com/felixge/httpsnoop@v1.0.4?type=module",
        "pkg:golang/github.com/go-logr/stdr@v1.2.2?type=module",
        "pkg:golang/github.com/google/s2a-go@v0.1.9?type=module",
        "pkg:golang/github.com/google/uuid@v1.6.0?type=module",
        "pkg:golang/github.com/googleapis/enterprise-certificate-proxy@v0.3.6?type=module",
        "pkg:golang/github.com/googleapis/gax-go/v2@v2.14.1?type=module",
        "pkg:golang/go.opentelemetry.io/contrib/instrumentation/google.golang.org/grpc/otelgrpc@v0.59.0?type=module",
        "pkg:golang/go.opentelemetry.io/contrib/instrumentation/net/http/otelhttp@v0.59.0?type=module",
        "pkg:golang/go.opentelemetry.io/otel@v1.34.0?type=module",
        "pkg:golang/go.opentelemetry.io/otel/metric@v1.34.0?type=module",
        "pkg:golang/go.opentelemetry.io/otel/trace@v1.34.0?type=module",
        "pkg:golang/golang.org/x/crypto@v0.36.0?type=module",
        "pkg:golang/golang.org/x/net@v0.37.0?type=module",
        "pkg:golang/golang.org/x/oauth2@v0.28.0?type=module",
        "pkg:golang/golang.org/x/sync@v0.12.0?type=module",
        "pkg:golang/golang.org/x/sys@v0.31.0?type=module",
        "pkg:golang/golang.org/x/text@v0.23.0?type=module",
        "pkg:golang/golang.org/x/time@v0.11.0?type=module",
        "pkg:golang/google.golang.org/api@v0.228.0?type=module",
        "pkg:golang/google.golang.org/genproto/googleapis/api@v0.0.0-20250106144421-5f5ef82da422?type=module",
        "pkg:golang/google.golang.org/genproto/googleapis/rpc@v0.0.0-20250313205543-e70fdf4c4cb4?type=module",
        "pkg:golang/google.golang.org/grpc@v1.71.0?type=module",
        "pkg:golang/google.golang.org/protobuf@v1.36.6?type=module"
      ]
    },
    {
      "ref": "pkg:golang/github.com/google/s2a-go@v0.1.9?type=module",
      "dependsOn": [
        "pkg:golang/cloud.google.com/go@v0.116.0?type=module",
        "pkg:golang/cloud.google.com/go/auth@v0.15.0?type=module",
        "pkg:golang/cloud.google.com/go/auth/oauth2adapt@v0.2.8?type=module",
        "pkg:golang/cloud.google.com/go/compute/metadata@v0.6.0?type=module",
        "pkg:golang/cloud.google.com/go/longrunning@v0.5.7?type=module",
        "pkg:golang/github.com/felixge/httpsnoop@v1.0.4?type=module",
        "pkg:golang/github.com/go-logr/stdr@v1.2.2?type=module",
        "pkg:golang/github.com/googleapis/enterprise-certificate-proxy@v0.3.6?type=module",
        "pkg:golang/github.com/googleapis/gax-go/v2@v2.14.1?type=module",
        "pkg:golang/go.opentelemetry.io/contrib/instrumentation/google.golang.org/grpc/otelgrpc@v0.59.0?type=module",
        "pkg:golang/go.opentelemetry.io/contrib/instrumentation/net/http/otelhttp@v0.59.0?type=module",
        "pkg:golang/go.opentelemetry.io/otel@v1.34.0?type=module",
        "pkg:golang/go.opentelemetry.io/otel/metric@v1.34.0?type=module",
        "pkg:golang/go.opentelemetry.io/otel/trace@v1.34.0?type=module",
        "pkg:golang/golang.org/x/crypto@v0.36.0?type=module",
        "pkg:golang/golang.org/x/net@v0.37.0?type=module",
        "pkg:golang/golang.org/x/oauth2@v0.28.0?type=module",
        "pkg:golang/golang.org/x/sync@v0.12.0?type=module",
        "pkg:golang/golang.org/x/sys@v0.31.0?type=module",
        "pkg:golang/golang.org/x/text@v0.23.0?type=module",
        "pkg:golang/golang.org/x/time@v0.11.0?type=module",
        "pkg:golang/google.golang.org/api@v0.228.0?type=module",
        "pkg:golang/google.golang.org/genproto/googleapis/api@v0.0.0-20250106144421-5f5ef82da422?type=module",
        "pkg:golang/google.golang.org/genproto/googleapis/rpc@v0.0.0-20250313205543-e70fdf4c4cb4?type=module",
        "pkg:golang/google.golang.org/grpc@v1.71.0?type=module",
        "pkg:golang/google.golang.org/protobuf@v1.36.6?type=module"
      ]
    },
    {
      "ref": "pkg:golang/github.com/google/uuid@v1.6.0?type=module"
    },
    {
      "ref": "pkg:golang/github.com/googleapis/enterprise-certificate-proxy@v0.3.6?type=module",
      "dependsOn": [
        "pkg:golang/golang.org/x/crypto@v0.36.0?type=module",
        "pkg:golang/golang.org/x/sys@v0.31.0?type=module"
      ]
    },
    {
      "ref": "pkg:golang/github.com/googleapis/gax-go/v2@v2.14.1?type=module",
      "dependsOn": [
        "pkg:golang/golang.org/x/net@v0.37.0?type=module",
        "pkg:golang/golang.org/x/sys@v0.31.0?type=module",
        "pkg:golang/golang.org/x/text@v0.23.0?type=module",
        "pkg:golang/google.golang.org/api@v0.228.0?type=module",
        "pkg:golang/google.golang.org/genproto/googleapis/api@v0.0.0-20250106144421-5f5ef82da422?type=module",
        "pkg:golang/google.golang.org/genproto/googleapis/rpc@v0.0.0-20250313205543-e70fdf4c4cb4?type=module",
        "pkg:golang/google.golang.org/grpc@v1.71.0?type=module",
        "pkg:golang/google.golang.org/protobuf@v1.36.6?type=module"
      ]
    },
    {
      "ref": "pkg:golang/github.com/gookit/color@v1.5.4?type=module",
      "dependsOn": [
        "pkg:golang/github.com/xo/terminfo@v0.0.0-20210125001918-ca9a967f8778?type=module",
        "pkg:golang/golang.org/x/sys@v0.31.0?type=module",
        "pkg:golang/gopkg.in/yaml.v3@v3.0.1?type=module"
      ]
    },
    {
      "ref": "pkg:golang/github.com/lib/pq@v1.10.9?type=module"
    },
    {
      "ref": "pkg:golang/github.com/mozilla/tls-observatory@v0.0.0-20210609171429-7bc42856d2e5?type=module",
      "dependsOn": [
        "pkg:golang/github.com/lib/pq@v1.10.9?type=module",
        "pkg:golang/golang.org/x/crypto@v0.36.0?type=module"
      ]
    },
    {
      "ref": "pkg:golang/github.com/xo/terminfo@v0.0.0-20210125001918-ca9a967f8778?type=module"
    },
    {
      "ref": "pkg:golang/go.opentelemetry.io/auto/sdk@v1.1.0?type=module",
      "dependsOn": [
        "pkg:golang/go.opentelemetry.io/otel@v1.34.0?type=module",
        "pkg:golang/go.opentelemetry.io/otel/trace@v1.34.0?type=module",
        "pkg:golang/gopkg.in/yaml.v3@v3.0.1?type=module"
      ]
    },
    {
      "ref": "pkg:golang/go.opentelemetry.io/contrib/instrumentation/google.golang.org/grpc/otelgrpc@v0.59.0?type=module",
      "dependsOn": [
        "pkg:golang/github.com/go-logr/stdr@v1.2.2?type=module",
        "pkg:golang/go.opentelemetry.io/auto/sdk@v1.1.0?type=module",
        "pkg:golang/go.opentelemetry.io/otel@v1.34.0?type=module",
        "pkg:golang/go.opentelemetry.io/otel/metric@v1.34.0?type=module",
        "pkg:golang/go.opentelemetry.io/otel/trace@v1.34.0?type=module",
        "pkg:golang/golang.org/x/net@v0.37.0?type=module",
        "pkg:golang/golang.org/x/sys@v0.31.0?type=module",
        "pkg:golang/golang.org/x/text@v0.23.0?type=module",
        "pkg:golang/google.golang.org/genproto/googleapis/rpc@v0.0.0-20250313205543-e70fdf4c4cb4?type=module",
        "pkg:golang/google.golang.org/grpc@v1.71.0?type=module",
        "pkg:golang/google.golang.org/protobuf@v1.36.6?type=module",
        "pkg:golang/gopkg.in/yaml.v3@v3.0.1?type=module"
      ]
    },
    {
      "ref": "pkg:golang/go.opentelemetry.io/contrib/instrumentation/net/http/otelhttp@v0.59.0?type=module",
      "dependsOn": [
        "pkg:golang/github.com/felixge/httpsnoop@v1.0.4?type=module",
        "pkg:golang/github.com/go-logr/stdr@v1.2.2?type=module",
        "pkg:golang/go.opentelemetry.io/auto/sdk@v1.1.0?type=module",
        "pkg:golang/go.opentelemetry.io/otel@v1.34.0?type=module",
        "pkg:golang/go.opentelemetry.io/otel/metric@v1.34.0?type=module",
        "pkg:golang/go.opentelemetry.io/otel/trace@v1.34.0?type=module",
        "pkg:golang/gopkg.in/yaml.v3@v3.0.1?type=module"
      ]
    },
    {
      "ref": "pkg:golang/go.opentelemetry.io/otel@v1.34.0?type=module",
      "dependsOn": [
        "pkg:golang/github.com/go-logr/stdr@v1.2.2?type=module",
        "pkg:golang/go.opentelemetry.io/auto/sdk@v1.1.0?type=module",
        "pkg:golang/go.opentelemetry.io/otel/metric@v1.34.0?type=module",
        "pkg:golang/go.opentelemetry.io/otel/trace@v1.34.0?type=module",
        "pkg:golang/gopkg.in/yaml.v3@v3.0.1?type=module"
      ]
    },
    {
      "ref": "pkg:golang/go.opentelemetry.io/otel/metric@v1.34.0?type=module",
      "dependsOn": [
        "pkg:golang/github.com/go-logr/stdr@v1.2.2?type=module",
        "pkg:golang/go.opentelemetry.io/auto/sdk@v1.1.0?type=module",
        "pkg:golang/go.opentelemetry.io/otel@v1.34.0?type=module",
        "pkg:golang/go.opentelemetry.io/otel/trace@v1.34.0?type=module",
        "pkg:golang/gopkg.in/yaml.v3@v3.0.1?type=module"
      ]
    },
    {
      "ref": "pkg:golang/go.opentelemetry.io/otel/trace@v1.34.0?type=module",
      "dependsOn": [
        "pkg:golang/go.opentelemetry.io/otel@v1.34.0?type=module",
        "pkg:golang/gopkg.in/yaml.v3@v3.0.1?type=module"
      ]
    },
    {
      "ref": "pkg:golang/golang.org/x/crypto@v0.36.0?type=module",
      "dependsOn": [
        "pkg:golang/golang.org/x/net@v0.37.0?type=module",
        "pkg:golang/golang.org/x/sys@v0.31.0?type=module",
        "pkg:golang/golang.org/x/text@v0.23.0?type=module"
      ]
    },
    {
      "ref": "pkg:golang/golang.org/x/mod@v0.24.0?type=module",
      "dependsOn": [
        "pkg:golang/golang.org/x/tools@v0.31.0?type=module"
      ]
    },
    {
      "ref": "pkg:golang/golang.org/x/net@v0.37.0?type=module",
      "dependsOn": [
        "pkg:golang/golang.org/x/crypto@v0.36.0?type=module",
        "pkg:golang/golang.org/x/sys@v0.31.0?type=module",
        "pkg:golang/golang.org/x/text@v0.23.0?type=module"
      ]
    },
    {
      "ref": "pkg:golang/golang.org/x/oauth2@v0.28.0?type=module",
      "dependsOn": [
        "pkg:golang/cloud.google.com/go/compute/metadata@v0.6.0?type=module"
      ]
    },
    {
      "ref": "pkg:golang/golang.org/x/sync@v0.12.0?type=module"
    },
    {
      "ref": "pkg:golang/golang.org/x/sys@v0.31.0?type=module"
    },
    {
      "ref": "pkg:golang/golang.org/x/text@v0.23.0?type=module",
      "dependsOn": [
        "pkg:golang/golang.org/x/mod@v0.24.0?type=module",
        "pkg:golang/golang.org/x/sync@v0.12.0?type=module",
        "pkg:golang/golang.org/x/tools@v0.31.0?type=module"
      ]
    },
    {
      "ref": "pkg:golang/golang.org/x/time@v0.11.0?type=module"
    },
    {
      "ref": "pkg:golang/golang.org/x/tools@v0.31.0?type=module",
      "dependsOn": [
        "pkg:golang/golang.org/x/mod@v0.24.0?type=module",
        "pkg:golang/golang.org/x/net@v0.37.0?type=module",
        "pkg:golang/golang.org/x/sync@v0.12.0?type=module",
        "pkg:golang/golang.org/x/sys@v0.31.0?type=module"
      ]
    },
    {
      "ref": "pkg:golang/google.golang.org/api@v0.228.0?type=module",
      "dependsOn": [
        "pkg:golang/cloud.google.com/go/auth@v0.15.0?type=module",
        "pkg:golang/cloud.google.com/go/auth/oauth2adapt@v0.2.8?type=module",
        "pkg:golang/cloud.google.com/go/compute/metadata@v0.6.0?type=module",
        "pkg:golang/github.com/felixge/httpsnoop@v1.0.4?type=module",
        "pkg:golang/github.com/go-logr/stdr@v1.2.2?type=module",
        "pkg:golang/github.com/google/s2a-go@v0.1.9?type=module",
        "pkg:golang/github.com/google/uuid@v1.6.0?type=module",
        "pkg:golang/github.com/googleapis/enterprise-certificate-proxy@v0.3.6?type=module",
        "pkg:golang/github.com/googleapis/gax-go/v2@v2.14.1?type=module",
        "pkg:golang/go.opentelemetry.io/auto/sdk@v1.1.0?type=module",
        "pkg:golang/go.opentelemetry.io/contrib/instrumentation/google.golang.org/grpc/otelgrpc@v0.59.0?type=module",
        "pkg:golang/go.opentelemetry.io/contrib/instrumentation/net/http/otelhttp@v0.59.0?type=module",
        "pkg:golang/go.opentelemetry.io/otel@v1.34.0?type=module",
        "pkg:golang/go.opentelemetry.io/otel/metric@v1.34.0?type=module",
        "pkg:golang/go.opentelemetry.io/otel/trace@v1.34.0?type=module",
        "pkg:golang/golang.org/x/crypto@v0.36.0?type=module",
        "pkg:golang/golang.org/x/net@v0.37.0?type=module",
        "pkg:golang/golang.org/x/oauth2@v0.28.0?type=module",
        "pkg:golang/golang.org/x/sync@v0.12.0?type=module",
        "pkg:golang/golang.org/x/sys@v0.31.0?type=module",
        "pkg:golang/golang.org/x/text@v0.23.0?type=module",
        "pkg:golang/golang.org/x/time@v0.11.0?type=module",
        "pkg:golang/google.golang.org/genproto/googleapis/rpc@v0.0.0-20250313205543-e70fdf4c4cb4?type=module",
        "pkg:golang/google.golang.org/grpc@v1.71.0?type=module",
        "pkg:golang/google.golang.org/protobuf@v1.36.6?type=module"
      ]
    },
    {
      "ref": "pkg:golang/google.golang.org/genproto/googleapis/api@v0.0.0-20250106144421-5f5ef82da422?type=module",
      "dependsOn": [
        "pkg:golang/golang.org/x/net@v0.37.0?type=module",
        "pkg:golang/golang.org/x/sys@v0.31.0?type=module",
        "pkg:golang/golang.org/x/text@v0.23.0?type=module",
        "pkg:golang/google.golang.org/genproto/googleapis/rpc@v0.0.0-20250313205543-e70fdf4c4cb4?type=module",
        "pkg:golang/google.golang.org/grpc@v1.71.0?type=module",
        "pkg:golang/google.golang.org/protobuf@v1.36.6?type=module"
      ]
    },
    {
      "ref": "pkg:golang/google.golang.org/genproto/googleapis/rpc@v0.0.0-20250313205543-e70fdf4c4cb4?type=module",
      "dependsOn": [
        "pkg:golang/google.golang.org/protobuf@v1.36.6?type=module"
      ]
    },
    {
      "ref": "pkg:golang/google.golang.org/grpc@v1.71.0?type=module",
      "dependsOn": [
        "pkg:golang/cloud.google.com/go/compute/metadata@v0.6.0?type=module",
        "pkg:golang/github.com/go-logr/stdr@v1.2.2?type=module",
        "pkg:golang/github.com/google/uuid@v1.6.0?type=module",
        "pkg:golang/go.opentelemetry.io/auto/sdk@v1.1.0?type=module",
        "pkg:golang/go.opentelemetry.io/otel@v1.34.0?type=module",
        "pkg:golang/go.opentelemetry.io/otel/metric@v1.34.0?type=module",
        "pkg:golang/go.opentelemetry.io/otel/trace@v1.34.0?type=module",
        "pkg:golang/golang.org/x/net@v0.37.0?type=module",
        "pkg:golang/golang.org/x/oauth2@v0.28.0?type=module",
        "pkg:golang/golang.org/x/sync@v0.12.0?type=module",
        "pkg:golang/golang.org/x/sys@v0.31.0?type=module",
        "pkg:golang/golang.org/x/text@v0.23.0?type=module",
        "pkg:golang/google.golang.org/genproto/googleapis/api@v0.0.0-20250106144421-5f5ef82da422?type=module",
        "pkg:golang/google.golang.org/genproto/googleapis/rpc@v0.0.0-20250313205543-e70fdf4c4cb4?type=module",
        "pkg:golang/google.golang.org/protobuf@v1.36.6?type=module"
      ]
    },
    {
      "ref": "pkg:golang/google.golang.org/protobuf@v1.36.6?type=module"
    },
    {
      "ref": "pkg:golang/gopkg.in/yaml.v3@v3.0.1?type=module"
    }
  ]
}
