{
  "$schema": "http://cyclonedx.org/schema/bom-1.5.schema.json",
  "bomFormat": "CycloneDX",
  "specVersion": "1.5",
  "serialNumber": "urn:uuid:70ca0cda-548b-4877-95a9-a648ff5be152",
  "version": 1,
  "metadata": {
    "timestamp": "2024-05-09T20:57:21+03:00",
    "tools": [
      {
        "vendor": "CycloneDX",
        "name": "cyclonedx-gomod",
        "version": "v1.7.0",
        "hashes": [
          {
            "alg": "MD5",
            "content": "34cca5491937f97be8ca18e3a86378e0"
          },
          {
            "alg": "SHA-1",
            "content": "95ac131ab30284604ad07e791e821b96cc2a68d0"
          },
          {
            "alg": "SHA-256",
            "content": "7b631b75e591da8c031ef870016be17f666cbad39dcc1bf57fb174a8249699ce"
          },
          {
            "alg": "SHA-384",
            "content": "b00ea4f5b25c231a2c2eec519b283b303018dfba5204b90588cefa3b133e5b942ebb5417752c7e288c3c004abc76ac08"
          },
          {
            "alg": "SHA-512",
            "content": "bd1bba01a1e780bc2b2d2a41f0cab5ed5000a4c95e555e752e73d5e23ecacf967e249f11fb0cfddf55ee331de66531eeece93eadff2f9795cfb6efaba9a6fb65"
          }
        ],
        "externalReferences": [
          {
            "url": "https://github.com/CycloneDX/cyclonedx-gomod",
            "type": "vcs"
          },
          {
            "url": "https://cyclonedx.org",
            "type": "website"
          }
        ]
      }
    ],
    "component": {
      "bom-ref": "pkg:golang/github.com/volution/z-run@v0.20.2-0.20230106113341-cb833475bf84?type=module",
      "type": "application",
      "name": "github.com/volution/z-run",
      "version": "v0.20.2-0.20230106113341-cb833475bf84",
      "purl": "pkg:golang/github.com/volution/z-run@v0.20.2-0.20230106113341-cb833475bf84?type=module\u0026goos=linux\u0026goarch=amd64",
      "externalReferences": [
        {
          "url": "https://github.com/volution/z-run",
          "type": "vcs"
        }
      ]
    }
  },
  "components": [
    {
      "bom-ref": "pkg:golang/github.com/VividCortex/ewma@v1.2.0?type=module",
      "type": "library",
      "name": "github.com/VividCortex/ewma",
      "version": "v1.2.0",
      "scope": "required",
      "hashes": [
        {
          "alg": "SHA-256",
          "content": "7f9f12688cdc0d7ad2cb791668736fb89809dcd9b3e7d6638ba5e8251fead68c"
        }
      ],
      "purl": "pkg:golang/github.com/VividCortex/ewma@v1.2.0?type=module\u0026goos=linux\u0026goarch=amd64",
      "externalReferences": [
        {
          "url": "https://github.com/VividCortex/ewma",
          "type": "vcs"
        }
      ],
      "evidence": {
        "licenses": [
          {
            "license": {
              "id": "MIT"
            }
          }
        ]
      }
    },
    {
      "bom-ref": "pkg:golang/github.com/acarl005/stripansi@v0.0.0-20180116102854-5a71ef0e047d?type=module",
      "type": "library",
      "name": "github.com/acarl005/stripansi",
      "version": "v0.0.0-20180116102854-5a71ef0e047d",
      "scope": "required",
      "hashes": [
        {
          "alg": "SHA-256",
          "content": "962719245c36470a4732a78a4c26248adb0fa873714e677848d479afde0518cf"
        }
      ],
      "purl": "pkg:golang/github.com/acarl005/stripansi@v0.0.0-20180116102854-5a71ef0e047d?type=module\u0026goos=linux\u0026goarch=amd64",
      "externalReferences": [
        {
          "url": "https://github.com/acarl005/stripansi",
          "type": "vcs"
        }
      ],
      "evidence": {
        "licenses": [
          {
            "license": {
              "id": "MIT"
            }
          }
        ]
      }
    },
    {
      "bom-ref": "pkg:golang/github.com/cipriancraciun/go-cdb-lib@v0.0.0-20190809203657-d959ce9cc674?type=module",
      "type": "library",
      "name": "github.com/cipriancraciun/go-cdb-lib",
      "version": "v0.0.0-20190809203657-d959ce9cc674",
      "scope": "required",
      "hashes": [
        {
          "alg": "SHA-256",
          "content": "532a042712d2f4e3dd8f28a729f080d9a2a021fd4d857c88c6779148caea665b"
        }
      ],
      "purl": "pkg:golang/github.com/cipriancraciun/go-cdb-lib@v0.0.0-20190809203657-d959ce9cc674?type=module\u0026goos=linux\u0026goarch=amd64",
      "externalReferences": [
        {
          "url": "https://github.com/cipriancraciun/go-cdb-lib",
          "type": "vcs"
        }
      ],
      "evidence": {
        "licenses": [
          {
            "license": {
              "id": "MIT"
            }
          }
        ]
      }
    },
    {
      "bom-ref": "pkg:golang/github.com/eiannone/keyboard@v0.0.0-20220611211555-0d226195f203?type=module",
      "type": "library",
      "name": "github.com/eiannone/keyboard",
      "version": "v0.0.0-20220611211555-0d226195f203",
      "scope": "required",
      "hashes": [
        {
          "alg": "SHA-256",
          "content": "5c10477086f6e7a81426d2e6636da7f7d1da653cfeaf6679d7150f8b4d66df08"
        }
      ],
      "purl": "pkg:golang/github.com/eiannone/keyboard@v0.0.0-20220611211555-0d226195f203?type=module\u0026goos=linux\u0026goarch=amd64",
      "externalReferences": [
        {
          "url": "https://github.com/eiannone/keyboard",
          "type": "vcs"
        }
      ],
      "evidence": {
        "licenses": [
          {
            "license": {
              "id": "MIT"
            }
          }
        ]
      }
    },
    {
      "bom-ref": "pkg:golang/github.com/gdamore/encoding@v1.0.0?type=module",
      "type": "library",
      "name": "github.com/gdamore/encoding",
      "version": "v1.0.0",
      "scope": "required",
      "hashes": [
        {
          "alg": "SHA-256",
          "content": "fbb3a843505ce9e4e6e67894cc16b40adb21e896cc5ba45af9836e02d0c1764a"
        }
      ],
      "purl": "pkg:golang/github.com/gdamore/encoding@v1.0.0?type=module\u0026goos=linux\u0026goarch=amd64",
      "externalReferences": [
        {
          "url": "https://github.com/gdamore/encoding",
          "type": "vcs"
        }
      ],
      "evidence": {
        "licenses": [
          {
            "license": {
              "id": "Apache-2.0"
            }
          }
        ]
      }
    },
    {
      "bom-ref": "pkg:golang/github.com/gdamore/tcell/v2@v2.6.0?type=module",
      "type": "library",
      "name": "github.com/gdamore/tcell/v2",
      "version": "v2.6.0",
      "scope": "required",
      "hashes": [
        {
          "alg": "SHA-256",
          "content": "38a6e5ba83fd558989c19c2afe22dbe01c7029cc06b6169ad58341248c82c928"
        }
      ],
      "purl": "pkg:golang/github.com/gdamore/tcell/v2@v2.6.0?type=module\u0026goos=linux\u0026goarch=amd64",
      "externalReferences": [
        {
          "url": "https://github.com/gdamore/tcell",
          "type": "vcs"
        }
      ],
      "evidence": {
        "licenses": [
          {
            "license": {
              "id": "Apache-2.0"
            }
          }
        ]
      }
    },
    {
      "bom-ref": "pkg:golang/github.com/jessevdk/go-flags@v1.5.0?type=module",
      "type": "library",
      "name": "github.com/jessevdk/go-flags",
      "version": "v1.5.0",
      "scope": "required",
      "hashes": [
        {
          "alg": "SHA-256",
          "content": "d63298bdbc448df525d1f9aa4c239fa27bec9071d73230724932d6e32f4b16f7"
        }
      ],
      "purl": "pkg:golang/github.com/jessevdk/go-flags@v1.5.0?type=module\u0026goos=linux\u0026goarch=amd64",
      "externalReferences": [
        {
          "url": "https://github.com/jessevdk/go-flags",
          "type": "vcs"
        }
      ],
      "evidence": {
        "licenses": [
          {
            "license": {
              "id": "BSD-3-Clause"
            }
          }
        ]
      }
    },
    {
      "bom-ref": "pkg:golang/github.com/cipriancraciun/fzf@v0.0.0-20230314092702-b7fd371a785c?type=module",
      "type": "library",
      "name": "github.com/cipriancraciun/fzf",
      "version": "v0.0.0-20230314092702-b7fd371a785c",
      "scope": "required",
      "hashes": [
        {
          "alg": "SHA-256",
          "content": "ce474e472351f51ed92e20c4ee2ab1201f0a89af0176ddf0750211a49267dc29"
        }
      ],
      "purl": "pkg:golang/github.com/cipriancraciun/fzf@v0.0.0-20230314092702-b7fd371a785c?type=module\u0026goos=linux\u0026goarch=amd64",
      "externalReferences": [
        {
          "url": "https://github.com/cipriancraciun/fzf",
          "type": "vcs"
        }
      ],
      "evidence": {
        "licenses": [
          {
            "license": {
              "id": "MIT"
            }
          }
        ]
      }
    },
    {
      "bom-ref": "pkg:golang/github.com/klauspost/cpuid/v2@v2.2.4?type=module",
      "type": "library",
      "name": "github.com/klauspost/cpuid/v2",
      "version": "v2.2.4",
      "scope": "required",
      "hashes": [
        {
          "alg": "SHA-256",
          "content": "69c6e88d1370977a34f5b52afb20c2b5915cd5a8b0680031b5c9fc6246579ef9"
        }
      ],
      "purl": "pkg:golang/github.com/klauspost/cpuid/v2@v2.2.4?type=module\u0026goos=linux\u0026goarch=amd64",
      "externalReferences": [
        {
          "url": "https://github.com/klauspost/cpuid",
          "type": "vcs"
        }
      ],
      "evidence": {
        "licenses": [
          {
            "license": {
              "id": "MIT"
            }
          }
        ]
      }
    },
    {
      "bom-ref": "pkg:golang/github.com/lucasb-eyer/go-colorful@v1.2.0?type=module",
      "type": "library",
      "name": "github.com/lucasb-eyer/go-colorful",
      "version": "v1.2.0",
      "scope": "required",
      "hashes": [
        {
          "alg": "SHA-256",
          "content": "d679e918eae1c9966e3727eed508ca89420243be3edc534237af408fa2bb9e46"
        }
      ],
      "purl": "pkg:golang/github.com/lucasb-eyer/go-colorful@v1.2.0?type=module\u0026goos=linux\u0026goarch=amd64",
      "externalReferences": [
        {
          "url": "https://github.com/lucasb-eyer/go-colorful",
          "type": "vcs"
        }
      ],
      "evidence": {
        "licenses": [
          {
            "license": {
              "id": "MIT"
            }
          }
        ]
      }
    },
    {
      "bom-ref": "pkg:golang/github.com/mattn/go-runewidth@v0.0.14?type=module",
      "type": "library",
      "name": "github.com/mattn/go-runewidth",
      "version": "v0.0.14",
      "scope": "required",
      "hashes": [
        {
          "alg": "SHA-256",
          "content": "fb19db65211e0db388839fe613a245d30ea7f5db91d65dff5a66e29d657052e5"
        }
      ],
      "purl": "pkg:golang/github.com/mattn/go-runewidth@v0.0.14?type=module\u0026goos=linux\u0026goarch=amd64",
      "externalReferences": [
        {
          "url": "https://github.com/mattn/go-runewidth",
          "type": "vcs"
        }
      ],
      "evidence": {
        "licenses": [
          {
            "license": {
              "id": "MIT"
            }
          }
        ]
      }
    },
    {
      "bom-ref": "pkg:golang/github.com/mattn/go-shellwords@v1.0.12?type=module",
      "type": "library",
      "name": "github.com/mattn/go-shellwords",
      "version": "v1.0.12",
      "scope": "required",
      "hashes": [
        {
          "alg": "SHA-256",
          "content": "336cc69bb116e94409bc3790c68e13e7578a3eeadb7856def16b5e6c6136c6b9"
        }
      ],
      "purl": "pkg:golang/github.com/mattn/go-shellwords@v1.0.12?type=module\u0026goos=linux\u0026goarch=amd64",
      "externalReferences": [
        {
          "url": "https://github.com/mattn/go-shellwords",
          "type": "vcs"
        }
      ],
      "evidence": {
        "licenses": [
          {
            "license": {
              "id": "MIT"
            }
          }
        ]
      }
    },
    {
      "bom-ref": "pkg:golang/github.com/peterh/liner@v1.2.2?type=module",
      "type": "library",
      "name": "github.com/peterh/liner",
      "version": "v1.2.2",
      "scope": "required",
      "hashes": [
        {
          "alg": "SHA-256",
          "content": "689e003a87662fe2713996442f6bbd8897fca26351a6a1dcfc46eb2bede6017c"
        }
      ],
      "purl": "pkg:golang/github.com/peterh/liner@v1.2.2?type=module\u0026goos=linux\u0026goarch=amd64",
      "externalReferences": [
        {
          "url": "https://github.com/peterh/liner",
          "type": "vcs"
        }
      ],
      "evidence": {
        "licenses": [
          {
            "license": {
              "id": "MIT"
            }
          }
        ]
      }
    },
    {
      "bom-ref": "pkg:golang/github.com/rivo/uniseg@v0.4.4?type=module",
      "type": "library",
      "name": "github.com/rivo/uniseg",
      "version": "v0.4.4",
      "scope": "required",
      "hashes": [
        {
          "alg": "SHA-256",
          "content": "f137f153c756e8f76a0f6ee08ccf0c54dba2720c488f1a66e0aef1e23a7cb22b"
        }
      ],
      "purl": "pkg:golang/github.com/rivo/uniseg@v0.4.4?type=module\u0026goos=linux\u0026goarch=amd64",
      "externalReferences": [
        {
          "url": "https://github.com/rivo/uniseg",
          "type": "vcs"
        }
      ],
      "evidence": {
        "licenses": [
          {
            "license": {
              "id": "MIT"
            }
          }
        ]
      }
    },
    {
      "bom-ref": "pkg:golang/github.com/saracen/walker@v0.1.3?type=module",
      "type": "library",
      "name": "github.com/saracen/walker",
      "version": "v0.1.3",
      "scope": "required",
      "hashes": [
        {
          "alg": "SHA-256",
          "content": "62d70a2a6a513f2e972531c9ef92764185d76585a764d4313c256a6521d557f8"
        }
      ],
      "purl": "pkg:golang/github.com/saracen/walker@v0.1.3?type=module\u0026goos=linux\u0026goarch=amd64",
      "externalReferences": [
        {
          "url": "https://github.com/saracen/walker",
          "type": "vcs"
        }
      ],
      "evidence": {
        "licenses": [
          {
            "license": {
              "id": "MIT"
            }
          }
        ]
      }
    },
    {
      "bom-ref": "pkg:golang/github.com/vbauerster/mpb/v5@v5.4.0?type=module",
      "type": "library",
      "name": "github.com/vbauerster/mpb/v5",
      "version": "v5.4.0",
      "scope": "required",
      "hashes": [
        {
          "alg": "SHA-256",
          "content": "9fc24fba789fbd0be1e8fd43d47025d94afd61c98a4f5b69a14ba279ae669668"
        }
      ],
      "purl": "pkg:golang/github.com/vbauerster/mpb/v5@v5.4.0?type=module\u0026goos=linux\u0026goarch=amd64",
      "externalReferences": [
        {
          "url": "https://github.com/vbauerster/mpb",
          "type": "vcs"
        }
      ],
      "evidence": {
        "licenses": [
          {
            "license": {
              "id": "Unlicense"
            }
          }
        ]
      }
    },
    {
      "bom-ref": "pkg:golang/github.com/zeebo/xxh3@v1.0.2?type=module",
      "type": "library",
      "name": "github.com/zeebo/xxh3",
      "version": "v1.0.2",
      "scope": "required",
      "hashes": [
        {
          "alg": "SHA-256",
          "content": "c599b09aac47640f0023ad378ce434b4caa606bf653de1701a0e9dfb1cbd0c2d"
        }
      ],
      "purl": "pkg:golang/github.com/zeebo/xxh3@v1.0.2?type=module\u0026goos=linux\u0026goarch=amd64",
      "externalReferences": [
        {
          "url": "https://github.com/zeebo/xxh3",
          "type": "vcs"
        }
      ],
      "evidence": {
        "licenses": [
          {
            "license": {
              "id": "BSD-2-Clause"
            }
          }
        ]
      }
    },
    {
      "bom-ref": "pkg:golang/go.starlark.net@v0.0.0-20230302034142-4b1e35fe2254?type=module",
      "type": "library",
      "name": "go.starlark.net",
      "version": "v0.0.0-20230302034142-4b1e35fe2254",
      "scope": "required",
      "hashes": [
        {
          "alg": "SHA-256",
          "content": "4ace83de12d74ccd0aa1bc81604032817cc57c67239e67c424e06049b7a60ad8"
        }
      ],
      "purl": "pkg:golang/go.starlark.net@v0.0.0-20230302034142-4b1e35fe2254?type=module\u0026goos=linux\u0026goarch=amd64",
      "evidence": {
        "licenses": [
          {
            "license": {
              "id": "BSD-3-Clause"
            }
          }
        ]
      }
    },
    {
      "bom-ref": "pkg:golang/golang.org/x/sync@v0.1.0?type=module",
      "type": "library",
      "name": "golang.org/x/sync",
      "version": "v0.1.0",
      "scope": "required",
      "hashes": [
        {
          "alg": "SHA-256",
          "content": "c2cba84c61f31217df6b004e873e4262172b57821d2996c4c998c132e4e9d76a"
        }
      ],
      "purl": "pkg:golang/golang.org/x/sync@v0.1.0?type=module\u0026goos=linux\u0026goarch=amd64",
      "evidence": {
        "licenses": [
          {
            "license": {
              "id": "BSD-3-Clause"
            }
          }
        ]
      }
    },
    {
      "bom-ref": "pkg:golang/golang.org/x/sys@v0.6.0?type=module",
      "type": "library",
      "name": "golang.org/x/sys",
      "version": "v0.6.0",
      "scope": "required",
      "hashes": [
        {
          "alg": "SHA-256",
          "content": "31596d652bd14dc53696340e86cf784973dfb55e8308d9d95621de429b3cee94"
        }
      ],
      "purl": "pkg:golang/golang.org/x/sys@v0.6.0?type=module\u0026goos=linux\u0026goarch=amd64",
      "evidence": {
        "licenses": [
          {
            "license": {
              "id": "BSD-3-Clause"
            }
          }
        ]
      }
    },
    {
      "bom-ref": "pkg:golang/golang.org/x/term@v0.6.0?type=module",
      "type": "library",
      "name": "golang.org/x/term",
      "version": "v0.6.0",
      "scope": "required",
      "hashes": [
        {
          "alg": "SHA-256",
          "content": "72549c6dbd5c1e3a0293245b5b0044519e47fed205bb94c05c8a9a643d06723c"
        }
      ],
      "purl": "pkg:golang/golang.org/x/term@v0.6.0?type=module\u0026goos=linux\u0026goarch=amd64",
      "evidence": {
        "licenses": [
          {
            "license": {
              "id": "BSD-3-Clause"
            }
          }
        ]
      }
    },
    {
      "bom-ref": "pkg:golang/golang.org/x/text@v0.8.0?type=module",
      "type": "library",
      "name": "golang.org/x/text",
      "version": "v0.8.0",
      "scope": "required",
      "hashes": [
        {
          "alg": "SHA-256",
          "content": "e7b3f5113c8d2adb888c1e1245dd79889c6e863f06738d7a63bf07dea80c87af"
        }
      ],
      "purl": "pkg:golang/golang.org/x/text@v0.8.0?type=module\u0026goos=linux\u0026goarch=amd64",
      "evidence": {
        "licenses": [
          {
            "license": {
              "id": "BSD-3-Clause"
            }
          }
        ]
      }
    }
  ],
  "dependencies": [
    {
      "ref": "pkg:golang/github.com/volution/z-run@v0.20.2-0.20230106113341-cb833475bf84?type=module",
      "dependsOn": [
        "pkg:golang/github.com/cipriancraciun/fzf@v0.0.0-20230314092702-b7fd371a785c?type=module",
        "pkg:golang/github.com/cipriancraciun/go-cdb-lib@v0.0.0-20190809203657-d959ce9cc674?type=module",
        "pkg:golang/github.com/eiannone/keyboard@v0.0.0-20220611211555-0d226195f203?type=module",
        "pkg:golang/github.com/jessevdk/go-flags@v1.5.0?type=module",
        "pkg:golang/github.com/peterh/liner@v1.2.2?type=module",
        "pkg:golang/github.com/vbauerster/mpb/v5@v5.4.0?type=module",
        "pkg:golang/github.com/zeebo/xxh3@v1.0.2?type=module",
        "pkg:golang/go.starlark.net@v0.0.0-20230302034142-4b1e35fe2254?type=module",
        "pkg:golang/golang.org/x/sys@v0.6.0?type=module",
        "pkg:golang/golang.org/x/term@v0.6.0?type=module"
      ]
    },
    {
      "ref": "pkg:golang/github.com/VividCortex/ewma@v1.2.0?type=module"
    },
    {
      "ref": "pkg:golang/github.com/acarl005/stripansi@v0.0.0-20180116102854-5a71ef0e047d?type=module"
    },
    {
      "ref": "pkg:golang/github.com/cipriancraciun/go-cdb-lib@v0.0.0-20190809203657-d959ce9cc674?type=module"
    },
    {
      "ref": "pkg:golang/github.com/eiannone/keyboard@v0.0.0-20220611211555-0d226195f203?type=module",
      "dependsOn": [
        "pkg:golang/golang.org/x/sys@v0.6.0?type=module"
      ]
    },
    {
      "ref": "pkg:golang/github.com/gdamore/encoding@v1.0.0?type=module",
      "dependsOn": [
        "pkg:golang/golang.org/x/text@v0.8.0?type=module"
      ]
    },
    {
      "ref": "pkg:golang/github.com/gdamore/tcell/v2@v2.6.0?type=module",
      "dependsOn": [
        "pkg:golang/github.com/gdamore/encoding@v1.0.0?type=module",
        "pkg:golang/github.com/lucasb-eyer/go-colorful@v1.2.0?type=module",
        "pkg:golang/github.com/mattn/go-runewidth@v0.0.14?type=module",
        "pkg:golang/github.com/rivo/uniseg@v0.4.4?type=module",
        "pkg:golang/golang.org/x/sys@v0.6.0?type=module",
        "pkg:golang/golang.org/x/term@v0.6.0?type=module",
        "pkg:golang/golang.org/x/text@v0.8.0?type=module"
      ]
    },
    {
      "ref": "pkg:golang/github.com/jessevdk/go-flags@v1.5.0?type=module",
      "dependsOn": [
        "pkg:golang/golang.org/x/sys@v0.6.0?type=module"
      ]
    },
    {
      "ref": "pkg:golang/github.com/cipriancraciun/fzf@v0.0.0-20230314092702-b7fd371a785c?type=module",
      "dependsOn": [
        "pkg:golang/github.com/gdamore/tcell/v2@v2.6.0?type=module",
        "pkg:golang/github.com/mattn/go-runewidth@v0.0.14?type=module",
        "pkg:golang/github.com/mattn/go-shellwords@v1.0.12?type=module",
        "pkg:golang/github.com/rivo/uniseg@v0.4.4?type=module",
        "pkg:golang/github.com/saracen/walker@v0.1.3?type=module",
        "pkg:golang/golang.org/x/sys@v0.6.0?type=module",
        "pkg:golang/golang.org/x/term@v0.6.0?type=module",
        "pkg:golang/github.com/gdamore/encoding@v1.0.0?type=module",
        "pkg:golang/github.com/lucasb-eyer/go-colorful@v1.2.0?type=module",
        "pkg:golang/golang.org/x/sync@v0.1.0?type=module",
        "pkg:golang/golang.org/x/text@v0.8.0?type=module"
      ]
    },
    {
      "ref": "pkg:golang/github.com/klauspost/cpuid/v2@v2.2.4?type=module",
      "dependsOn": [
        "pkg:golang/golang.org/x/sys@v0.6.0?type=module"
      ]
    },
    {
      "ref": "pkg:golang/github.com/lucasb-eyer/go-colorful@v1.2.0?type=module"
    },
    {
      "ref": "pkg:golang/github.com/mattn/go-runewidth@v0.0.14?type=module",
      "dependsOn": [
        "pkg:golang/github.com/rivo/uniseg@v0.4.4?type=module"
      ]
    },
    {
      "ref": "pkg:golang/github.com/mattn/go-shellwords@v1.0.12?type=module"
    },
    {
      "ref": "pkg:golang/github.com/peterh/liner@v1.2.2?type=module",
      "dependsOn": [
        "pkg:golang/github.com/mattn/go-runewidth@v0.0.14?type=module",
        "pkg:golang/golang.org/x/sys@v0.6.0?type=module"
      ]
    },
    {
      "ref": "pkg:golang/github.com/rivo/uniseg@v0.4.4?type=module"
    },
    {
      "ref": "pkg:golang/github.com/saracen/walker@v0.1.3?type=module",
      "dependsOn": [
        "pkg:golang/golang.org/x/sync@v0.1.0?type=module"
      ]
    },
    {
      "ref": "pkg:golang/github.com/vbauerster/mpb/v5@v5.4.0?type=module",
      "dependsOn": [
        "pkg:golang/github.com/VividCortex/ewma@v1.2.0?type=module",
        "pkg:golang/github.com/acarl005/stripansi@v0.0.0-20180116102854-5a71ef0e047d?type=module",
        "pkg:golang/github.com/mattn/go-runewidth@v0.0.14?type=module",
        "pkg:golang/golang.org/x/sys@v0.6.0?type=module"
      ]
    },
    {
      "ref": "pkg:golang/github.com/zeebo/xxh3@v1.0.2?type=module",
      "dependsOn": [
        "pkg:golang/github.com/klauspost/cpuid/v2@v2.2.4?type=module"
      ]
    },
    {
      "ref": "pkg:golang/go.starlark.net@v0.0.0-20230302034142-4b1e35fe2254?type=module",
      "dependsOn": [
        "pkg:golang/golang.org/x/sys@v0.6.0?type=module",
        "pkg:golang/golang.org/x/term@v0.6.0?type=module"
      ]
    },
    {
      "ref": "pkg:golang/golang.org/x/sync@v0.1.0?type=module"
    },
    {
      "ref": "pkg:golang/golang.org/x/sys@v0.6.0?type=module"
    },
    {
      "ref": "pkg:golang/golang.org/x/term@v0.6.0?type=module",
      "dependsOn": [
        "pkg:golang/golang.org/x/sys@v0.6.0?type=module"
      ]
    },
    {
      "ref": "pkg:golang/golang.org/x/text@v0.8.0?type=module",
      "dependsOn": [
        "pkg:golang/golang.org/x/sys@v0.6.0?type=module"
      ]
    }
  ]
}
