{
  "bomFormat": "CycloneDX",
  "specVersion": "1.3",
  "version": 1,
  "serialNumber": "urn:uuid:d96b1321-3efc-4ed2-8913-ded6c9fb3a7e",
  "metadata": {
    "timestamp": "2023-01-04T09:12:57.224572081Z",
    "tools": [
      {
        "vendor": "CycloneDX",
        "name": "cargo-cyclonedx",
        "version": "0.3.7"
      }
    ],
    "component": {
      "type": "application",
      "bom-ref": "pkg:cargo/z-tokens@0.1.0",
      "name": "z-tokens",
      "version": "0.1.0",
      "scope": "required",
      "purl": "pkg:cargo/z-tokens@0.1.0"
    }
  },
  "components": [
    {
      "type": "library",
      "bom-ref": "pkg:cargo/android_system_properties@0.1.5",
      "name": "android_system_properties",
      "version": "0.1.5",
      "description": "Minimal Android system properties wrapper",
      "scope": "required",
      "licenses": [
        {
          "expression": "MIT OR Apache-2.0"
        }
      ],
      "purl": "pkg:cargo/android_system_properties@0.1.5",
      "externalReferences": [
        {
          "type": "documentation",
          "url": "https://docs.rs/android_system_properties"
        },
        {
          "type": "website",
          "url": "https://github.com/nical/android_system_properties"
        },
        {
          "type": "vcs",
          "url": "https://github.com/nical/android_system_properties"
        }
      ]
    },
    {
      "type": "library",
      "bom-ref": "pkg:cargo/argparse@0.2.2",
      "name": "argparse",
      "version": "0.2.2",
      "description": "Powerful command-line argument parsing library",
      "scope": "required",
      "licenses": [
        {
          "expression": "MIT"
        }
      ],
      "purl": "pkg:cargo/argparse@0.2.2",
      "externalReferences": [
        {
          "type": "website",
          "url": "http://github.com/tailhook/rust-argparse"
        }
      ]
    },
    {
      "type": "library",
      "bom-ref": "pkg:cargo/autocfg@1.1.0",
      "name": "autocfg",
      "version": "1.1.0",
      "description": "Automatic cfg for Rust compiler features",
      "scope": "required",
      "licenses": [
        {
          "expression": "Apache-2.0 OR MIT"
        }
      ],
      "purl": "pkg:cargo/autocfg@1.1.0",
      "externalReferences": [
        {
          "type": "vcs",
          "url": "https://github.com/cuviper/autocfg"
        }
      ]
    },
    {
      "type": "library",
      "bom-ref": "pkg:cargo/bumpalo@3.11.1",
      "name": "bumpalo",
      "version": "3.11.1",
      "description": "A fast bump allocation arena for Rust.",
      "scope": "required",
      "licenses": [
        {
          "expression": "MIT OR Apache-2.0"
        }
      ],
      "purl": "pkg:cargo/bumpalo@3.11.1",
      "externalReferences": [
        {
          "type": "documentation",
          "url": "https://docs.rs/bumpalo"
        },
        {
          "type": "vcs",
          "url": "https://github.com/fitzgen/bumpalo"
        }
      ]
    },
    {
      "type": "library",
      "bom-ref": "pkg:cargo/cc@1.0.78",
      "name": "cc",
      "version": "1.0.78",
      "description": "A build-time dependency for Cargo build scripts to assist in invoking the native C compiler to compile native C code into a static archive to be linked into Rust code. ",
      "scope": "required",
      "licenses": [
        {
          "expression": "MIT OR Apache-2.0"
        }
      ],
      "purl": "pkg:cargo/cc@1.0.78",
      "externalReferences": [
        {
          "type": "documentation",
          "url": "https://docs.rs/cc"
        },
        {
          "type": "website",
          "url": "https://github.com/rust-lang/cc-rs"
        },
        {
          "type": "vcs",
          "url": "https://github.com/rust-lang/cc-rs"
        }
      ]
    },
    {
      "type": "library",
      "bom-ref": "pkg:cargo/cfg-if@1.0.0",
      "name": "cfg-if",
      "version": "1.0.0",
      "description": "A macro to ergonomically define an item depending on a large number of #[cfg] parameters. Structured like an if-else chain, the first matching branch is the item that gets emitted. ",
      "scope": "required",
      "licenses": [
        {
          "expression": "MIT OR Apache-2.0"
        }
      ],
      "purl": "pkg:cargo/cfg-if@1.0.0",
      "externalReferences": [
        {
          "type": "documentation",
          "url": "https://docs.rs/cfg-if"
        },
        {
          "type": "website",
          "url": "https://github.com/alexcrichton/cfg-if"
        },
        {
          "type": "vcs",
          "url": "https://github.com/alexcrichton/cfg-if"
        }
      ]
    },
    {
      "type": "library",
      "bom-ref": "pkg:cargo/chrono@0.4.23",
      "name": "chrono",
      "version": "0.4.23",
      "description": "Date and time library for Rust",
      "scope": "required",
      "licenses": [
        {
          "expression": "MIT OR Apache-2.0"
        }
      ],
      "purl": "pkg:cargo/chrono@0.4.23",
      "externalReferences": [
        {
          "type": "documentation",
          "url": "https://docs.rs/chrono/"
        },
        {
          "type": "website",
          "url": "https://github.com/chronotope/chrono"
        },
        {
          "type": "vcs",
          "url": "https://github.com/chronotope/chrono"
        }
      ]
    },
    {
      "type": "library",
      "bom-ref": "pkg:cargo/codespan-reporting@0.11.1",
      "name": "codespan-reporting",
      "version": "0.11.1",
      "description": "Beautiful diagnostic reporting for text-based programming languages",
      "scope": "required",
      "licenses": [
        {
          "expression": "Apache-2.0"
        }
      ],
      "purl": "pkg:cargo/codespan-reporting@0.11.1",
      "externalReferences": [
        {
          "type": "documentation",
          "url": "https://docs.rs/codespan-reporting"
        },
        {
          "type": "website",
          "url": "https://github.com/brendanzab/codespan"
        },
        {
          "type": "vcs",
          "url": "https://github.com/brendanzab/codespan"
        }
      ]
    },
    {
      "type": "library",
      "bom-ref": "pkg:cargo/core-foundation-sys@0.8.3",
      "name": "core-foundation-sys",
      "version": "0.8.3",
      "description": "Bindings to Core Foundation for macOS",
      "scope": "required",
      "licenses": [
        {
          "expression": "MIT  OR  Apache-2.0"
        }
      ],
      "purl": "pkg:cargo/core-foundation-sys@0.8.3",
      "externalReferences": [
        {
          "type": "website",
          "url": "https://github.com/servo/core-foundation-rs"
        },
        {
          "type": "vcs",
          "url": "https://github.com/servo/core-foundation-rs"
        }
      ]
    },
    {
      "type": "library",
      "bom-ref": "pkg:cargo/cxx@1.0.85",
      "name": "cxx",
      "version": "1.0.85",
      "description": "Safe interop between Rust and C++",
      "scope": "required",
      "licenses": [
        {
          "expression": "MIT OR Apache-2.0"
        }
      ],
      "purl": "pkg:cargo/cxx@1.0.85",
      "externalReferences": [
        {
          "type": "documentation",
          "url": "https://docs.rs/cxx"
        },
        {
          "type": "website",
          "url": "https://cxx.rs"
        },
        {
          "type": "other",
          "url": "cxxbridge1"
        },
        {
          "type": "vcs",
          "url": "https://github.com/dtolnay/cxx"
        }
      ]
    },
    {
      "type": "library",
      "bom-ref": "pkg:cargo/cxx-build@1.0.85",
      "name": "cxx-build",
      "version": "1.0.85",
      "description": "C++ code generator for integrating `cxx` crate into a Cargo build.",
      "scope": "required",
      "licenses": [
        {
          "expression": "MIT OR Apache-2.0"
        }
      ],
      "purl": "pkg:cargo/cxx-build@1.0.85",
      "externalReferences": [
        {
          "type": "website",
          "url": "https://cxx.rs"
        },
        {
          "type": "vcs",
          "url": "https://github.com/dtolnay/cxx"
        }
      ]
    },
    {
      "type": "library",
      "bom-ref": "pkg:cargo/cxxbridge-flags@1.0.85",
      "name": "cxxbridge-flags",
      "version": "1.0.85",
      "description": "Compiler configuration of the `cxx` crate (implementation detail)",
      "scope": "required",
      "licenses": [
        {
          "expression": "MIT OR Apache-2.0"
        }
      ],
      "purl": "pkg:cargo/cxxbridge-flags@1.0.85",
      "externalReferences": [
        {
          "type": "vcs",
          "url": "https://github.com/dtolnay/cxx"
        }
      ]
    },
    {
      "type": "library",
      "bom-ref": "pkg:cargo/cxxbridge-macro@1.0.85",
      "name": "cxxbridge-macro",
      "version": "1.0.85",
      "description": "Implementation detail of the `cxx` crate.",
      "scope": "required",
      "licenses": [
        {
          "expression": "MIT OR Apache-2.0"
        }
      ],
      "purl": "pkg:cargo/cxxbridge-macro@1.0.85",
      "externalReferences": [
        {
          "type": "website",
          "url": "https://cxx.rs"
        },
        {
          "type": "vcs",
          "url": "https://github.com/dtolnay/cxx"
        }
      ]
    },
    {
      "type": "library",
      "bom-ref": "pkg:cargo/getrandom@0.2.8",
      "name": "getrandom",
      "version": "0.2.8",
      "description": "A small cross-platform library for retrieving random data from system source",
      "scope": "required",
      "licenses": [
        {
          "expression": "MIT OR Apache-2.0"
        }
      ],
      "purl": "pkg:cargo/getrandom@0.2.8",
      "externalReferences": [
        {
          "type": "documentation",
          "url": "https://docs.rs/getrandom"
        },
        {
          "type": "vcs",
          "url": "https://github.com/rust-random/getrandom"
        }
      ]
    },
    {
      "type": "library",
      "bom-ref": "pkg:cargo/iana-time-zone@0.1.53",
      "name": "iana-time-zone",
      "version": "0.1.53",
      "description": "get the IANA time zone for the current system",
      "scope": "required",
      "licenses": [
        {
          "expression": "MIT OR Apache-2.0"
        }
      ],
      "purl": "pkg:cargo/iana-time-zone@0.1.53",
      "externalReferences": [
        {
          "type": "vcs",
          "url": "https://github.com/strawlab/iana-time-zone"
        }
      ]
    },
    {
      "type": "library",
      "bom-ref": "pkg:cargo/iana-time-zone-haiku@0.1.1",
      "name": "iana-time-zone-haiku",
      "version": "0.1.1",
      "description": "iana-time-zone support crate for Haiku OS",
      "scope": "required",
      "licenses": [
        {
          "expression": "MIT OR Apache-2.0"
        }
      ],
      "purl": "pkg:cargo/iana-time-zone-haiku@0.1.1",
      "externalReferences": [
        {
          "type": "vcs",
          "url": "https://github.com/strawlab/iana-time-zone"
        }
      ]
    },
    {
      "type": "library",
      "bom-ref": "pkg:cargo/js-sys@0.3.60",
      "name": "js-sys",
      "version": "0.3.60",
      "description": "Bindings for all JS global objects and functions in all JS environments like Node.js and browsers, built on `#[wasm_bindgen]` using the `wasm-bindgen` crate. ",
      "scope": "required",
      "licenses": [
        {
          "expression": "MIT OR Apache-2.0"
        }
      ],
      "purl": "pkg:cargo/js-sys@0.3.60",
      "externalReferences": [
        {
          "type": "documentation",
          "url": "https://docs.rs/js-sys"
        },
        {
          "type": "website",
          "url": "https://rustwasm.github.io/wasm-bindgen/"
        },
        {
          "type": "vcs",
          "url": "https://github.com/rustwasm/wasm-bindgen/tree/master/crates/js-sys"
        }
      ]
    },
    {
      "type": "library",
      "bom-ref": "pkg:cargo/libc@0.2.139",
      "name": "libc",
      "version": "0.2.139",
      "description": "Raw FFI bindings to platform libraries like libc. ",
      "scope": "required",
      "licenses": [
        {
          "expression": "MIT OR Apache-2.0"
        }
      ],
      "purl": "pkg:cargo/libc@0.2.139",
      "externalReferences": [
        {
          "type": "documentation",
          "url": "https://docs.rs/libc/"
        },
        {
          "type": "website",
          "url": "https://github.com/rust-lang/libc"
        },
        {
          "type": "vcs",
          "url": "https://github.com/rust-lang/libc"
        }
      ]
    },
    {
      "type": "library",
      "bom-ref": "pkg:cargo/link-cplusplus@1.0.8",
      "name": "link-cplusplus",
      "version": "1.0.8",
      "description": "Link libstdc++ or libc++ automatically or manually",
      "scope": "required",
      "licenses": [
        {
          "expression": "MIT OR Apache-2.0"
        }
      ],
      "purl": "pkg:cargo/link-cplusplus@1.0.8",
      "externalReferences": [
        {
          "type": "documentation",
          "url": "https://docs.rs/link-cplusplus"
        },
        {
          "type": "other",
          "url": "cplusplus"
        },
        {
          "type": "vcs",
          "url": "https://github.com/dtolnay/link-cplusplus"
        }
      ]
    },
    {
      "type": "library",
      "bom-ref": "pkg:cargo/log@0.4.17",
      "name": "log",
      "version": "0.4.17",
      "description": "A lightweight logging facade for Rust ",
      "scope": "required",
      "licenses": [
        {
          "expression": "MIT OR Apache-2.0"
        }
      ],
      "purl": "pkg:cargo/log@0.4.17",
      "externalReferences": [
        {
          "type": "documentation",
          "url": "https://docs.rs/log"
        },
        {
          "type": "vcs",
          "url": "https://github.com/rust-lang/log"
        }
      ]
    },
    {
      "type": "library",
      "bom-ref": "pkg:cargo/num-bigint@0.4.3",
      "name": "num-bigint",
      "version": "0.4.3",
      "description": "Big integer implementation for Rust",
      "scope": "required",
      "licenses": [
        {
          "expression": "MIT OR Apache-2.0"
        }
      ],
      "purl": "pkg:cargo/num-bigint@0.4.3",
      "externalReferences": [
        {
          "type": "documentation",
          "url": "https://docs.rs/num-bigint"
        },
        {
          "type": "website",
          "url": "https://github.com/rust-num/num-bigint"
        },
        {
          "type": "vcs",
          "url": "https://github.com/rust-num/num-bigint"
        }
      ]
    },
    {
      "type": "library",
      "bom-ref": "pkg:cargo/num-integer@0.1.45",
      "name": "num-integer",
      "version": "0.1.45",
      "description": "Integer traits and functions",
      "scope": "required",
      "licenses": [
        {
          "expression": "MIT OR Apache-2.0"
        }
      ],
      "purl": "pkg:cargo/num-integer@0.1.45",
      "externalReferences": [
        {
          "type": "documentation",
          "url": "https://docs.rs/num-integer"
        },
        {
          "type": "website",
          "url": "https://github.com/rust-num/num-integer"
        },
        {
          "type": "vcs",
          "url": "https://github.com/rust-num/num-integer"
        }
      ]
    },
    {
      "type": "library",
      "bom-ref": "pkg:cargo/num-traits@0.2.15",
      "name": "num-traits",
      "version": "0.2.15",
      "description": "Numeric traits for generic mathematics",
      "scope": "required",
      "licenses": [
        {
          "expression": "MIT OR Apache-2.0"
        }
      ],
      "purl": "pkg:cargo/num-traits@0.2.15",
      "externalReferences": [
        {
          "type": "documentation",
          "url": "https://docs.rs/num-traits"
        },
        {
          "type": "website",
          "url": "https://github.com/rust-num/num-traits"
        },
        {
          "type": "vcs",
          "url": "https://github.com/rust-num/num-traits"
        }
      ]
    },
    {
      "type": "library",
      "bom-ref": "pkg:cargo/once_cell@1.17.0",
      "name": "once_cell",
      "version": "1.17.0",
      "description": "Single assignment cells and lazy values.",
      "scope": "required",
      "licenses": [
        {
          "expression": "MIT OR Apache-2.0"
        }
      ],
      "purl": "pkg:cargo/once_cell@1.17.0",
      "externalReferences": [
        {
          "type": "documentation",
          "url": "https://docs.rs/once_cell"
        },
        {
          "type": "vcs",
          "url": "https://github.com/matklad/once_cell"
        }
      ]
    },
    {
      "type": "library",
      "bom-ref": "pkg:cargo/paste@1.0.11",
      "name": "paste",
      "version": "1.0.11",
      "description": "Macros for all your token pasting needs",
      "scope": "required",
      "licenses": [
        {
          "expression": "MIT OR Apache-2.0"
        }
      ],
      "purl": "pkg:cargo/paste@1.0.11",
      "externalReferences": [
        {
          "type": "vcs",
          "url": "https://github.com/dtolnay/paste"
        }
      ]
    },
    {
      "type": "library",
      "bom-ref": "pkg:cargo/ppv-lite86@0.2.17",
      "name": "ppv-lite86",
      "version": "0.2.17",
      "description": "Implementation of the crypto-simd API for x86",
      "scope": "required",
      "licenses": [
        {
          "expression": "MIT OR Apache-2.0"
        }
      ],
      "purl": "pkg:cargo/ppv-lite86@0.2.17",
      "externalReferences": [
        {
          "type": "vcs",
          "url": "https://github.com/cryptocorrosion/cryptocorrosion"
        }
      ]
    },
    {
      "type": "library",
      "bom-ref": "pkg:cargo/proc-macro2@1.0.49",
      "name": "proc-macro2",
      "version": "1.0.49",
      "description": "A substitute implementation of the compiler's `proc_macro` API to decouple token-based libraries from the procedural macro use case.",
      "scope": "required",
      "licenses": [
        {
          "expression": "MIT OR Apache-2.0"
        }
      ],
      "purl": "pkg:cargo/proc-macro2@1.0.49",
      "externalReferences": [
        {
          "type": "documentation",
          "url": "https://docs.rs/proc-macro2"
        },
        {
          "type": "vcs",
          "url": "https://github.com/dtolnay/proc-macro2"
        }
      ]
    },
    {
      "type": "library",
      "bom-ref": "pkg:cargo/quote@1.0.23",
      "name": "quote",
      "version": "1.0.23",
      "description": "Quasi-quoting macro quote!(...)",
      "scope": "required",
      "licenses": [
        {
          "expression": "MIT OR Apache-2.0"
        }
      ],
      "purl": "pkg:cargo/quote@1.0.23",
      "externalReferences": [
        {
          "type": "documentation",
          "url": "https://docs.rs/quote/"
        },
        {
          "type": "vcs",
          "url": "https://github.com/dtolnay/quote"
        }
      ]
    },
    {
      "type": "library",
      "bom-ref": "pkg:cargo/rand@0.8.5",
      "name": "rand",
      "version": "0.8.5",
      "description": "Random number generators and other randomness functionality. ",
      "scope": "required",
      "licenses": [
        {
          "expression": "MIT OR Apache-2.0"
        }
      ],
      "purl": "pkg:cargo/rand@0.8.5",
      "externalReferences": [
        {
          "type": "documentation",
          "url": "https://docs.rs/rand"
        },
        {
          "type": "website",
          "url": "https://rust-random.github.io/book"
        },
        {
          "type": "vcs",
          "url": "https://github.com/rust-random/rand"
        }
      ]
    },
    {
      "type": "library",
      "bom-ref": "pkg:cargo/rand_chacha@0.3.1",
      "name": "rand_chacha",
      "version": "0.3.1",
      "description": "ChaCha random number generator ",
      "scope": "required",
      "licenses": [
        {
          "expression": "MIT OR Apache-2.0"
        }
      ],
      "purl": "pkg:cargo/rand_chacha@0.3.1",
      "externalReferences": [
        {
          "type": "documentation",
          "url": "https://docs.rs/rand_chacha"
        },
        {
          "type": "website",
          "url": "https://rust-random.github.io/book"
        },
        {
          "type": "vcs",
          "url": "https://github.com/rust-random/rand"
        }
      ]
    },
    {
      "type": "library",
      "bom-ref": "pkg:cargo/rand_core@0.6.4",
      "name": "rand_core",
      "version": "0.6.4",
      "description": "Core random number generator traits and tools for implementation. ",
      "scope": "required",
      "licenses": [
        {
          "expression": "MIT OR Apache-2.0"
        }
      ],
      "purl": "pkg:cargo/rand_core@0.6.4",
      "externalReferences": [
        {
          "type": "documentation",
          "url": "https://docs.rs/rand_core"
        },
        {
          "type": "website",
          "url": "https://rust-random.github.io/book"
        },
        {
          "type": "vcs",
          "url": "https://github.com/rust-random/rand"
        }
      ]
    },
    {
      "type": "library",
      "bom-ref": "pkg:cargo/scratch@1.0.3",
      "name": "scratch",
      "version": "1.0.3",
      "description": "Compile-time temporary directory shared by multiple crates and erased by `cargo clean`",
      "scope": "required",
      "licenses": [
        {
          "expression": "MIT OR Apache-2.0"
        }
      ],
      "purl": "pkg:cargo/scratch@1.0.3",
      "externalReferences": [
        {
          "type": "documentation",
          "url": "https://docs.rs/scratch"
        },
        {
          "type": "vcs",
          "url": "https://github.com/dtolnay/scratch"
        }
      ]
    },
    {
      "type": "library",
      "bom-ref": "pkg:cargo/syn@1.0.107",
      "name": "syn",
      "version": "1.0.107",
      "description": "Parser for Rust source code",
      "scope": "required",
      "licenses": [
        {
          "expression": "MIT OR Apache-2.0"
        }
      ],
      "purl": "pkg:cargo/syn@1.0.107",
      "externalReferences": [
        {
          "type": "documentation",
          "url": "https://docs.rs/syn"
        },
        {
          "type": "vcs",
          "url": "https://github.com/dtolnay/syn"
        }
      ]
    },
    {
      "type": "library",
      "bom-ref": "pkg:cargo/termcolor@1.1.3",
      "name": "termcolor",
      "version": "1.1.3",
      "description": "A simple cross platform library for writing colored text to a terminal. ",
      "scope": "required",
      "licenses": [
        {
          "expression": "Unlicense OR MIT"
        }
      ],
      "purl": "pkg:cargo/termcolor@1.1.3",
      "externalReferences": [
        {
          "type": "documentation",
          "url": "https://docs.rs/termcolor"
        },
        {
          "type": "website",
          "url": "https://github.com/BurntSushi/termcolor"
        },
        {
          "type": "vcs",
          "url": "https://github.com/BurntSushi/termcolor"
        }
      ]
    },
    {
      "type": "library",
      "bom-ref": "pkg:cargo/unicode-ident@1.0.6",
      "name": "unicode-ident",
      "version": "1.0.6",
      "description": "Determine whether characters have the XID_Start or XID_Continue properties according to Unicode Standard Annex #31",
      "scope": "required",
      "licenses": [
        {
          "expression": "(MIT OR Apache-2.0) AND Unicode-DFS-2016"
        }
      ],
      "purl": "pkg:cargo/unicode-ident@1.0.6",
      "externalReferences": [
        {
          "type": "documentation",
          "url": "https://docs.rs/unicode-ident"
        },
        {
          "type": "vcs",
          "url": "https://github.com/dtolnay/unicode-ident"
        }
      ]
    },
    {
      "type": "library",
      "bom-ref": "pkg:cargo/unicode-width@0.1.10",
      "name": "unicode-width",
      "version": "0.1.10",
      "description": "Determine displayed width of `char` and `str` types according to Unicode Standard Annex #11 rules. ",
      "scope": "required",
      "licenses": [
        {
          "expression": "MIT OR Apache-2.0"
        }
      ],
      "purl": "pkg:cargo/unicode-width@0.1.10",
      "externalReferences": [
        {
          "type": "documentation",
          "url": "https://unicode-rs.github.io/unicode-width"
        },
        {
          "type": "website",
          "url": "https://github.com/unicode-rs/unicode-width"
        },
        {
          "type": "vcs",
          "url": "https://github.com/unicode-rs/unicode-width"
        }
      ]
    },
    {
      "type": "library",
      "bom-ref": "pkg:cargo/vrl-errors@0.1.0",
      "name": "vrl-errors",
      "version": "0.1.0",
      "scope": "required",
      "purl": "pkg:cargo/vrl-errors@0.1.0"
    },
    {
      "type": "library",
      "bom-ref": "pkg:cargo/vrl-preludes@0.1.0",
      "name": "vrl-preludes",
      "version": "0.1.0",
      "scope": "required",
      "purl": "pkg:cargo/vrl-preludes@0.1.0"
    },
    {
      "type": "library",
      "bom-ref": "pkg:cargo/vrl-random@0.1.0",
      "name": "vrl-random",
      "version": "0.1.0",
      "scope": "required",
      "purl": "pkg:cargo/vrl-random@0.1.0"
    },
    {
      "type": "library",
      "bom-ref": "pkg:cargo/wasi@0.11.0+wasi-snapshot-preview1",
      "name": "wasi",
      "version": "0.11.0+wasi-snapshot-preview1",
      "description": "Experimental WASI API bindings for Rust",
      "scope": "required",
      "licenses": [
        {
          "expression": "Apache-2.0 WITH LLVM-exception OR Apache-2.0 OR MIT"
        }
      ],
      "purl": "pkg:cargo/wasi@0.11.0+wasi-snapshot-preview1",
      "externalReferences": [
        {
          "type": "documentation",
          "url": "https://docs.rs/wasi"
        },
        {
          "type": "vcs",
          "url": "https://github.com/bytecodealliance/wasi"
        }
      ]
    },
    {
      "type": "library",
      "bom-ref": "pkg:cargo/wasm-bindgen@0.2.83",
      "name": "wasm-bindgen",
      "version": "0.2.83",
      "description": "Easy support for interacting between JS and Rust. ",
      "scope": "required",
      "licenses": [
        {
          "expression": "MIT OR Apache-2.0"
        }
      ],
      "purl": "pkg:cargo/wasm-bindgen@0.2.83",
      "externalReferences": [
        {
          "type": "documentation",
          "url": "https://docs.rs/wasm-bindgen"
        },
        {
          "type": "website",
          "url": "https://rustwasm.github.io/"
        },
        {
          "type": "vcs",
          "url": "https://github.com/rustwasm/wasm-bindgen"
        }
      ]
    },
    {
      "type": "library",
      "bom-ref": "pkg:cargo/wasm-bindgen-backend@0.2.83",
      "name": "wasm-bindgen-backend",
      "version": "0.2.83",
      "description": "Backend code generation of the wasm-bindgen tool ",
      "scope": "required",
      "licenses": [
        {
          "expression": "MIT OR Apache-2.0"
        }
      ],
      "purl": "pkg:cargo/wasm-bindgen-backend@0.2.83",
      "externalReferences": [
        {
          "type": "documentation",
          "url": "https://docs.rs/wasm-bindgen-backend"
        },
        {
          "type": "website",
          "url": "https://rustwasm.github.io/wasm-bindgen/"
        },
        {
          "type": "vcs",
          "url": "https://github.com/rustwasm/wasm-bindgen/tree/master/crates/backend"
        }
      ]
    },
    {
      "type": "library",
      "bom-ref": "pkg:cargo/wasm-bindgen-macro@0.2.83",
      "name": "wasm-bindgen-macro",
      "version": "0.2.83",
      "description": "Definition of the `#[wasm_bindgen]` attribute, an internal dependency ",
      "scope": "required",
      "licenses": [
        {
          "expression": "MIT OR Apache-2.0"
        }
      ],
      "purl": "pkg:cargo/wasm-bindgen-macro@0.2.83",
      "externalReferences": [
        {
          "type": "documentation",
          "url": "https://docs.rs/wasm-bindgen"
        },
        {
          "type": "website",
          "url": "https://rustwasm.github.io/wasm-bindgen/"
        },
        {
          "type": "vcs",
          "url": "https://github.com/rustwasm/wasm-bindgen/tree/master/crates/macro"
        }
      ]
    },
    {
      "type": "library",
      "bom-ref": "pkg:cargo/wasm-bindgen-macro-support@0.2.83",
      "name": "wasm-bindgen-macro-support",
      "version": "0.2.83",
      "description": "The part of the implementation of the `#[wasm_bindgen]` attribute that is not in the shared backend crate ",
      "scope": "required",
      "licenses": [
        {
          "expression": "MIT OR Apache-2.0"
        }
      ],
      "purl": "pkg:cargo/wasm-bindgen-macro-support@0.2.83",
      "externalReferences": [
        {
          "type": "documentation",
          "url": "https://docs.rs/wasm-bindgen"
        },
        {
          "type": "website",
          "url": "https://rustwasm.github.io/wasm-bindgen/"
        },
        {
          "type": "vcs",
          "url": "https://github.com/rustwasm/wasm-bindgen/tree/master/crates/macro-support"
        }
      ]
    },
    {
      "type": "library",
      "bom-ref": "pkg:cargo/wasm-bindgen-shared@0.2.83",
      "name": "wasm-bindgen-shared",
      "version": "0.2.83",
      "description": "Shared support between wasm-bindgen and wasm-bindgen cli, an internal dependency. ",
      "scope": "required",
      "licenses": [
        {
          "expression": "MIT OR Apache-2.0"
        }
      ],
      "purl": "pkg:cargo/wasm-bindgen-shared@0.2.83",
      "externalReferences": [
        {
          "type": "documentation",
          "url": "https://docs.rs/wasm-bindgen-shared"
        },
        {
          "type": "website",
          "url": "https://rustwasm.github.io/wasm-bindgen/"
        },
        {
          "type": "other",
          "url": "wasm_bindgen"
        },
        {
          "type": "vcs",
          "url": "https://github.com/rustwasm/wasm-bindgen/tree/master/crates/shared"
        }
      ]
    },
    {
      "type": "library",
      "bom-ref": "pkg:cargo/winapi@0.3.9",
      "name": "winapi",
      "version": "0.3.9",
      "description": "Raw FFI bindings for all of Windows API.",
      "scope": "required",
      "licenses": [
        {
          "expression": "MIT OR Apache-2.0"
        }
      ],
      "purl": "pkg:cargo/winapi@0.3.9",
      "externalReferences": [
        {
          "type": "documentation",
          "url": "https://docs.rs/winapi/"
        },
        {
          "type": "vcs",
          "url": "https://github.com/retep998/winapi-rs"
        }
      ]
    },
    {
      "type": "library",
      "bom-ref": "pkg:cargo/winapi-i686-pc-windows-gnu@0.4.0",
      "name": "winapi-i686-pc-windows-gnu",
      "version": "0.4.0",
      "description": "Import libraries for the i686-pc-windows-gnu target. Please don't use this crate directly, depend on winapi instead.",
      "scope": "required",
      "licenses": [
        {
          "expression": "MIT OR Apache-2.0"
        }
      ],
      "purl": "pkg:cargo/winapi-i686-pc-windows-gnu@0.4.0",
      "externalReferences": [
        {
          "type": "vcs",
          "url": "https://github.com/retep998/winapi-rs"
        }
      ]
    },
    {
      "type": "library",
      "bom-ref": "pkg:cargo/winapi-util@0.1.5",
      "name": "winapi-util",
      "version": "0.1.5",
      "description": "A dumping ground for high level safe wrappers over winapi.",
      "scope": "required",
      "licenses": [
        {
          "expression": "Unlicense OR MIT"
        }
      ],
      "purl": "pkg:cargo/winapi-util@0.1.5",
      "externalReferences": [
        {
          "type": "documentation",
          "url": "https://docs.rs/winapi-util"
        },
        {
          "type": "website",
          "url": "https://github.com/BurntSushi/winapi-util"
        },
        {
          "type": "vcs",
          "url": "https://github.com/BurntSushi/winapi-util"
        }
      ]
    },
    {
      "type": "library",
      "bom-ref": "pkg:cargo/winapi-x86_64-pc-windows-gnu@0.4.0",
      "name": "winapi-x86_64-pc-windows-gnu",
      "version": "0.4.0",
      "description": "Import libraries for the x86_64-pc-windows-gnu target. Please don't use this crate directly, depend on winapi instead.",
      "scope": "required",
      "licenses": [
        {
          "expression": "MIT OR Apache-2.0"
        }
      ],
      "purl": "pkg:cargo/winapi-x86_64-pc-windows-gnu@0.4.0",
      "externalReferences": [
        {
          "type": "vcs",
          "url": "https://github.com/retep998/winapi-rs"
        }
      ]
    }
  ]
}