{"spdxVersion":"SPDX-2.3","SPDXID":"SPDXRef-DOCUMENT","dataLicense":"CC0-1.0","name":"/home/runner/work/WasmEdge/WasmEdge/spdx-18c05e3a-3c61-4d71-831b-0d8eb5fa329c.spdx.json","creationInfo":{"created":"2025-03-10T18:04:50.997Z","creators":["Tool: github.com/advanced-security/sbom-generator-action"]},"packages":[{"SPDXID":"SPDXRef-ACTIONS_CHECKOUT","name":"actions/checkout","versionInfo":"4.*.*","filesAnalyzed":false,"licenseDeclared":"NOASSERTION","licenseConcluded":"NOASSERTION","downloadLocation":"NOASSERTION","externalRefs":[{"referenceCategory":"PACKAGE-MANAGER","referenceLocator":"pkg:ACTIONS/actions/checkout@4.*.*","referenceType":"purl"}]},{"SPDXID":"SPDXRef-ACTIONS_SETUP_JAVA","name":"actions/setup-java","versionInfo":"4.*.*","filesAnalyzed":false,"licenseDeclared":"NOASSERTION","licenseConcluded":"NOASSERTION","downloadLocation":"NOASSERTION","externalRefs":[{"referenceCategory":"PACKAGE-MANAGER","referenceLocator":"pkg:ACTIONS/actions/setup-java@4.*.*","referenceType":"purl"}]},{"SPDXID":"SPDXRef-ACTIONS_UPLOAD_ARTIFACT","name":"actions/upload-artifact","versionInfo":"4.*.*","filesAnalyzed":false,"licenseDeclared":"NOASSERTION","licenseConcluded":"NOASSERTION","downloadLocation":"NOASSERTION","externalRefs":[{"referenceCategory":"PACKAGE-MANAGER","referenceLocator":"pkg:ACTIONS/actions/upload-artifact@4.*.*","referenceType":"purl"}]},{"SPDXID":"SPDXRef-CRAZY_MAX_GHACTION_CHOCOLATEY","name":"crazy-max/ghaction-chocolatey","versionInfo":"3.*.*","filesAnalyzed":false,"licenseDeclared":"NOASSERTION","licenseConcluded":"NOASSERTION","downloadLocation":"NOASSERTION","externalRefs":[{"referenceCategory":"PACKAGE-MANAGER","referenceLocator":"pkg:ACTIONS/crazy-max/ghaction-chocolatey@3.*.*","referenceType":"purl"}]},{"SPDXID":"SPDXRef-GUILLAUMEFALOURD_SETUP_WINDOWS10_SDK_ACTION","name":"GuillaumeFalourd/setup-windows10-sdk-action","versionInfo":"2.*.*","filesAnalyzed":false,"licenseDeclared":"NOASSERTION","licenseConcluded":"NOASSERTION","downloadLocation":"NOASSERTION","externalRefs":[{"referenceCategory":"PACKAGE-MANAGER","referenceLocator":"pkg:ACTIONS/GuillaumeFalourd/setup-windows10-sdk-action@2.*.*","referenceType":"purl"}]},{"SPDXID":"SPDXRef-ACTIONS_CHECKOUT","name":"actions/checkout","versionInfo":"4.*.*","filesAnalyzed":false,"licenseDeclared":"NOASSERTION","licenseConcluded":"NOASSERTION","downloadLocation":"NOASSERTION","externalRefs":[{"referenceCategory":"PACKAGE-MANAGER","referenceLocator":"pkg:ACTIONS/actions/checkout@4.*.*","referenceType":"purl"}]},{"SPDXID":"SPDXRef-ACTIONS_UPLOAD_ARTIFACT","name":"actions/upload-artifact","versionInfo":"4.*.*","filesAnalyzed":false,"licenseDeclared":"NOASSERTION","licenseConcluded":"NOASSERTION","downloadLocation":"NOASSERTION","externalRefs":[{"referenceCategory":"PACKAGE-MANAGER","referenceLocator":"pkg:ACTIONS/actions/upload-artifact@4.*.*","referenceType":"purl"}]},{"SPDXID":"SPDXRef-CRAZY_MAX_GHACTION_CHOCOLATEY","name":"crazy-max/ghaction-chocolatey","versionInfo":"3.*.*","filesAnalyzed":false,"licenseDeclared":"NOASSERTION","licenseConcluded":"NOASSERTION","downloadLocation":"NOASSERTION","externalRefs":[{"referenceCategory":"PACKAGE-MANAGER","referenceLocator":"pkg:ACTIONS/crazy-max/ghaction-chocolatey@3.*.*","referenceType":"purl"}]},{"SPDXID":"SPDXRef-GUILLAUMEFALOURD_SETUP_WINDOWS10_SDK_ACTION","name":"GuillaumeFalourd/setup-windows10-sdk-action","versionInfo":"2.*.*","filesAnalyzed":false,"licenseDeclared":"NOASSERTION","licenseConcluded":"NOASSERTION","downloadLocation":"NOASSERTION","externalRefs":[{"referenceCategory":"PACKAGE-MANAGER","referenceLocator":"pkg:ACTIONS/GuillaumeFalourd/setup-windows10-sdk-action@2.*.*","referenceType":"purl"}]},{"SPDXID":"SPDXRef-ACTIONS_CHECKOUT","name":"actions/checkout","versionInfo":"4.*.*","filesAnalyzed":false,"licenseDeclared":"NOASSERTION","licenseConcluded":"NOASSERTION","downloadLocation":"NOASSERTION","externalRefs":[{"referenceCategory":"PACKAGE-MANAGER","referenceLocator":"pkg:ACTIONS/actions/checkout@4.*.*","referenceType":"purl"}]},{"SPDXID":"SPDXRef-ACTIONS_CHECKOUT","name":"actions/checkout","versionInfo":"4.*.*","filesAnalyzed":false,"licenseDeclared":"NOASSERTION","licenseConcluded":"NOASSERTION","downloadLocation":"NOASSERTION","externalRefs":[{"referenceCategory":"PACKAGE-MANAGER","referenceLocator":"pkg:ACTIONS/actions/checkout@4.*.*","referenceType":"purl"}]},{"SPDXID":"SPDXRef-CACHIX_INSTALL_NIX_ACTION","name":"cachix/install-nix-action","versionInfo":"30.*.*","filesAnalyzed":false,"licenseDeclared":"NOASSERTION","licenseConcluded":"NOASSERTION","downloadLocation":"NOASSERTION","externalRefs":[{"referenceCategory":"PACKAGE-MANAGER","referenceLocator":"pkg:ACTIONS/cachix/install-nix-action@30.*.*","referenceType":"purl"}]},{"SPDXID":"SPDXRef-ACTIONS_CACHE_RESTORE","name":"actions/cache/restore","versionInfo":"4.*.*","filesAnalyzed":false,"licenseDeclared":"NOASSERTION","licenseConcluded":"NOASSERTION","downloadLocation":"NOASSERTION","externalRefs":[{"referenceCategory":"PACKAGE-MANAGER","referenceLocator":"pkg:ACTIONS/actions/cache/restore@4.*.*","referenceType":"purl"}]},{"SPDXID":"SPDXRef-ACTIONS_CACHE_SAVE","name":"actions/cache/save","versionInfo":"4.*.*","filesAnalyzed":false,"licenseDeclared":"NOASSERTION","licenseConcluded":"NOASSERTION","downloadLocation":"NOASSERTION","externalRefs":[{"referenceCategory":"PACKAGE-MANAGER","referenceLocator":"pkg:ACTIONS/actions/cache/save@4.*.*","referenceType":"purl"}]},{"SPDXID":"SPDXRef-ACTIONS_CHECKOUT","name":"actions/checkout","versionInfo":"4.*.*","filesAnalyzed":false,"licenseDeclared":"NOASSERTION","licenseConcluded":"NOASSERTION","downloadLocation":"NOASSERTION","externalRefs":[{"referenceCategory":"PACKAGE-MANAGER","referenceLocator":"pkg:ACTIONS/actions/checkout@4.*.*","referenceType":"purl"}]},{"SPDXID":"SPDXRef-ACTIONS_DOWNLOAD_ARTIFACT","name":"actions/download-artifact","versionInfo":"4.*.*","filesAnalyzed":false,"licenseDeclared":"NOASSERTION","licenseConcluded":"NOASSERTION","downloadLocation":"NOASSERTION","externalRefs":[{"referenceCategory":"PACKAGE-MANAGER","referenceLocator":"pkg:ACTIONS/actions/download-artifact@4.*.*","referenceType":"purl"}]},{"SPDXID":"SPDXRef-ACTIONS_UPLOAD_ARTIFACT","name":"actions/upload-artifact","versionInfo":"4.*.*","filesAnalyzed":false,"licenseDeclared":"NOASSERTION","licenseConcluded":"NOASSERTION","downloadLocation":"NOASSERTION","externalRefs":[{"referenceCategory":"PACKAGE-MANAGER","referenceLocator":"pkg:ACTIONS/actions/upload-artifact@4.*.*","referenceType":"purl"}]},{"SPDXID":"SPDXRef-ACTIONS_CHECKOUT","name":"actions/checkout","versionInfo":"4.*.*","filesAnalyzed":false,"licenseDeclared":"NOASSERTION","licenseConcluded":"NOASSERTION","downloadLocation":"NOASSERTION","externalRefs":[{"referenceCategory":"PACKAGE-MANAGER","referenceLocator":"pkg:ACTIONS/actions/checkout@4.*.*","referenceType":"purl"}]},{"SPDXID":"SPDXRef-URAIMO_RUN_ON_ARCH_ACTION","name":"uraimo/run-on-arch-action","versionInfo":"3.*.*","filesAnalyzed":false,"licenseDeclared":"NOASSERTION","licenseConcluded":"NOASSERTION","downloadLocation":"NOASSERTION","externalRefs":[{"referenceCategory":"PACKAGE-MANAGER","referenceLocator":"pkg:ACTIONS/uraimo/run-on-arch-action@3.*.*","referenceType":"purl"}]},{"SPDXID":"SPDXRef-ACTIONS_CHECKOUT","name":"actions/checkout","versionInfo":"4.*.*","filesAnalyzed":false,"licenseDeclared":"NOASSERTION","licenseConcluded":"NOASSERTION","downloadLocation":"NOASSERTION","externalRefs":[{"referenceCategory":"PACKAGE-MANAGER","referenceLocator":"pkg:ACTIONS/actions/checkout@4.*.*","referenceType":"purl"}]},{"SPDXID":"SPDXRef-GITHUB_CODEQL_ACTION_ANALYZE","name":"github/codeql-action/analyze","versionInfo":"3.*.*","filesAnalyzed":false,"licenseDeclared":"NOASSERTION","licenseConcluded":"NOASSERTION","downloadLocation":"NOASSERTION","externalRefs":[{"referenceCategory":"PACKAGE-MANAGER","referenceLocator":"pkg:ACTIONS/github/codeql-action/analyze@3.*.*","referenceType":"purl"}]},{"SPDXID":"SPDXRef-GITHUB_CODEQL_ACTION_INIT","name":"github/codeql-action/init","versionInfo":"3.*.*","filesAnalyzed":false,"licenseDeclared":"NOASSERTION","licenseConcluded":"NOASSERTION","downloadLocation":"NOASSERTION","externalRefs":[{"referenceCategory":"PACKAGE-MANAGER","referenceLocator":"pkg:ACTIONS/github/codeql-action/init@3.*.*","referenceType":"purl"}]},{"SPDXID":"SPDXRef-DOCKER_BAKE_ACTION","name":"docker/bake-action","versionInfo":"6.*.*","filesAnalyzed":false,"licenseDeclared":"NOASSERTION","licenseConcluded":"NOASSERTION","downloadLocation":"NOASSERTION","externalRefs":[{"referenceCategory":"PACKAGE-MANAGER","referenceLocator":"pkg:ACTIONS/docker/bake-action@6.*.*","referenceType":"purl"}]},{"SPDXID":"SPDXRef-DOCKER_LOGIN_ACTION","name":"docker/login-action","versionInfo":"3.*.*","filesAnalyzed":false,"licenseDeclared":"NOASSERTION","licenseConcluded":"NOASSERTION","downloadLocation":"NOASSERTION","externalRefs":[{"referenceCategory":"PACKAGE-MANAGER","referenceLocator":"pkg:ACTIONS/docker/login-action@3.*.*","referenceType":"purl"}]},{"SPDXID":"SPDXRef-DOCKER_SETUP_BUILDX_ACTION","name":"docker/setup-buildx-action","versionInfo":"3.*.*","filesAnalyzed":false,"licenseDeclared":"NOASSERTION","licenseConcluded":"NOASSERTION","downloadLocation":"NOASSERTION","externalRefs":[{"referenceCategory":"PACKAGE-MANAGER","referenceLocator":"pkg:ACTIONS/docker/setup-buildx-action@3.*.*","referenceType":"purl"}]},{"SPDXID":"SPDXRef-DORNY_PATHS_FILTER","name":"dorny/paths-filter","versionInfo":"3.*.*","filesAnalyzed":false,"licenseDeclared":"NOASSERTION","licenseConcluded":"NOASSERTION","downloadLocation":"NOASSERTION","externalRefs":[{"referenceCategory":"PACKAGE-MANAGER","referenceLocator":"pkg:ACTIONS/dorny/paths-filter@3.*.*","referenceType":"purl"}]},{"SPDXID":"SPDXRef-ACTIONS_CHECKOUT","name":"actions/checkout","versionInfo":"4.*.*","filesAnalyzed":false,"licenseDeclared":"NOASSERTION","licenseConcluded":"NOASSERTION","downloadLocation":"NOASSERTION","externalRefs":[{"referenceCategory":"PACKAGE-MANAGER","referenceLocator":"pkg:ACTIONS/actions/checkout@4.*.*","referenceType":"purl"}]},{"SPDXID":"SPDXRef-ACTIONS_UPLOAD_ARTIFACT","name":"actions/upload-artifact","versionInfo":"4.*.*","filesAnalyzed":false,"licenseDeclared":"NOASSERTION","licenseConcluded":"NOASSERTION","downloadLocation":"NOASSERTION","externalRefs":[{"referenceCategory":"PACKAGE-MANAGER","referenceLocator":"pkg:ACTIONS/actions/upload-artifact@4.*.*","referenceType":"purl"}]},{"SPDXID":"SPDXRef-ACTIONS_LABELER","name":"actions/labeler","versionInfo":"5.*.*","filesAnalyzed":false,"licenseDeclared":"NOASSERTION","licenseConcluded":"NOASSERTION","downloadLocation":"NOASSERTION","externalRefs":[{"referenceCategory":"PACKAGE-MANAGER","referenceLocator":"pkg:ACTIONS/actions/labeler@5.*.*","referenceType":"purl"}]},{"SPDXID":"SPDXRef-ACTIONS_CHECKOUT","name":"actions/checkout","versionInfo":"4.*.*","filesAnalyzed":false,"licenseDeclared":"NOASSERTION","licenseConcluded":"NOASSERTION","downloadLocation":"NOASSERTION","externalRefs":[{"referenceCategory":"PACKAGE-MANAGER","referenceLocator":"pkg:ACTIONS/actions/checkout@4.*.*","referenceType":"purl"}]},{"SPDXID":"SPDXRef-ACTIONS_CHECKOUT","name":"actions/checkout","versionInfo":"4.*.*","filesAnalyzed":false,"licenseDeclared":"NOASSERTION","licenseConcluded":"NOASSERTION","downloadLocation":"NOASSERTION","externalRefs":[{"referenceCategory":"PACKAGE-MANAGER","referenceLocator":"pkg:ACTIONS/actions/checkout@4.*.*","referenceType":"purl"}]},{"SPDXID":"SPDXRef-ADVANCED_SECURITY_SBOM_GENERATOR_ACTION","name":"advanced-security/sbom-generator-action","versionInfo":"0.0.2","filesAnalyzed":false,"licenseDeclared":"NOASSERTION","licenseConcluded":"NOASSERTION","downloadLocation":"NOASSERTION","externalRefs":[{"referenceCategory":"PACKAGE-MANAGER","referenceLocator":"pkg:ACTIONS/advanced-security/sbom-generator-action@0.0.2","referenceType":"purl"}]},{"SPDXID":"SPDXRef-ACTIONS_CHECKOUT","name":"actions/checkout","versionInfo":"4.*.*","filesAnalyzed":false,"licenseDeclared":"NOASSERTION","licenseConcluded":"NOASSERTION","downloadLocation":"NOASSERTION","externalRefs":[{"referenceCategory":"PACKAGE-MANAGER","referenceLocator":"pkg:ACTIONS/actions/checkout@4.*.*","referenceType":"purl"}]},{"SPDXID":"SPDXRef-ACTIONS_UPLOAD_ARTIFACT","name":"actions/upload-artifact","versionInfo":"4.*.*","filesAnalyzed":false,"licenseDeclared":"NOASSERTION","licenseConcluded":"NOASSERTION","downloadLocation":"NOASSERTION","externalRefs":[{"referenceCategory":"PACKAGE-MANAGER","referenceLocator":"pkg:ACTIONS/actions/upload-artifact@4.*.*","referenceType":"purl"}]},{"SPDXID":"SPDXRef-ACTIONS_CHECKOUT","name":"actions/checkout","versionInfo":"4.*.*","filesAnalyzed":false,"licenseDeclared":"NOASSERTION","licenseConcluded":"NOASSERTION","downloadLocation":"NOASSERTION","externalRefs":[{"referenceCategory":"PACKAGE-MANAGER","referenceLocator":"pkg:ACTIONS/actions/checkout@4.*.*","referenceType":"purl"}]},{"SPDXID":"SPDXRef-ACTIONS_UPLOAD_ARTIFACT","name":"actions/upload-artifact","versionInfo":"4.*.*","filesAnalyzed":false,"licenseDeclared":"NOASSERTION","licenseConcluded":"NOASSERTION","downloadLocation":"NOASSERTION","externalRefs":[{"referenceCategory":"PACKAGE-MANAGER","referenceLocator":"pkg:ACTIONS/actions/upload-artifact@4.*.*","referenceType":"purl"}]},{"SPDXID":"SPDXRef-ACTIONS_CHECKOUT","name":"actions/checkout","versionInfo":"4.*.*","filesAnalyzed":false,"licenseDeclared":"NOASSERTION","licenseConcluded":"NOASSERTION","downloadLocation":"NOASSERTION","externalRefs":[{"referenceCategory":"PACKAGE-MANAGER","referenceLocator":"pkg:ACTIONS/actions/checkout@4.*.*","referenceType":"purl"}]},{"SPDXID":"SPDXRef-ACTIONS_GITHUB_SCRIPT","name":"actions/github-script","versionInfo":"7.*.*","filesAnalyzed":false,"licenseDeclared":"NOASSERTION","licenseConcluded":"NOASSERTION","downloadLocation":"NOASSERTION","externalRefs":[{"referenceCategory":"PACKAGE-MANAGER","referenceLocator":"pkg:ACTIONS/actions/github-script@7.*.*","referenceType":"purl"}]},{"SPDXID":"SPDXRef-DORNY_PATHS_FILTER","name":"dorny/paths-filter","versionInfo":"3.*.*","filesAnalyzed":false,"licenseDeclared":"NOASSERTION","licenseConcluded":"NOASSERTION","downloadLocation":"NOASSERTION","externalRefs":[{"referenceCategory":"PACKAGE-MANAGER","referenceLocator":"pkg:ACTIONS/dorny/paths-filter@3.*.*","referenceType":"purl"}]},{"SPDXID":"SPDXRef-ACTIONS_CHECKOUT","name":"actions/checkout","versionInfo":"4.*.*","filesAnalyzed":false,"licenseDeclared":"NOASSERTION","licenseConcluded":"NOASSERTION","downloadLocation":"NOASSERTION","externalRefs":[{"referenceCategory":"PACKAGE-MANAGER","referenceLocator":"pkg:ACTIONS/actions/checkout@4.*.*","referenceType":"purl"}]},{"SPDXID":"SPDXRef-ACTIONS_UPLOAD_ARTIFACT","name":"actions/upload-artifact","versionInfo":"4.*.*","filesAnalyzed":false,"licenseDeclared":"NOASSERTION","licenseConcluded":"NOASSERTION","downloadLocation":"NOASSERTION","externalRefs":[{"referenceCategory":"PACKAGE-MANAGER","referenceLocator":"pkg:ACTIONS/actions/upload-artifact@4.*.*","referenceType":"purl"}]},{"SPDXID":"SPDXRef-DOCKER_BAKE_ACTION","name":"docker/bake-action","versionInfo":"6.*.*","filesAnalyzed":false,"licenseDeclared":"NOASSERTION","licenseConcluded":"NOASSERTION","downloadLocation":"NOASSERTION","externalRefs":[{"referenceCategory":"PACKAGE-MANAGER","referenceLocator":"pkg:ACTIONS/docker/bake-action@6.*.*","referenceType":"purl"}]},{"SPDXID":"SPDXRef-DOCKER_SETUP_BUILDX_ACTION","name":"docker/setup-buildx-action","versionInfo":"3.*.*","filesAnalyzed":false,"licenseDeclared":"NOASSERTION","licenseConcluded":"NOASSERTION","downloadLocation":"NOASSERTION","externalRefs":[{"referenceCategory":"PACKAGE-MANAGER","referenceLocator":"pkg:ACTIONS/docker/setup-buildx-action@3.*.*","referenceType":"purl"}]},{"SPDXID":"SPDXRef-ACTIONS_CHECKOUT","name":"actions/checkout","versionInfo":"4.*.*","filesAnalyzed":false,"licenseDeclared":"NOASSERTION","licenseConcluded":"NOASSERTION","downloadLocation":"NOASSERTION","externalRefs":[{"referenceCategory":"PACKAGE-MANAGER","referenceLocator":"pkg:ACTIONS/actions/checkout@4.*.*","referenceType":"purl"}]},{"SPDXID":"SPDXRef-ACTIONS_UPLOAD_ARTIFACT","name":"actions/upload-artifact","versionInfo":"4.*.*","filesAnalyzed":false,"licenseDeclared":"NOASSERTION","licenseConcluded":"NOASSERTION","downloadLocation":"NOASSERTION","externalRefs":[{"referenceCategory":"PACKAGE-MANAGER","referenceLocator":"pkg:ACTIONS/actions/upload-artifact@4.*.*","referenceType":"purl"}]},{"SPDXID":"SPDXRef-ACTIONS_CHECKOUT","name":"actions/checkout","versionInfo":"4.*.*","filesAnalyzed":false,"licenseDeclared":"NOASSERTION","licenseConcluded":"NOASSERTION","downloadLocation":"NOASSERTION","externalRefs":[{"referenceCategory":"PACKAGE-MANAGER","referenceLocator":"pkg:ACTIONS/actions/checkout@4.*.*","referenceType":"purl"}]},{"SPDXID":"SPDXRef-ACTIONS_UPLOAD_ARTIFACT","name":"actions/upload-artifact","versionInfo":"4.*.*","filesAnalyzed":false,"licenseDeclared":"NOASSERTION","licenseConcluded":"NOASSERTION","downloadLocation":"NOASSERTION","externalRefs":[{"referenceCategory":"PACKAGE-MANAGER","referenceLocator":"pkg:ACTIONS/actions/upload-artifact@4.*.*","referenceType":"purl"}]},{"SPDXID":"SPDXRef-DOCKER_BAKE_ACTION","name":"docker/bake-action","versionInfo":"6.*.*","filesAnalyzed":false,"licenseDeclared":"NOASSERTION","licenseConcluded":"NOASSERTION","downloadLocation":"NOASSERTION","externalRefs":[{"referenceCategory":"PACKAGE-MANAGER","referenceLocator":"pkg:ACTIONS/docker/bake-action@6.*.*","referenceType":"purl"}]},{"SPDXID":"SPDXRef-DOCKER_SETUP_BUILDX_ACTION","name":"docker/setup-buildx-action","versionInfo":"3.*.*","filesAnalyzed":false,"licenseDeclared":"NOASSERTION","licenseConcluded":"NOASSERTION","downloadLocation":"NOASSERTION","externalRefs":[{"referenceCategory":"PACKAGE-MANAGER","referenceLocator":"pkg:ACTIONS/docker/setup-buildx-action@3.*.*","referenceType":"purl"}]},{"SPDXID":"SPDXRef-ACTIONS_CHECKOUT","name":"actions/checkout","versionInfo":"4.*.*","filesAnalyzed":false,"licenseDeclared":"NOASSERTION","licenseConcluded":"NOASSERTION","downloadLocation":"NOASSERTION","externalRefs":[{"referenceCategory":"PACKAGE-MANAGER","referenceLocator":"pkg:ACTIONS/actions/checkout@4.*.*","referenceType":"purl"}]},{"SPDXID":"SPDXRef-ACTIONS_UPLOAD_ARTIFACT","name":"actions/upload-artifact","versionInfo":"4.*.*","filesAnalyzed":false,"licenseDeclared":"NOASSERTION","licenseConcluded":"NOASSERTION","downloadLocation":"NOASSERTION","externalRefs":[{"referenceCategory":"PACKAGE-MANAGER","referenceLocator":"pkg:ACTIONS/actions/upload-artifact@4.*.*","referenceType":"purl"}]},{"SPDXID":"SPDXRef-ACTIONS_CHECKOUT","name":"actions/checkout","versionInfo":"4.*.*","filesAnalyzed":false,"licenseDeclared":"NOASSERTION","licenseConcluded":"NOASSERTION","downloadLocation":"NOASSERTION","externalRefs":[{"referenceCategory":"PACKAGE-MANAGER","referenceLocator":"pkg:ACTIONS/actions/checkout@4.*.*","referenceType":"purl"}]},{"SPDXID":"SPDXRef-ACTIONS_UPLOAD_ARTIFACT","name":"actions/upload-artifact","versionInfo":"4.*.*","filesAnalyzed":false,"licenseDeclared":"NOASSERTION","licenseConcluded":"NOASSERTION","downloadLocation":"NOASSERTION","externalRefs":[{"referenceCategory":"PACKAGE-MANAGER","referenceLocator":"pkg:ACTIONS/actions/upload-artifact@4.*.*","referenceType":"purl"}]},{"SPDXID":"SPDXRef-ACTIONS_CHECKOUT","name":"actions/checkout","versionInfo":"4.*.*","filesAnalyzed":false,"licenseDeclared":"NOASSERTION","licenseConcluded":"NOASSERTION","downloadLocation":"NOASSERTION","externalRefs":[{"referenceCategory":"PACKAGE-MANAGER","referenceLocator":"pkg:ACTIONS/actions/checkout@4.*.*","referenceType":"purl"}]},{"SPDXID":"SPDXRef-ACTIONS_UPLOAD_ARTIFACT","name":"actions/upload-artifact","versionInfo":"4.*.*","filesAnalyzed":false,"licenseDeclared":"NOASSERTION","licenseConcluded":"NOASSERTION","downloadLocation":"NOASSERTION","externalRefs":[{"referenceCategory":"PACKAGE-MANAGER","referenceLocator":"pkg:ACTIONS/actions/upload-artifact@4.*.*","referenceType":"purl"}]},{"SPDXID":"SPDXRef-ACTIONS_CHECKOUT","name":"actions/checkout","versionInfo":"4.*.*","filesAnalyzed":false,"licenseDeclared":"NOASSERTION","licenseConcluded":"NOASSERTION","downloadLocation":"NOASSERTION","externalRefs":[{"referenceCategory":"PACKAGE-MANAGER","referenceLocator":"pkg:ACTIONS/actions/checkout@4.*.*","referenceType":"purl"}]},{"SPDXID":"SPDXRef-ACTIONS_UPLOAD_ARTIFACT","name":"actions/upload-artifact","versionInfo":"4.*.*","filesAnalyzed":false,"licenseDeclared":"NOASSERTION","licenseConcluded":"NOASSERTION","downloadLocation":"NOASSERTION","externalRefs":[{"referenceCategory":"PACKAGE-MANAGER","referenceLocator":"pkg:ACTIONS/actions/upload-artifact@4.*.*","referenceType":"purl"}]},{"SPDXID":"SPDXRef-ACTIONS_CHECKOUT","name":"actions/checkout","versionInfo":"4.*.*","filesAnalyzed":false,"licenseDeclared":"NOASSERTION","licenseConcluded":"NOASSERTION","downloadLocation":"NOASSERTION","externalRefs":[{"referenceCategory":"PACKAGE-MANAGER","referenceLocator":"pkg:ACTIONS/actions/checkout@4.*.*","referenceType":"purl"}]},{"SPDXID":"SPDXRef-ACTIONS_UPLOAD_ARTIFACT","name":"actions/upload-artifact","versionInfo":"4.*.*","filesAnalyzed":false,"licenseDeclared":"NOASSERTION","licenseConcluded":"NOASSERTION","downloadLocation":"NOASSERTION","externalRefs":[{"referenceCategory":"PACKAGE-MANAGER","referenceLocator":"pkg:ACTIONS/actions/upload-artifact@4.*.*","referenceType":"purl"}]},{"SPDXID":"SPDXRef-CODECOV_CODECOV_ACTION","name":"codecov/codecov-action","versionInfo":"5.*.*","filesAnalyzed":false,"licenseDeclared":"NOASSERTION","licenseConcluded":"NOASSERTION","downloadLocation":"NOASSERTION","externalRefs":[{"referenceCategory":"PACKAGE-MANAGER","referenceLocator":"pkg:ACTIONS/codecov/codecov-action@5.*.*","referenceType":"purl"}]},{"SPDXID":"SPDXRef-ACTIONS_CHECKOUT","name":"actions/checkout","versionInfo":"4.*.*","filesAnalyzed":false,"licenseDeclared":"NOASSERTION","licenseConcluded":"NOASSERTION","downloadLocation":"NOASSERTION","externalRefs":[{"referenceCategory":"PACKAGE-MANAGER","referenceLocator":"pkg:ACTIONS/actions/checkout@4.*.*","referenceType":"purl"}]},{"SPDXID":"SPDXRef-ACTIONS_UPLOAD_ARTIFACT","name":"actions/upload-artifact","versionInfo":"4.*.*","filesAnalyzed":false,"licenseDeclared":"NOASSERTION","licenseConcluded":"NOASSERTION","downloadLocation":"NOASSERTION","externalRefs":[{"referenceCategory":"PACKAGE-MANAGER","referenceLocator":"pkg:ACTIONS/actions/upload-artifact@4.*.*","referenceType":"purl"}]},{"SPDXID":"SPDXRef-CRAZY_MAX_GHACTION_CHOCOLATEY","name":"crazy-max/ghaction-chocolatey","versionInfo":"3.*.*","filesAnalyzed":false,"licenseDeclared":"NOASSERTION","licenseConcluded":"NOASSERTION","downloadLocation":"NOASSERTION","externalRefs":[{"referenceCategory":"PACKAGE-MANAGER","referenceLocator":"pkg:ACTIONS/crazy-max/ghaction-chocolatey@3.*.*","referenceType":"purl"}]},{"SPDXID":"SPDXRef-GUILLAUMEFALOURD_SETUP_WINDOWS10_SDK_ACTION","name":"GuillaumeFalourd/setup-windows10-sdk-action","versionInfo":"2.*.*","filesAnalyzed":false,"licenseDeclared":"NOASSERTION","licenseConcluded":"NOASSERTION","downloadLocation":"NOASSERTION","externalRefs":[{"referenceCategory":"PACKAGE-MANAGER","referenceLocator":"pkg:ACTIONS/GuillaumeFalourd/setup-windows10-sdk-action@2.*.*","referenceType":"purl"}]},{"SPDXID":"SPDXRef-ACTIONS_CHECKOUT","name":"actions/checkout","versionInfo":"4.*.*","filesAnalyzed":false,"licenseDeclared":"NOASSERTION","licenseConcluded":"NOASSERTION","downloadLocation":"NOASSERTION","externalRefs":[{"referenceCategory":"PACKAGE-MANAGER","referenceLocator":"pkg:ACTIONS/actions/checkout@4.*.*","referenceType":"purl"}]},{"SPDXID":"SPDXRef-ACTIONS_UPLOAD_ARTIFACT","name":"actions/upload-artifact","versionInfo":"4.*.*","filesAnalyzed":false,"licenseDeclared":"NOASSERTION","licenseConcluded":"NOASSERTION","downloadLocation":"NOASSERTION","externalRefs":[{"referenceCategory":"PACKAGE-MANAGER","referenceLocator":"pkg:ACTIONS/actions/upload-artifact@4.*.*","referenceType":"purl"}]},{"SPDXID":"SPDXRef-CRAZY_MAX_GHACTION_CHOCOLATEY","name":"crazy-max/ghaction-chocolatey","versionInfo":"3.*.*","filesAnalyzed":false,"licenseDeclared":"NOASSERTION","licenseConcluded":"NOASSERTION","downloadLocation":"NOASSERTION","externalRefs":[{"referenceCategory":"PACKAGE-MANAGER","referenceLocator":"pkg:ACTIONS/crazy-max/ghaction-chocolatey@3.*.*","referenceType":"purl"}]},{"SPDXID":"SPDXRef-GUILLAUMEFALOURD_SETUP_WINDOWS10_SDK_ACTION","name":"GuillaumeFalourd/setup-windows10-sdk-action","versionInfo":"2.*.*","filesAnalyzed":false,"licenseDeclared":"NOASSERTION","licenseConcluded":"NOASSERTION","downloadLocation":"NOASSERTION","externalRefs":[{"referenceCategory":"PACKAGE-MANAGER","referenceLocator":"pkg:ACTIONS/GuillaumeFalourd/setup-windows10-sdk-action@2.*.*","referenceType":"purl"}]},{"SPDXID":"SPDXRef-ACTIONS_CHECKOUT","name":"actions/checkout","versionInfo":"4.*.*","filesAnalyzed":false,"licenseDeclared":"NOASSERTION","licenseConcluded":"NOASSERTION","downloadLocation":"NOASSERTION","externalRefs":[{"referenceCategory":"PACKAGE-MANAGER","referenceLocator":"pkg:ACTIONS/actions/checkout@4.*.*","referenceType":"purl"}]},{"SPDXID":"SPDXRef-ACTIONS_CHECKOUT","name":"actions/checkout","versionInfo":"4.*.*","filesAnalyzed":false,"licenseDeclared":"NOASSERTION","licenseConcluded":"NOASSERTION","downloadLocation":"NOASSERTION","externalRefs":[{"referenceCategory":"PACKAGE-MANAGER","referenceLocator":"pkg:ACTIONS/actions/checkout@4.*.*","referenceType":"purl"}]},{"SPDXID":"SPDXRef-ACTIONS_UPLOAD_ARTIFACT","name":"actions/upload-artifact","versionInfo":"4.*.*","filesAnalyzed":false,"licenseDeclared":"NOASSERTION","licenseConcluded":"NOASSERTION","downloadLocation":"NOASSERTION","externalRefs":[{"referenceCategory":"PACKAGE-MANAGER","referenceLocator":"pkg:ACTIONS/actions/upload-artifact@4.*.*","referenceType":"purl"}]},{"SPDXID":"SPDXRef-ACTIONS_CHECKOUT","name":"actions/checkout","versionInfo":"4.*.*","filesAnalyzed":false,"licenseDeclared":"NOASSERTION","licenseConcluded":"NOASSERTION","downloadLocation":"NOASSERTION","externalRefs":[{"referenceCategory":"PACKAGE-MANAGER","referenceLocator":"pkg:ACTIONS/actions/checkout@4.*.*","referenceType":"purl"}]},{"SPDXID":"SPDXRef-ACTIONS_UPLOAD_ARTIFACT","name":"actions/upload-artifact","versionInfo":"4.*.*","filesAnalyzed":false,"licenseDeclared":"NOASSERTION","licenseConcluded":"NOASSERTION","downloadLocation":"NOASSERTION","externalRefs":[{"referenceCategory":"PACKAGE-MANAGER","referenceLocator":"pkg:ACTIONS/actions/upload-artifact@4.*.*","referenceType":"purl"}]},{"SPDXID":"SPDXRef-ACTIONS_CHECKOUT","name":"actions/checkout","versionInfo":"4.*.*","filesAnalyzed":false,"licenseDeclared":"NOASSERTION","licenseConcluded":"NOASSERTION","downloadLocation":"NOASSERTION","externalRefs":[{"referenceCategory":"PACKAGE-MANAGER","referenceLocator":"pkg:ACTIONS/actions/checkout@4.*.*","referenceType":"purl"}]},{"SPDXID":"SPDXRef-ACTIONS_CHECKOUT","name":"actions/checkout","versionInfo":"3.*.*","filesAnalyzed":false,"licenseDeclared":"NOASSERTION","licenseConcluded":"NOASSERTION","downloadLocation":"NOASSERTION","externalRefs":[{"referenceCategory":"PACKAGE-MANAGER","referenceLocator":"pkg:ACTIONS/actions/checkout@3.*.*","referenceType":"purl"}]},{"SPDXID":"SPDXRef-ACTIONS_CHECKOUT","name":"actions/checkout","versionInfo":"4.*.*","filesAnalyzed":false,"licenseDeclared":"NOASSERTION","licenseConcluded":"NOASSERTION","downloadLocation":"NOASSERTION","externalRefs":[{"referenceCategory":"PACKAGE-MANAGER","referenceLocator":"pkg:ACTIONS/actions/checkout@4.*.*","referenceType":"purl"}]},{"SPDXID":"SPDXRef-ACTIONS_CHECKOUT","name":"actions/checkout","versionInfo":"3.*.*","filesAnalyzed":false,"licenseDeclared":"NOASSERTION","licenseConcluded":"NOASSERTION","downloadLocation":"NOASSERTION","externalRefs":[{"referenceCategory":"PACKAGE-MANAGER","referenceLocator":"pkg:ACTIONS/actions/checkout@3.*.*","referenceType":"purl"}]},{"SPDXID":"SPDXRef-ACTIONS_CHECKOUT","name":"actions/checkout","versionInfo":"3.*.*","filesAnalyzed":false,"licenseDeclared":"NOASSERTION","licenseConcluded":"NOASSERTION","downloadLocation":"NOASSERTION","externalRefs":[{"referenceCategory":"PACKAGE-MANAGER","referenceLocator":"pkg:ACTIONS/actions/checkout@3.*.*","referenceType":"purl"}]},{"SPDXID":"SPDXRef-ACTIONS_SETUP_PYTHON","name":"actions/setup-python","versionInfo":"5.*.*","filesAnalyzed":false,"licenseDeclared":"NOASSERTION","licenseConcluded":"NOASSERTION","downloadLocation":"NOASSERTION","externalRefs":[{"referenceCategory":"PACKAGE-MANAGER","referenceLocator":"pkg:ACTIONS/actions/setup-python@5.*.*","referenceType":"purl"}]},{"SPDXID":"SPDXRef-ACTIONS_CHECKOUT","name":"actions/checkout","versionInfo":"4.*.*","filesAnalyzed":false,"licenseDeclared":"NOASSERTION","licenseConcluded":"NOASSERTION","downloadLocation":"NOASSERTION","externalRefs":[{"referenceCategory":"PACKAGE-MANAGER","referenceLocator":"pkg:ACTIONS/actions/checkout@4.*.*","referenceType":"purl"}]},{"SPDXID":"SPDXRef-ACTIONS_SETUP_PYTHON","name":"actions/setup-python","versionInfo":"5.*.*","filesAnalyzed":false,"licenseDeclared":"NOASSERTION","licenseConcluded":"NOASSERTION","downloadLocation":"NOASSERTION","externalRefs":[{"referenceCategory":"PACKAGE-MANAGER","referenceLocator":"pkg:ACTIONS/actions/setup-python@5.*.*","referenceType":"purl"}]},{"SPDXID":"SPDXRef-CRAZY_MAX_GHACTION_CHOCOLATEY","name":"crazy-max/ghaction-chocolatey","versionInfo":"3.*.*","filesAnalyzed":false,"licenseDeclared":"NOASSERTION","licenseConcluded":"NOASSERTION","downloadLocation":"NOASSERTION","externalRefs":[{"referenceCategory":"PACKAGE-MANAGER","referenceLocator":"pkg:ACTIONS/crazy-max/ghaction-chocolatey@3.*.*","referenceType":"purl"}]},{"SPDXID":"SPDXRef-GUILLAUMEFALOURD_SETUP_WINDOWS10_SDK_ACTION","name":"GuillaumeFalourd/setup-windows10-sdk-action","versionInfo":"2.*.*","filesAnalyzed":false,"licenseDeclared":"NOASSERTION","licenseConcluded":"NOASSERTION","downloadLocation":"NOASSERTION","externalRefs":[{"referenceCategory":"PACKAGE-MANAGER","referenceLocator":"pkg:ACTIONS/GuillaumeFalourd/setup-windows10-sdk-action@2.*.*","referenceType":"purl"}]},{"SPDXID":"SPDXRef-VEDANTMGOYAL9_WINGET_RELEASER","name":"vedantmgoyal9/winget-releaser","versionInfo":"main","filesAnalyzed":false,"licenseDeclared":"NOASSERTION","licenseConcluded":"NOASSERTION","downloadLocation":"NOASSERTION","externalRefs":[{"referenceCategory":"PACKAGE-MANAGER","referenceLocator":"pkg:ACTIONS/vedantmgoyal9/winget-releaser@main","referenceType":"purl"}]},{"SPDXID":"SPDXRef-ANYHOW","name":"anyhow","versionInfo":"1.0.22,< 2.0.0","filesAnalyzed":false,"licenseDeclared":"NOASSERTION","licenseConcluded":"NOASSERTION","downloadLocation":"NOASSERTION","externalRefs":[{"referenceCategory":"PACKAGE-MANAGER","referenceLocator":"pkg:RUST/anyhow@1.0.22,< 2.0.0","referenceType":"purl"}]},{"SPDXID":"SPDXRef-CLAP","name":"clap","versionInfo":"2.23.0,< 3.0.0","filesAnalyzed":false,"licenseDeclared":"NOASSERTION","licenseConcluded":"NOASSERTION","downloadLocation":"NOASSERTION","externalRefs":[{"referenceCategory":"PACKAGE-MANAGER","referenceLocator":"pkg:RUST/clap@2.23.0,< 3.0.0","referenceType":"purl"}]},{"SPDXID":"SPDXRef-DIFF","name":"diff","versionInfo":"0.1.11,< 0.2.0","filesAnalyzed":false,"licenseDeclared":"NOASSERTION","licenseConcluded":"NOASSERTION","downloadLocation":"NOASSERTION","externalRefs":[{"referenceCategory":"PACKAGE-MANAGER","referenceLocator":"pkg:RUST/diff@0.1.11,< 0.2.0","referenceType":"purl"}]},{"SPDXID":"SPDXRef-HECK","name":"heck","versionInfo":"0.3.1,< 0.4.0","filesAnalyzed":false,"licenseDeclared":"NOASSERTION","licenseConcluded":"NOASSERTION","downloadLocation":"NOASSERTION","externalRefs":[{"referenceCategory":"PACKAGE-MANAGER","referenceLocator":"pkg:RUST/heck@0.3.1,< 0.4.0","referenceType":"purl"}]},{"SPDXID":"SPDXRef-WITX","name":"witx","versionInfo":"0.9.0,< 0.10.0","filesAnalyzed":false,"licenseDeclared":"NOASSERTION","licenseConcluded":"NOASSERTION","downloadLocation":"NOASSERTION","externalRefs":[{"referenceCategory":"PACKAGE-MANAGER","referenceLocator":"pkg:RUST/witx@0.9.0,< 0.10.0","referenceType":"purl"}]}]}